Record ID,Manufacturer,Manufacturer Part Number,Provider,Status,Message,Knowledge Base Paths,PDCPartProfile Path
PMR-000001,Microchip Technology,MCP3202T-CI/SN,DigiKey,Already Cached,,Knowledge_Base\Current\DigiKey\Product_Details\Microchip_Technology__MCP3202T-CI_SN.json,output\provider_profiles\DIGIKEY__Microchip_Technology__MCP3202T-CI_SN.json
PMR-000001,Microchip Technology,MCP3202T-CI/SN,TME,Already Cached,,Knowledge_Base\Current\TME\Product_Search\Microchip_Technology__MCP3202T-CI_SN.json | Knowledge_Base\Current\TME\Product_Data\Microchip_Technology__MCP3202T-CI_SN.json | Knowledge_Base\Current\TME\Product_Parameters\Microchip_Technology__MCP3202T-CI_SN.json,output\provider_profiles\TME__Microchip_Technology__MCP3202T-CI_SN.json
PMR-000001,Microchip Technology,MCP3202T-CI/SN,Mouser,Already Cached,,Knowledge_Base\Current\Mouser\Part_Number_Search\Microchip_Technology__MCP3202T-CI_SN.json,output\provider_profiles\MOUSER__Microchip_Technology__MCP3202T-CI_SN.json
PMR-000002,Microchip Technology,MCP3221A5T-E/OT,DigiKey,Already Cached,,Knowledge_Base\Current\DigiKey\Product_Details\Microchip_Technology__MCP3221A5T-E_OT.json,output\provider_profiles\DIGIKEY__Microchip_Technology__MCP3221A5T-E_OT.json
PMR-000002,Microchip Technology,MCP3221A5T-E/OT,TME,Already Cached,,Knowledge_Base\Current\TME\Product_Search\Microchip_Technology__MCP3221A5T-E_OT.json | Knowledge_Base\Current\TME\Product_Data\Microchip_Technology__MCP3221A5T-E_OT.json | Knowledge_Base\Current\TME\Product_Parameters\Microchip_Technology__MCP3221A5T-E_OT.json,output\provider_profiles\TME__Microchip_Technology__MCP3221A5T-E_OT.json
PMR-000002,Microchip Technology,MCP3221A5T-E/OT,Mouser,Already Cached,,Knowledge_Base\Current\Mouser\Part_Number_Search\Microchip_Technology__MCP3221A5T-E_OT.json,output\provider_profiles\MOUSER__Microchip_Technology__MCP3221A5T-E_OT.json
PMR-000003,Texas Instruments,ADS1015IDGSR,DigiKey,Already Cached,,Knowledge_Base\Current\DigiKey\Product_Details\Texas_Instruments__ADS1015IDGSR.json,output\provider_profiles\DIGIKEY__Texas_Instruments__ADS1015IDGSR.json
PMR-000003,Texas Instruments,ADS1015IDGSR,TME,Already Cached,,Knowledge_Base\Current\TME\Product_Search\Texas_Instruments__ADS1015IDGSR.json | Knowledge_Base\Current\TME\Product_Data\Texas_Instruments__ADS1015IDGSR.json | Knowledge_Base\Current\TME\Product_Parameters\Texas_Instruments__ADS1015IDGSR.json,output\provider_profiles\TME__Texas_Instruments__ADS1015IDGSR.json
PMR-000003,Texas Instruments,ADS1015IDGSR,Mouser,Already Cached,,Knowledge_Base\Current\Mouser\Part_Number_Search\Texas_Instruments__ADS1015IDGSR.json,output\provider_profiles\MOUSER__Texas_Instruments__ADS1015IDGSR.json
PMR-000004,Texas Instruments,ADC121C021CIMM/NOPB,DigiKey,Already Cached,,Knowledge_Base\Current\DigiKey\Product_Details\Texas_Instruments__ADC121C021CIMM_NOPB.json,output\provider_profiles\DIGIKEY__Texas_Instruments__ADC121C021CIMM_NOPB.json
PMR-000004,Texas Instruments,ADC121C021CIMM/NOPB,TME,Already Cached,,Knowledge_Base\Current\TME\Product_Search\Texas_Instruments__ADC121C021CIMM_NOPB.json | Knowledge_Base\Current\TME\Product_Data\Texas_Instruments__ADC121C021CIMM_NOPB.json | Knowledge_Base\Current\TME\Product_Parameters\Texas_Instruments__ADC121C021CIMM_NOPB.json,output\provider_profiles\TME__Texas_Instruments__ADC121C021CIMM_NOPB.json
PMR-000004,Texas Instruments,ADC121C021CIMM/NOPB,Mouser,Already Cached,,Knowledge_Base\Current\Mouser\Part_Number_Search\Texas_Instruments__ADC121C021CIMM_NOPB.json,output\provider_profiles\MOUSER__Texas_Instruments__ADC121C021CIMM_NOPB.json
PMR-000005,Microchip Technology,MCP3464RT-E/NC,DigiKey,Already Cached,,Knowledge_Base\Current\DigiKey\Product_Details\Microchip_Technology__MCP3464RT-E_NC.json,output\provider_profiles\DIGIKEY__Microchip_Technology__MCP3464RT-E_NC.json
PMR-000005,Microchip Technology,MCP3464RT-E/NC,TME,Already Cached,,Knowledge_Base\Current\TME\Product_Search\Microchip_Technology__MCP3464RT-E_NC.json | Knowledge_Base\Current\TME\Product_Data\Microchip_Technology__MCP3464RT-E_NC.json | Knowledge_Base\Current\TME\Product_Parameters\Microchip_Technology__MCP3464RT-E_NC.json,output\provider_profiles\TME__Microchip_Technology__MCP3464RT-E_NC.json
PMR-000005,Microchip Technology,MCP3464RT-E/NC,Mouser,Already Cached,,Knowledge_Base\Current\Mouser\Part_Number_Search\Microchip_Technology__MCP3464RT-E_NC.json,output\provider_profiles\MOUSER__Microchip_Technology__MCP3464RT-E_NC.json
PMR-000006,TI,ADS1232IPW,DigiKey,Already Cached,,Knowledge_Base\Current\DigiKey\Product_Details\TI__ADS1232IPW.json,output\provider_profiles\DIGIKEY__TI__ADS1232IPW.json
PMR-000006,TI,ADS1232IPW,TME,Already Cached,,Knowledge_Base\Current\TME\Product_Search\TEXAS_INSTRUMENTS__ADS1232IPW.json | Knowledge_Base\Current\TME\Product_Data\TEXAS_INSTRUMENTS__ADS1232IPW.json | Knowledge_Base\Current\TME\Product_Parameters\TEXAS_INSTRUMENTS__ADS1232IPW.json,output\provider_profiles\TME__TI__ADS1232IPW.json
PMR-000006,TI,ADS1232IPW,Mouser,Already Cached,,Knowledge_Base\Current\Mouser\Part_Number_Search\TI__ADS1232IPW.json,output\provider_profiles\MOUSER__TI__ADS1232IPW.json
PMR-000007,TDK Corporation,PS1440P02BT,DigiKey,Already Cached,,Knowledge_Base\Current\DigiKey\Product_Details\TDK_Corporation__PS1440P02BT.json,output\provider_profiles\DIGIKEY__TDK_Corporation__PS1440P02BT.json
PMR-000007,TDK Corporation,PS1440P02BT,TME,Not Found,TME returned no products,Knowledge_Base\Current\TME\Product_Search\TDK_Corporation__PS1440P02BT.json,
PMR-000007,TDK Corporation,PS1440P02BT,Mouser,Already Cached,,Knowledge_Base\Current\Mouser\Part_Number_Search\TDK_Corporation__PS1440P02BT.json,output\provider_profiles\MOUSER__TDK_Corporation__PS1440P02BT.json
PMR-000008,MPD (Memory Protection Devices),BK-920,DigiKey,Already Cached,,Knowledge_Base\Current\DigiKey\Product_Details\MPD_Memory_Protection_Devices__BK-920.json,output\provider_profiles\DIGIKEY__MPD_Memory_Protection_Devices__BK-920.json
PMR-000008,MPD (Memory Protection Devices),BK-920,TME,Already Cached,,Knowledge_Base\Current\TME\Product_Search\B_K_PRECISION__BK-920.json | Knowledge_Base\Current\TME\Product_Data\B_K_PRECISION__BK-920.json | Knowledge_Base\Current\TME\Product_Parameters\B_K_PRECISION__BK-920.json,output\provider_profiles\TME__MPD_Memory_Protection_Devices__BK-920.json
PMR-000008,MPD (Memory Protection Devices),BK-920,Mouser,Not Found,Mouser returned no parts,Knowledge_Base\Current\Mouser\Part_Number_Search\MPD_Memory_Protection_Devices__BK-920.json,
PMR-000009,TE Connectivity,BAT-HLD-001-THM,DigiKey,Already Cached,,Knowledge_Base\Current\DigiKey\Product_Details\TE_Connectivity__BAT-HLD-001-THM.json,output\provider_profiles\DIGIKEY__TE_Connectivity__BAT-HLD-001-THM.json
PMR-000009,TE Connectivity,BAT-HLD-001-THM,TME,Already Cached,,Knowledge_Base\Current\TME\Product_Search\LINX_TECHNOLOGIES_TE_Connectivity__BAT-HLD-001-THM.json | Knowledge_Base\Current\TME\Product_Data\LINX_TECHNOLOGIES_TE_Connectivity__BAT-HLD-001-THM.json | Knowledge_Base\Current\TME\Product_Parameters\LINX_TECHNOLOGIES_TE_Connectivity__BAT-HLD-001-THM.json,output\provider_profiles\TME__TE_Connectivity__BAT-HLD-001-THM.json
PMR-000009,TE Connectivity,BAT-HLD-001-THM,Mouser,Already Cached,,Knowledge_Base\Current\Mouser\Part_Number_Search\TE_Connectivity__BAT-HLD-001-THM.json,output\provider_profiles\MOUSER__TE_Connectivity__BAT-HLD-001-THM.json
PMR-000010,onsemi,BC847BLT3G,DigiKey,Already Cached,,Knowledge_Base\Current\DigiKey\Product_Details\onsemi__BC847BLT3G.json,output\provider_profiles\DIGIKEY__onsemi__BC847BLT3G.json
PMR-000010,onsemi,BC847BLT3G,TME,Already Cached,,Knowledge_Base\Current\TME\Product_Search\onsemi__BC847BLT3G.json | Knowledge_Base\Current\TME\Product_Data\onsemi__BC847BLT3G.json | Knowledge_Base\Current\TME\Product_Parameters\onsemi__BC847BLT3G.json,output\provider_profiles\TME__onsemi__BC847BLT3G.json
PMR-000010,onsemi,BC847BLT3G,Mouser,Already Cached,,Knowledge_Base\Current\Mouser\Part_Number_Search\onsemi__BC847BLT3G.json,output\provider_profiles\MOUSER__onsemi__BC847BLT3G.json
PMR-000011,Wurth,885012006004,DigiKey,Downloaded,,Knowledge_Base\Current\DigiKey\Product_Details\Wurth__885012006004.json,output\provider_profiles\DIGIKEY__Wurth__885012006004.json
PMR-000011,Wurth,885012006004,TME,Not Found,TME returned no products,Knowledge_Base\Current\TME\Product_Search\Wurth__885012006004.json,
PMR-000011,Wurth,885012006004,Mouser,Downloaded,,Knowledge_Base\Current\Mouser\Part_Number_Search\Wurth__885012006004.json,output\provider_profiles\MOUSER__Wurth__885012006004.json
PMR-000012,Würth Elektronik,885012007002,DigiKey,Downloaded,,Knowledge_Base\Current\DigiKey\Product_Details\W_rth_Elektronik__885012007002.json,output\provider_profiles\DIGIKEY__W_rth_Elektronik__885012007002.json
PMR-000012,Würth Elektronik,885012007002,TME,Not Found,TME returned no products,Knowledge_Base\Current\TME\Product_Search\W_rth_Elektronik__885012007002.json,
PMR-000012,Würth Elektronik,885012007002,Mouser,Downloaded,,Knowledge_Base\Current\Mouser\Part_Number_Search\W_rth_Elektronik__885012007002.json,output\provider_profiles\MOUSER__W_rth_Elektronik__885012007002.json
PMR-000013,Samsung Electro-Mechanics,CL10C270JB8NNNC,DigiKey,Downloaded,,Knowledge_Base\Current\DigiKey\Product_Details\Samsung_Electro-Mechanics__CL10C270JB8NNNC.json,output\provider_profiles\DIGIKEY__Samsung_Electro-Mechanics__CL10C270JB8NNNC.json
PMR-000013,Samsung Electro-Mechanics,CL10C270JB8NNNC,TME,Downloaded,,Knowledge_Base\Current\TME\Product_Search\SAMSUNG__CL10C270JB8NNNC.json | Knowledge_Base\Current\TME\Product_Data\SAMSUNG__CL10C270JB8NNNC.json | Knowledge_Base\Current\TME\Product_Parameters\SAMSUNG__CL10C270JB8NNNC.json,output\provider_profiles\TME__Samsung_Electro-Mechanics__CL10C270JB8NNNC.json
PMR-000013,Samsung Electro-Mechanics,CL10C270JB8NNNC,Mouser,Downloaded,,Knowledge_Base\Current\Mouser\Part_Number_Search\Samsung_Electro-Mechanics__CL10C270JB8NNNC.json,output\provider_profiles\MOUSER__Samsung_Electro-Mechanics__CL10C270JB8NNNC.json
PMR-000014,Wurth,885012006054,DigiKey,Downloaded,,Knowledge_Base\Current\DigiKey\Product_Details\Wurth__885012006054.json,output\provider_profiles\DIGIKEY__Wurth__885012006054.json
PMR-000014,Wurth,885012006054,TME,Not Found,TME returned no products,Knowledge_Base\Current\TME\Product_Search\Wurth__885012006054.json,
PMR-000014,Wurth,885012006054,Mouser,Downloaded,,Knowledge_Base\Current\Mouser\Part_Number_Search\Wurth__885012006054.json,output\provider_profiles\MOUSER__Wurth__885012006054.json
PMR-000015,Murata,GRM1555C1H470JA01D,DigiKey,Downloaded,,Knowledge_Base\Current\DigiKey\Product_Details\Murata__GRM1555C1H470JA01D.json,output\provider_profiles\DIGIKEY__Murata__GRM1555C1H470JA01D.json
PMR-000015,Murata,GRM1555C1H470JA01D,TME,Downloaded,,Knowledge_Base\Current\TME\Product_Search\MURATA__GRM1555C1H470JA01D.json | Knowledge_Base\Current\TME\Product_Data\MURATA__GRM1555C1H470JA01D.json | Knowledge_Base\Current\TME\Product_Parameters\MURATA__GRM1555C1H470JA01D.json,output\provider_profiles\TME__Murata__GRM1555C1H470JA01D.json
PMR-000015,Murata,GRM1555C1H470JA01D,Mouser,Downloaded,,Knowledge_Base\Current\Mouser\Part_Number_Search\Murata__GRM1555C1H470JA01D.json,output\provider_profiles\MOUSER__Murata__GRM1555C1H470JA01D.json
PMR-000016,Wurth,885012206077,DigiKey,Downloaded,,Knowledge_Base\Current\DigiKey\Product_Details\Wurth__885012206077.json,output\provider_profiles\DIGIKEY__Wurth__885012206077.json
PMR-000016,Wurth,885012206077,TME,Not Found,TME returned no products,Knowledge_Base\Current\TME\Product_Search\Wurth__885012206077.json,
PMR-000016,Wurth,885012206077,Mouser,Downloaded,,Knowledge_Base\Current\Mouser\Part_Number_Search\Wurth__885012206077.json,output\provider_profiles\MOUSER__Wurth__885012206077.json
PMR-000017,Yageo,CC0805JRNPO9BN101,DigiKey,Downloaded,,Knowledge_Base\Current\DigiKey\Product_Details\Yageo__CC0805JRNPO9BN101.json,output\provider_profiles\DIGIKEY__Yageo__CC0805JRNPO9BN101.json
PMR-000017,Yageo,CC0805JRNPO9BN101,TME,Downloaded,,Knowledge_Base\Current\TME\Product_Search\YAGEO__CC0805JRNPO9BN101.json | Knowledge_Base\Current\TME\Product_Data\YAGEO__CC0805JRNPO9BN101.json | Knowledge_Base\Current\TME\Product_Parameters\YAGEO__CC0805JRNPO9BN101.json,output\provider_profiles\TME__Yageo__CC0805JRNPO9BN101.json
PMR-000017,Yageo,CC0805JRNPO9BN101,Mouser,Downloaded,,Knowledge_Base\Current\Mouser\Part_Number_Search\Yageo__CC0805JRNPO9BN101.json,output\provider_profiles\MOUSER__Yageo__CC0805JRNPO9BN101.json
PMR-000018,Wurth,885012006010,DigiKey,Downloaded,,Knowledge_Base\Current\DigiKey\Product_Details\Wurth__885012006010.json,output\provider_profiles\DIGIKEY__Wurth__885012006010.json
PMR-000018,Wurth,885012006010,TME,Not Found,TME returned no products,Knowledge_Base\Current\TME\Product_Search\Wurth__885012006010.json,
PMR-000018,Wurth,885012006010,Mouser,Downloaded,,Knowledge_Base\Current\Mouser\Part_Number_Search\Wurth__885012006010.json,output\provider_profiles\MOUSER__Wurth__885012006010.json
PMR-000019,Walsin Technology Corporation,0603B561J100CT,DigiKey,Downloaded,,Knowledge_Base\Current\DigiKey\Product_Details\Walsin_Technology_Corporation__0603B561J100CT.json,output\provider_profiles\DIGIKEY__Walsin_Technology_Corporation__0603B561J100CT.json
PMR-000019,Walsin Technology Corporation,0603B561J100CT,TME,Not Found,TME returned no products,Knowledge_Base\Current\TME\Product_Search\Walsin_Technology_Corporation__0603B561J100CT.json,
PMR-000019,Walsin Technology Corporation,0603B561J100CT,Mouser,Downloaded,,Knowledge_Base\Current\Mouser\Part_Number_Search\Walsin_Technology_Corporation__0603B561J100CT.json,output\provider_profiles\MOUSER__Walsin_Technology_Corporation__0603B561J100CT.json
PMR-000020,KEMET,C0805C561J4HAC7800,DigiKey,Failed,"RuntimeError: DigiKey 404: 
            {
                ""type"": ""https://tools.ietf.org/html/rfc7231#section-6.5.4"",
                ""title"": ""Not Found"",
                ""status"": 404,
                ""detail"": ""Requested Product c0805c561j4hac7800 Not Found"",
                ""instance"": """",
                ""correlationId"": ""16d1d2a4-b84f-44de-8188-a21118ac2f7b"",
                ""errors"": []
            }
        ",,
PMR-000020,KEMET,C0805C561J4HAC7800,TME,Not Found,TME returned no products,Knowledge_Base\Current\TME\Product_Search\KEMET__C0805C561J4HAC7800.json,
PMR-000020,KEMET,C0805C561J4HAC7800,Mouser,Downloaded,,Knowledge_Base\Current\Mouser\Part_Number_Search\KEMET__C0805C561J4HAC7800.json,output\provider_profiles\MOUSER__KEMET__C0805C561J4HAC7800.json
PMR-000021,Wurth,885012206034,DigiKey,Downloaded,,Knowledge_Base\Current\DigiKey\Product_Details\Wurth__885012206034.json,output\provider_profiles\DIGIKEY__Wurth__885012206034.json
PMR-000021,Wurth,885012206034,TME,Not Found,TME returned no products,Knowledge_Base\Current\TME\Product_Search\Wurth__885012206034.json,
PMR-000021,Wurth,885012206034,Mouser,Downloaded,,Knowledge_Base\Current\Mouser\Part_Number_Search\Wurth__885012206034.json,output\provider_profiles\MOUSER__Wurth__885012206034.json
PMR-000022,Würth Elektronik,885012007008,DigiKey,Downloaded,,Knowledge_Base\Current\DigiKey\Product_Details\W_rth_Elektronik__885012007008.json,output\provider_profiles\DIGIKEY__W_rth_Elektronik__885012007008.json
PMR-000022,Würth Elektronik,885012007008,TME,Not Found,TME returned no products,Knowledge_Base\Current\TME\Product_Search\W_rth_Elektronik__885012007008.json,
PMR-000022,Würth Elektronik,885012007008,Mouser,Downloaded,,Knowledge_Base\Current\Mouser\Part_Number_Search\W_rth_Elektronik__885012007008.json,output\provider_profiles\MOUSER__W_rth_Elektronik__885012007008.json
PMR-000023,EPCOS - TDK Electronics,B32529C8102K289,DigiKey,Downloaded,,Knowledge_Base\Current\DigiKey\Product_Details\EPCOS_-_TDK_Electronics__B32529C8102K289.json,output\provider_profiles\DIGIKEY__EPCOS_-_TDK_Electronics__B32529C8102K289.json
PMR-000023,EPCOS - TDK Electronics,B32529C8102K289,TME,Downloaded,,Knowledge_Base\Current\TME\Product_Search\TDK__B32529C8102K289.json | Knowledge_Base\Current\TME\Product_Data\TDK__B32529C8102K289.json | Knowledge_Base\Current\TME\Product_Parameters\TDK__B32529C8102K289.json,output\provider_profiles\TME__EPCOS_-_TDK_Electronics__B32529C8102K289.json
PMR-000023,EPCOS - TDK Electronics,B32529C8102K289,Mouser,Downloaded,,Knowledge_Base\Current\Mouser\Part_Number_Search\EPCOS_-_TDK_Electronics__B32529C8102K289.json,output\provider_profiles\MOUSER__EPCOS_-_TDK_Electronics__B32529C8102K289.json
PMR-000024,Würth Elektronik,885012207062,DigiKey,Downloaded,,Knowledge_Base\Current\DigiKey\Product_Details\W_rth_Elektronik__885012207062.json,output\provider_profiles\DIGIKEY__W_rth_Elektronik__885012207062.json
PMR-000024,Würth Elektronik,885012207062,TME,Not Found,TME returned no products,Knowledge_Base\Current\TME\Product_Search\W_rth_Elektronik__885012207062.json,
PMR-000024,Würth Elektronik,885012207062,Mouser,Downloaded,,Knowledge_Base\Current\Mouser\Part_Number_Search\W_rth_Elektronik__885012207062.json,output\provider_profiles\MOUSER__W_rth_Elektronik__885012207062.json
PMR-000025,YAGEO,CC0402KRX7R9BB103,DigiKey,Downloaded,,Knowledge_Base\Current\DigiKey\Product_Details\YAGEO__CC0402KRX7R9BB103.json,output\provider_profiles\DIGIKEY__YAGEO__CC0402KRX7R9BB103.json
PMR-000025,YAGEO,CC0402KRX7R9BB103,TME,Downloaded,,Knowledge_Base\Current\TME\Product_Search\YAGEO__CC0402KRX7R9BB103.json | Knowledge_Base\Current\TME\Product_Data\YAGEO__CC0402KRX7R9BB103.json | Knowledge_Base\Current\TME\Product_Parameters\YAGEO__CC0402KRX7R9BB103.json,output\provider_profiles\TME__YAGEO__CC0402KRX7R9BB103.json
PMR-000025,YAGEO,CC0402KRX7R9BB103,Mouser,Downloaded,,Knowledge_Base\Current\Mouser\Part_Number_Search\YAGEO__CC0402KRX7R9BB103.json,output\provider_profiles\MOUSER__YAGEO__CC0402KRX7R9BB103.json
PMR-000026,Wurth,885012206014,DigiKey,Downloaded,,Knowledge_Base\Current\DigiKey\Product_Details\Wurth__885012206014.json,output\provider_profiles\DIGIKEY__Wurth__885012206014.json
PMR-000026,Wurth,885012206014,TME,Not Found,TME returned no products,Knowledge_Base\Current\TME\Product_Search\Wurth__885012206014.json,
PMR-000026,Wurth,885012206014,Mouser,Downloaded,,Knowledge_Base\Current\Mouser\Part_Number_Search\Wurth__885012206014.json,output\provider_profiles\MOUSER__Wurth__885012206014.json
PMR-000027,KEMET,C0805C103J4RECAUTO7210,DigiKey,Downloaded,,Knowledge_Base\Current\DigiKey\Product_Details\KEMET__C0805C103J4RECAUTO7210.json,output\provider_profiles\DIGIKEY__KEMET__C0805C103J4RECAUTO7210.json
PMR-000027,KEMET,C0805C103J4RECAUTO7210,TME,Not Found,TME returned no products,Knowledge_Base\Current\TME\Product_Search\KEMET__C0805C103J4RECAUTO7210.json,
PMR-000027,KEMET,C0805C103J4RECAUTO7210,Mouser,Downloaded,,Knowledge_Base\Current\Mouser\Part_Number_Search\KEMET__C0805C103J4RECAUTO7210.json,output\provider_profiles\MOUSER__KEMET__C0805C103J4RECAUTO7210.json
PMR-000028,KEMET,R413I21000000M,DigiKey,Downloaded,,Knowledge_Base\Current\DigiKey\Product_Details\KEMET__R413I21000000M.json,output\provider_profiles\DIGIKEY__KEMET__R413I21000000M.json
PMR-000028,KEMET,R413I21000000M,TME,Downloaded,,Knowledge_Base\Current\TME\Product_Search\KEMET__R413I21000000M.json | Knowledge_Base\Current\TME\Product_Data\KEMET__R413I21000000M.json | Knowledge_Base\Current\TME\Product_Parameters\KEMET__R413I21000000M.json,output\provider_profiles\TME__KEMET__R413I21000000M.json
PMR-000028,KEMET,R413I21000000M,Mouser,Downloaded,,Knowledge_Base\Current\Mouser\Part_Number_Search\KEMET__R413I21000000M.json,output\provider_profiles\MOUSER__KEMET__R413I21000000M.json
PMR-000029,YAGEO,CC0402KRX7R9BB104,DigiKey,Downloaded,,Knowledge_Base\Current\DigiKey\Product_Details\YAGEO__CC0402KRX7R9BB104.json,output\provider_profiles\DIGIKEY__YAGEO__CC0402KRX7R9BB104.json
PMR-000029,YAGEO,CC0402KRX7R9BB104,TME,Downloaded,,Knowledge_Base\Current\TME\Product_Search\YAGEO__CC0402KRX7R9BB104.json | Knowledge_Base\Current\TME\Product_Data\YAGEO__CC0402KRX7R9BB104.json | Knowledge_Base\Current\TME\Product_Parameters\YAGEO__CC0402KRX7R9BB104.json,output\provider_profiles\TME__YAGEO__CC0402KRX7R9BB104.json
PMR-000029,YAGEO,CC0402KRX7R9BB104,Mouser,Downloaded,,Knowledge_Base\Current\Mouser\Part_Number_Search\YAGEO__CC0402KRX7R9BB104.json,output\provider_profiles\MOUSER__YAGEO__CC0402KRX7R9BB104.json
PMR-000030,Wurth,885012206071,DigiKey,Downloaded,,Knowledge_Base\Current\DigiKey\Product_Details\Wurth__885012206071.json,output\provider_profiles\DIGIKEY__Wurth__885012206071.json
PMR-000030,Wurth,885012206071,TME,Not Found,TME returned no products,Knowledge_Base\Current\TME\Product_Search\Wurth__885012206071.json,
PMR-000030,Wurth,885012206071,Mouser,Downloaded,,Knowledge_Base\Current\Mouser\Part_Number_Search\Wurth__885012206071.json,output\provider_profiles\MOUSER__Wurth__885012206071.json
PMR-000031,YAGEO,CC0805JRX7R7BB104,DigiKey,Failed,"RuntimeError: DigiKey 404: 
            {
                ""type"": ""https://tools.ietf.org/html/rfc7231#section-6.5.4"",
                ""title"": ""Not Found"",
                ""status"": 404,
                ""detail"": ""Requested Product cc0805jrx7r7bb104 Not Found"",
                ""instance"": """",
                ""correlationId"": ""ca5943af-0d30-422e-dce2-3d20e6fe6026"",
                ""errors"": []
            }
        ",,
PMR-000031,YAGEO,CC0805JRX7R7BB104,TME,Not Found,TME returned no products,Knowledge_Base\Current\TME\Product_Search\YAGEO__CC0805JRX7R7BB104.json,
PMR-000031,YAGEO,CC0805JRX7R7BB104,Mouser,Downloaded,,Knowledge_Base\Current\Mouser\Part_Number_Search\YAGEO__CC0805JRX7R7BB104.json,output\provider_profiles\MOUSER__YAGEO__CC0805JRX7R7BB104.json
PMR-000032,Würth Elektronik,885012207098,DigiKey,Downloaded,,Knowledge_Base\Current\DigiKey\Product_Details\W_rth_Elektronik__885012207098.json,output\provider_profiles\DIGIKEY__W_rth_Elektronik__885012207098.json
PMR-000032,Würth Elektronik,885012207098,TME,Not Found,TME returned no products,Knowledge_Base\Current\TME\Product_Search\W_rth_Elektronik__885012207098.json,
PMR-000032,Würth Elektronik,885012207098,Mouser,Downloaded,,Knowledge_Base\Current\Mouser\Part_Number_Search\W_rth_Elektronik__885012207098.json,output\provider_profiles\MOUSER__W_rth_Elektronik__885012207098.json
PMR-000033,KYOCERA AVX,TPSA224K035R6000,DigiKey,Downloaded,,Knowledge_Base\Current\DigiKey\Product_Details\KYOCERA_AVX__TPSA224K035R6000.json,output\provider_profiles\DIGIKEY__KYOCERA_AVX__TPSA224K035R6000.json
PMR-000033,KYOCERA AVX,TPSA224K035R6000,TME,Downloaded,,Knowledge_Base\Current\TME\Product_Search\KYOCERA_AVX__TPSA224K035R6000.json | Knowledge_Base\Current\TME\Product_Data\KYOCERA_AVX__TPSA224K035R6000.json | Knowledge_Base\Current\TME\Product_Parameters\KYOCERA_AVX__TPSA224K035R6000.json,output\provider_profiles\TME__KYOCERA_AVX__TPSA224K035R6000.json
PMR-000033,KYOCERA AVX,TPSA224K035R6000,Mouser,Downloaded,,Knowledge_Base\Current\Mouser\Part_Number_Search\KYOCERA_AVX__TPSA224K035R6000.json,output\provider_profiles\MOUSER__KYOCERA_AVX__TPSA224K035R6000.json
PMR-000034,Samsung Electro-Mechanics,CL10B105KO8NNNC,DigiKey,Downloaded,,Knowledge_Base\Current\DigiKey\Product_Details\Samsung_Electro-Mechanics__CL10B105KO8NNNC.json,output\provider_profiles\DIGIKEY__Samsung_Electro-Mechanics__CL10B105KO8NNNC.json
PMR-000034,Samsung Electro-Mechanics,CL10B105KO8NNNC,TME,Downloaded,,Knowledge_Base\Current\TME\Product_Search\SAMSUNG__CL10B105KO8NNNC.json | Knowledge_Base\Current\TME\Product_Data\SAMSUNG__CL10B105KO8NNNC.json | Knowledge_Base\Current\TME\Product_Parameters\SAMSUNG__CL10B105KO8NNNC.json,output\provider_profiles\TME__Samsung_Electro-Mechanics__CL10B105KO8NNNC.json
PMR-000034,Samsung Electro-Mechanics,CL10B105KO8NNNC,Mouser,Downloaded,,Knowledge_Base\Current\Mouser\Part_Number_Search\Samsung_Electro-Mechanics__CL10B105KO8NNNC.json,output\provider_profiles\MOUSER__Samsung_Electro-Mechanics__CL10B105KO8NNNC.json
PMR-000035,Murata Electronics,NFM18PC105R0J3D,DigiKey,Downloaded,,Knowledge_Base\Current\DigiKey\Product_Details\Murata_Electronics__NFM18PC105R0J3D.json,output\provider_profiles\DIGIKEY__Murata_Electronics__NFM18PC105R0J3D.json
PMR-000035,Murata Electronics,NFM18PC105R0J3D,TME,Downloaded,,Knowledge_Base\Current\TME\Product_Search\MURATA__NFM18PC105R0J3D.json | Knowledge_Base\Current\TME\Product_Data\MURATA__NFM18PC105R0J3D.json | Knowledge_Base\Current\TME\Product_Parameters\MURATA__NFM18PC105R0J3D.json,output\provider_profiles\TME__Murata_Electronics__NFM18PC105R0J3D.json
PMR-000035,Murata Electronics,NFM18PC105R0J3D,Mouser,Downloaded,,Knowledge_Base\Current\Mouser\Part_Number_Search\Murata_Electronics__NFM18PC105R0J3D.json,output\provider_profiles\MOUSER__Murata_Electronics__NFM18PC105R0J3D.json
PMR-000036,Würth Elektronik,885012207051,DigiKey,Downloaded,,Knowledge_Base\Current\DigiKey\Product_Details\W_rth_Elektronik__885012207051.json,output\provider_profiles\DIGIKEY__W_rth_Elektronik__885012207051.json
PMR-000036,Würth Elektronik,885012207051,TME,Not Found,TME returned no products,Knowledge_Base\Current\TME\Product_Search\W_rth_Elektronik__885012207051.json,
PMR-000036,Würth Elektronik,885012207051,Mouser,Downloaded,,Knowledge_Base\Current\Mouser\Part_Number_Search\W_rth_Elektronik__885012207051.json,output\provider_profiles\MOUSER__W_rth_Elektronik__885012207051.json
PMR-000037,Würth Elektronik,885012207078,DigiKey,Downloaded,,Knowledge_Base\Current\DigiKey\Product_Details\W_rth_Elektronik__885012207078.json,output\provider_profiles\DIGIKEY__W_rth_Elektronik__885012207078.json
PMR-000037,Würth Elektronik,885012207078,TME,Not Found,TME returned no products,Knowledge_Base\Current\TME\Product_Search\W_rth_Elektronik__885012207078.json,
PMR-000037,Würth Elektronik,885012207078,Mouser,Downloaded,,Knowledge_Base\Current\Mouser\Part_Number_Search\W_rth_Elektronik__885012207078.json,output\provider_profiles\MOUSER__W_rth_Elektronik__885012207078.json
PMR-000038,Murata,GRM155C61E475ME15J,DigiKey,Downloaded,,Knowledge_Base\Current\DigiKey\Product_Details\Murata__GRM155C61E475ME15J.json,output\provider_profiles\DIGIKEY__Murata__GRM155C61E475ME15J.json
PMR-000038,Murata,GRM155C61E475ME15J,TME,Downloaded,,Knowledge_Base\Current\TME\Product_Search\MURATA__GRM155C61E475ME15J.json | Knowledge_Base\Current\TME\Product_Data\MURATA__GRM155C61E475ME15J.json | Knowledge_Base\Current\TME\Product_Parameters\MURATA__GRM155C61E475ME15J.json,output\provider_profiles\TME__Murata__GRM155C61E475ME15J.json
PMR-000038,Murata,GRM155C61E475ME15J,Mouser,Downloaded,,Knowledge_Base\Current\Mouser\Part_Number_Search\Murata__GRM155C61E475ME15J.json,output\provider_profiles\MOUSER__Murata__GRM155C61E475ME15J.json
PMR-000039,Vishay Sprague,298D475X9010M2T,DigiKey,Downloaded,,Knowledge_Base\Current\DigiKey\Product_Details\Vishay_Sprague__298D475X9010M2T.json,output\provider_profiles\DIGIKEY__Vishay_Sprague__298D475X9010M2T.json
PMR-000039,Vishay Sprague,298D475X9010M2T,TME,Not Found,TME returned no products,Knowledge_Base\Current\TME\Product_Search\Vishay_Sprague__298D475X9010M2T.json,
PMR-000039,Vishay Sprague,298D475X9010M2T,Mouser,Downloaded,,Knowledge_Base\Current\Mouser\Part_Number_Search\Vishay_Sprague__298D475X9010M2T.json,output\provider_profiles\MOUSER__Vishay_Sprague__298D475X9010M2T.json
PMR-000040,Murata Electronics,GRM188Z71C475KE21D,DigiKey,Downloaded,,Knowledge_Base\Current\DigiKey\Product_Details\Murata_Electronics__GRM188Z71C475KE21D.json,output\provider_profiles\DIGIKEY__Murata_Electronics__GRM188Z71C475KE21D.json
PMR-000040,Murata Electronics,GRM188Z71C475KE21D,TME,Downloaded,,Knowledge_Base\Current\TME\Product_Search\MURATA__GRM188Z71C475KE21D.json | Knowledge_Base\Current\TME\Product_Data\MURATA__GRM188Z71C475KE21D.json | Knowledge_Base\Current\TME\Product_Parameters\MURATA__GRM188Z71C475KE21D.json,output\provider_profiles\TME__Murata_Electronics__GRM188Z71C475KE21D.json
PMR-000040,Murata Electronics,GRM188Z71C475KE21D,Mouser,Downloaded,,Knowledge_Base\Current\Mouser\Part_Number_Search\Murata_Electronics__GRM188Z71C475KE21D.json,output\provider_profiles\MOUSER__Murata_Electronics__GRM188Z71C475KE21D.json
PMR-000041,Wurth,885012207053,DigiKey,Already Cached,,Knowledge_Base\Current\DigiKey\Product_Details\W_rth_Elektronik__885012207053.json,output\provider_profiles\DIGIKEY__Wurth__885012207053.json
PMR-000041,Wurth,885012207053,TME,Not Found,TME returned no products,Knowledge_Base\Current\TME\Product_Search\Wurth__885012207053.json,
PMR-000041,Wurth,885012207053,Mouser,Already Cached,,Knowledge_Base\Current\Mouser\Part_Number_Search\W_rth_Elektronik__885012207053.json,output\provider_profiles\MOUSER__Wurth__885012207053.json
PMR-000042,Murata,GRM155R61A106ME11D,DigiKey,Downloaded,,Knowledge_Base\Current\DigiKey\Product_Details\Murata__GRM155R61A106ME11D.json,output\provider_profiles\DIGIKEY__Murata__GRM155R61A106ME11D.json
PMR-000042,Murata,GRM155R61A106ME11D,TME,Downloaded,,Knowledge_Base\Current\TME\Product_Search\MURATA__GRM155R61A106ME11D.json | Knowledge_Base\Current\TME\Product_Data\MURATA__GRM155R61A106ME11D.json | Knowledge_Base\Current\TME\Product_Parameters\MURATA__GRM155R61A106ME11D.json,output\provider_profiles\TME__Murata__GRM155R61A106ME11D.json
PMR-000042,Murata,GRM155R61A106ME11D,Mouser,Downloaded,,Knowledge_Base\Current\Mouser\Part_Number_Search\Murata__GRM155R61A106ME11D.json,output\provider_profiles\MOUSER__Murata__GRM155R61A106ME11D.json
PMR-000043,KYOCERA AVX,TCM1A106M8R-02,DigiKey,Downloaded,,Knowledge_Base\Current\DigiKey\Product_Details\KYOCERA_AVX__TCM1A106M8R-02.json,output\provider_profiles\DIGIKEY__KYOCERA_AVX__TCM1A106M8R-02.json
PMR-000043,KYOCERA AVX,TCM1A106M8R-02,TME,Not Found,TME returned no products,Knowledge_Base\Current\TME\Product_Search\KYOCERA_AVX__TCM1A106M8R-02.json,
PMR-000043,KYOCERA AVX,TCM1A106M8R-02,Mouser,Downloaded,,Knowledge_Base\Current\Mouser\Part_Number_Search\KYOCERA_AVX__TCM1A106M8R-02.json,output\provider_profiles\MOUSER__KYOCERA_AVX__TCM1A106M8R-02.json
PMR-000044,Samsung Electro-Mechanics,CL10A106MP8NNNC,DigiKey,Downloaded,,Knowledge_Base\Current\DigiKey\Product_Details\Samsung_Electro-Mechanics__CL10A106MP8NNNC.json,output\provider_profiles\DIGIKEY__Samsung_Electro-Mechanics__CL10A106MP8NNNC.json
PMR-000044,Samsung Electro-Mechanics,CL10A106MP8NNNC,TME,Downloaded,,Knowledge_Base\Current\TME\Product_Search\SAMSUNG__CL10A106MP8NNNC.json | Knowledge_Base\Current\TME\Product_Data\SAMSUNG__CL10A106MP8NNNC.json | Knowledge_Base\Current\TME\Product_Parameters\SAMSUNG__CL10A106MP8NNNC.json,output\provider_profiles\TME__Samsung_Electro-Mechanics__CL10A106MP8NNNC.json
PMR-000044,Samsung Electro-Mechanics,CL10A106MP8NNNC,Mouser,Downloaded,,Knowledge_Base\Current\Mouser\Part_Number_Search\Samsung_Electro-Mechanics__CL10A106MP8NNNC.json,output\provider_profiles\MOUSER__Samsung_Electro-Mechanics__CL10A106MP8NNNC.json
PMR-000045,Wurth,885012106006,DigiKey,Downloaded,,Knowledge_Base\Current\DigiKey\Product_Details\Wurth__885012106006.json,output\provider_profiles\DIGIKEY__Wurth__885012106006.json
PMR-000045,Wurth,885012106006,TME,Not Found,TME returned no products,Knowledge_Base\Current\TME\Product_Search\Wurth__885012106006.json,
PMR-000045,Wurth,885012106006,Mouser,Downloaded,,Knowledge_Base\Current\Mouser\Part_Number_Search\Wurth__885012106006.json,output\provider_profiles\MOUSER__Wurth__885012106006.json
PMR-000046,Würth Elektronik,885012207026,DigiKey,Downloaded,,Knowledge_Base\Current\DigiKey\Product_Details\W_rth_Elektronik__885012207026.json,output\provider_profiles\DIGIKEY__W_rth_Elektronik__885012207026.json
PMR-000046,Würth Elektronik,885012207026,TME,Not Found,TME returned no products,Knowledge_Base\Current\TME\Product_Search\W_rth_Elektronik__885012207026.json,
PMR-000046,Würth Elektronik,885012207026,Mouser,Downloaded,,Knowledge_Base\Current\Mouser\Part_Number_Search\W_rth_Elektronik__885012207026.json,output\provider_profiles\MOUSER__W_rth_Elektronik__885012207026.json
PMR-000047,Samsung Electro-Mechanics,CL21B106KOQNNNE,DigiKey,Downloaded,,Knowledge_Base\Current\DigiKey\Product_Details\Samsung_Electro-Mechanics__CL21B106KOQNNNE.json,output\provider_profiles\DIGIKEY__Samsung_Electro-Mechanics__CL21B106KOQNNNE.json
PMR-000047,Samsung Electro-Mechanics,CL21B106KOQNNNE,TME,Downloaded,,Knowledge_Base\Current\TME\Product_Search\SAMSUNG__CL21B106KOQNNNE.json | Knowledge_Base\Current\TME\Product_Data\SAMSUNG__CL21B106KOQNNNE.json | Knowledge_Base\Current\TME\Product_Parameters\SAMSUNG__CL21B106KOQNNNE.json,output\provider_profiles\TME__Samsung_Electro-Mechanics__CL21B106KOQNNNE.json
PMR-000047,Samsung Electro-Mechanics,CL21B106KOQNNNE,Mouser,Downloaded,,Knowledge_Base\Current\Mouser\Part_Number_Search\Samsung_Electro-Mechanics__CL21B106KOQNNNE.json,output\provider_profiles\MOUSER__Samsung_Electro-Mechanics__CL21B106KOQNNNE.json
PMR-000048,YAGEO,CC0805KPX5R5BB106,DigiKey,Downloaded,,Knowledge_Base\Current\DigiKey\Product_Details\YAGEO__CC0805KPX5R5BB106.json,output\provider_profiles\DIGIKEY__YAGEO__CC0805KPX5R5BB106.json
PMR-000048,YAGEO,CC0805KPX5R5BB106,TME,Not Found,TME returned no products,Knowledge_Base\Current\TME\Product_Search\YAGEO__CC0805KPX5R5BB106.json,
PMR-000048,YAGEO,CC0805KPX5R5BB106,Mouser,Downloaded,,Knowledge_Base\Current\Mouser\Part_Number_Search\YAGEO__CC0805KPX5R5BB106.json,output\provider_profiles\MOUSER__YAGEO__CC0805KPX5R5BB106.json
PMR-000049,KYOCERA AVX,TAJA106K010RNJ,DigiKey,Downloaded,,Knowledge_Base\Current\DigiKey\Product_Details\KYOCERA_AVX__TAJA106K010RNJ.json,output\provider_profiles\DIGIKEY__KYOCERA_AVX__TAJA106K010RNJ.json
PMR-000049,KYOCERA AVX,TAJA106K010RNJ,TME,Downloaded,,Knowledge_Base\Current\TME\Product_Search\KYOCERA_AVX__TAJA106K010RNJ.json | Knowledge_Base\Current\TME\Product_Data\KYOCERA_AVX__TAJA106K010RNJ.json | Knowledge_Base\Current\TME\Product_Parameters\KYOCERA_AVX__TAJA106K010RNJ.json,output\provider_profiles\TME__KYOCERA_AVX__TAJA106K010RNJ.json
PMR-000049,KYOCERA AVX,TAJA106K010RNJ,Mouser,Downloaded,,Knowledge_Base\Current\Mouser\Part_Number_Search\KYOCERA_AVX__TAJA106K010RNJ.json,output\provider_profiles\MOUSER__KYOCERA_AVX__TAJA106K010RNJ.json
PMR-000050,Samsung Electro-Mechanics,CL31B106KOHNFNE,DigiKey,Downloaded,,Knowledge_Base\Current\DigiKey\Product_Details\Samsung_Electro-Mechanics__CL31B106KOHNFNE.json,output\provider_profiles\DIGIKEY__Samsung_Electro-Mechanics__CL31B106KOHNFNE.json
PMR-000050,Samsung Electro-Mechanics,CL31B106KOHNFNE,TME,Not Found,TME returned no products,Knowledge_Base\Current\TME\Product_Search\Samsung_Electro-Mechanics__CL31B106KOHNFNE.json,
PMR-000050,Samsung Electro-Mechanics,CL31B106KOHNFNE,Mouser,Downloaded,,Knowledge_Base\Current\Mouser\Part_Number_Search\Samsung_Electro-Mechanics__CL31B106KOHNFNE.json,output\provider_profiles\MOUSER__Samsung_Electro-Mechanics__CL31B106KOHNFNE.json
PMR-000051,Würth Elektronik,875105240001,DigiKey,Downloaded,,Knowledge_Base\Current\DigiKey\Product_Details\W_rth_Elektronik__875105240001.json,output\provider_profiles\DIGIKEY__W_rth_Elektronik__875105240001.json
PMR-000051,Würth Elektronik,875105240001,TME,Not Found,TME returned no products,Knowledge_Base\Current\TME\Product_Search\W_rth_Elektronik__875105240001.json,
PMR-000051,Würth Elektronik,875105240001,Mouser,Downloaded,,Knowledge_Base\Current\Mouser\Part_Number_Search\W_rth_Elektronik__875105240001.json,output\provider_profiles\MOUSER__W_rth_Elektronik__875105240001.json
PMR-000052,KYOCERA AVX,TLCL226M006XTA,DigiKey,Downloaded,,Knowledge_Base\Current\DigiKey\Product_Details\KYOCERA_AVX__TLCL226M006XTA.json,output\provider_profiles\DIGIKEY__KYOCERA_AVX__TLCL226M006XTA.json
PMR-000052,KYOCERA AVX,TLCL226M006XTA,TME,Not Found,TME returned no products,Knowledge_Base\Current\TME\Product_Search\KYOCERA_AVX__TLCL226M006XTA.json,
PMR-000052,KYOCERA AVX,TLCL226M006XTA,Mouser,Downloaded,,Knowledge_Base\Current\Mouser\Part_Number_Search\KYOCERA_AVX__TLCL226M006XTA.json,output\provider_profiles\MOUSER__KYOCERA_AVX__TLCL226M006XTA.json
PMR-000053,Walsin Technology Corporation,0603X226M6R3CT,DigiKey,Downloaded,,Knowledge_Base\Current\DigiKey\Product_Details\Walsin_Technology_Corporation__0603X226M6R3CT.json,output\provider_profiles\DIGIKEY__Walsin_Technology_Corporation__0603X226M6R3CT.json
PMR-000053,Walsin Technology Corporation,0603X226M6R3CT,TME,Downloaded,,Knowledge_Base\Current\TME\Product_Search\WALSIN__0603X226M6R3CT.json | Knowledge_Base\Current\TME\Product_Data\WALSIN__0603X226M6R3CT.json | Knowledge_Base\Current\TME\Product_Parameters\WALSIN__0603X226M6R3CT.json,output\provider_profiles\TME__Walsin_Technology_Corporation__0603X226M6R3CT.json
PMR-000053,Walsin Technology Corporation,0603X226M6R3CT,Mouser,Downloaded,,Knowledge_Base\Current\Mouser\Part_Number_Search\Walsin_Technology_Corporation__0603X226M6R3CT.json,output\provider_profiles\MOUSER__Walsin_Technology_Corporation__0603X226M6R3CT.json
PMR-000054,KYOCERA AVX,TAJA226K010RNJ,DigiKey,Downloaded,,Knowledge_Base\Current\DigiKey\Product_Details\KYOCERA_AVX__TAJA226K010RNJ.json,output\provider_profiles\DIGIKEY__KYOCERA_AVX__TAJA226K010RNJ.json
PMR-000054,KYOCERA AVX,TAJA226K010RNJ,TME,Downloaded,,Knowledge_Base\Current\TME\Product_Search\KYOCERA_AVX__TAJA226K010RNJ.json | Knowledge_Base\Current\TME\Product_Data\KYOCERA_AVX__TAJA226K010RNJ.json | Knowledge_Base\Current\TME\Product_Parameters\KYOCERA_AVX__TAJA226K010RNJ.json,output\provider_profiles\TME__KYOCERA_AVX__TAJA226K010RNJ.json
PMR-000054,KYOCERA AVX,TAJA226K010RNJ,Mouser,Downloaded,,Knowledge_Base\Current\Mouser\Part_Number_Search\KYOCERA_AVX__TAJA226K010RNJ.json,output\provider_profiles\MOUSER__KYOCERA_AVX__TAJA226K010RNJ.json
PMR-000055,Walsin Technology Corporation,1206B226K6R3CT,DigiKey,Downloaded,,Knowledge_Base\Current\DigiKey\Product_Details\Walsin_Technology_Corporation__1206B226K6R3CT.json,output\provider_profiles\DIGIKEY__Walsin_Technology_Corporation__1206B226K6R3CT.json
PMR-000055,Walsin Technology Corporation,1206B226K6R3CT,TME,Downloaded,,Knowledge_Base\Current\TME\Product_Search\WALSIN__1206B226K6R3CT.json | Knowledge_Base\Current\TME\Product_Data\WALSIN__1206B226K6R3CT.json | Knowledge_Base\Current\TME\Product_Parameters\WALSIN__1206B226K6R3CT.json,output\provider_profiles\TME__Walsin_Technology_Corporation__1206B226K6R3CT.json
PMR-000055,Walsin Technology Corporation,1206B226K6R3CT,Mouser,Downloaded,,Knowledge_Base\Current\Mouser\Part_Number_Search\Walsin_Technology_Corporation__1206B226K6R3CT.json,output\provider_profiles\MOUSER__Walsin_Technology_Corporation__1206B226K6R3CT.json
PMR-000056,Würth Elektronik,865060453006,DigiKey,Downloaded,,Knowledge_Base\Current\DigiKey\Product_Details\W_rth_Elektronik__865060453006.json,output\provider_profiles\DIGIKEY__W_rth_Elektronik__865060453006.json
PMR-000056,Würth Elektronik,865060453006,TME,Not Found,TME returned no products,Knowledge_Base\Current\TME\Product_Search\W_rth_Elektronik__865060453006.json,
PMR-000056,Würth Elektronik,865060453006,Mouser,Downloaded,,Knowledge_Base\Current\Mouser\Part_Number_Search\W_rth_Elektronik__865060453006.json,output\provider_profiles\MOUSER__W_rth_Elektronik__865060453006.json
PMR-000057,KEMET,T520D337M006ATE045,DigiKey,Downloaded,,Knowledge_Base\Current\DigiKey\Product_Details\KEMET__T520D337M006ATE045.json,output\provider_profiles\DIGIKEY__KEMET__T520D337M006ATE045.json
PMR-000057,KEMET,T520D337M006ATE045,TME,Downloaded,,Knowledge_Base\Current\TME\Product_Search\KEMET__T520D337M006ATE045.json | Knowledge_Base\Current\TME\Product_Data\KEMET__T520D337M006ATE045.json | Knowledge_Base\Current\TME\Product_Parameters\KEMET__T520D337M006ATE045.json,output\provider_profiles\TME__KEMET__T520D337M006ATE045.json
PMR-000057,KEMET,T520D337M006ATE045,Mouser,Downloaded,,Knowledge_Base\Current\Mouser\Part_Number_Search\KEMET__T520D337M006ATE045.json,output\provider_profiles\MOUSER__KEMET__T520D337M006ATE045.json
PMR-000058,Wurth,62000211622,DigiKey,Downloaded,,Knowledge_Base\Current\DigiKey\Product_Details\Wurth__62000211622.json,output\provider_profiles\DIGIKEY__Wurth__62000211622.json
PMR-000058,Wurth,62000211622,TME,Not Found,TME returned no products,Knowledge_Base\Current\TME\Product_Search\Wurth__62000211622.json,
PMR-000058,Wurth,62000211622,Mouser,Downloaded,,Knowledge_Base\Current\Mouser\Part_Number_Search\Wurth__62000211622.json,output\provider_profiles\MOUSER__Wurth__62000211622.json
PMR-000059,Würth Elektronik,61900211121,DigiKey,Downloaded,,Knowledge_Base\Current\DigiKey\Product_Details\W_rth_Elektronik__61900211121.json,output\provider_profiles\DIGIKEY__W_rth_Elektronik__61900211121.json
PMR-000059,Würth Elektronik,61900211121,TME,Not Found,TME returned no products,Knowledge_Base\Current\TME\Product_Search\W_rth_Elektronik__61900211121.json,
PMR-000059,Würth Elektronik,61900211121,Mouser,Downloaded,,Knowledge_Base\Current\Mouser\Part_Number_Search\W_rth_Elektronik__61900211121.json,output\provider_profiles\MOUSER__W_rth_Elektronik__61900211121.json
PMR-000060,Sullins Connector Solutions,NPTC021KFXC-RC,DigiKey,Downloaded,,Knowledge_Base\Current\DigiKey\Product_Details\Sullins_Connector_Solutions__NPTC021KFXC-RC.json,output\provider_profiles\DIGIKEY__Sullins_Connector_Solutions__NPTC021KFXC-RC.json
PMR-000060,Sullins Connector Solutions,NPTC021KFXC-RC,TME,Not Found,TME returned no products,Knowledge_Base\Current\TME\Product_Search\Sullins_Connector_Solutions__NPTC021KFXC-RC.json,
PMR-000060,Sullins Connector Solutions,NPTC021KFXC-RC,Mouser,Not Found,Mouser returned no parts,Knowledge_Base\Current\Mouser\Part_Number_Search\Sullins_Connector_Solutions__NPTC021KFXC-RC.json,
PMR-000061,Wurth,653102124022,DigiKey,Downloaded,,Knowledge_Base\Current\DigiKey\Product_Details\Wurth__653102124022.json,output\provider_profiles\DIGIKEY__Wurth__653102124022.json
PMR-000061,Wurth,653102124022,TME,Not Found,TME returned no products,Knowledge_Base\Current\TME\Product_Search\Wurth__653102124022.json,
PMR-000061,Wurth,653102124022,Mouser,Downloaded,,Knowledge_Base\Current\Mouser\Part_Number_Search\Wurth__653102124022.json,output\provider_profiles\MOUSER__Wurth__653102124022.json
PMR-000062,SameSky,PJ-102AH,DigiKey,Downloaded,,Knowledge_Base\Current\DigiKey\Product_Details\SameSky__PJ-102AH.json,output\provider_profiles\DIGIKEY__SameSky__PJ-102AH.json
PMR-000062,SameSky,PJ-102AH,TME,Downloaded,,Knowledge_Base\Current\TME\Product_Search\Same_Sky__PJ-102AH.json | Knowledge_Base\Current\TME\Product_Data\Same_Sky__PJ-102AH.json | Knowledge_Base\Current\TME\Product_Parameters\Same_Sky__PJ-102AH.json,output\provider_profiles\TME__SameSky__PJ-102AH.json
PMR-000062,SameSky,PJ-102AH,Mouser,Downloaded,,Knowledge_Base\Current\Mouser\Part_Number_Search\SameSky__PJ-102AH.json,output\provider_profiles\MOUSER__SameSky__PJ-102AH.json
PMR-000063,JST Sales America Inc.,B3B-ZR,DigiKey,Downloaded,,Knowledge_Base\Current\DigiKey\Product_Details\JST_Sales_America_Inc__B3B-ZR.json,output\provider_profiles\DIGIKEY__JST_Sales_America_Inc.__B3B-ZR.json
PMR-000063,JST Sales America Inc.,B3B-ZR,TME,Downloaded,,Knowledge_Base\Current\TME\Product_Search\JST__B3B-ZR.json | Knowledge_Base\Current\TME\Product_Data\JST__B3B-ZR.json | Knowledge_Base\Current\TME\Product_Parameters\JST__B3B-ZR.json,output\provider_profiles\TME__JST_Sales_America_Inc.__B3B-ZR.json
PMR-000063,JST Sales America Inc.,B3B-ZR,Mouser,Downloaded,,Knowledge_Base\Current\Mouser\Part_Number_Search\JST_Sales_America_Inc__B3B-ZR.json,output\provider_profiles\MOUSER__JST_Sales_America_Inc.__B3B-ZR.json
PMR-000064,Wurth,62000311622,DigiKey,Downloaded,,Knowledge_Base\Current\DigiKey\Product_Details\Wurth__62000311622.json,output\provider_profiles\DIGIKEY__Wurth__62000311622.json
PMR-000064,Wurth,62000311622,TME,Not Found,TME returned no products,Knowledge_Base\Current\TME\Product_Search\Wurth__62000311622.json,
PMR-000064,Wurth,62000311622,Mouser,Downloaded,,Knowledge_Base\Current\Mouser\Part_Number_Search\Wurth__62000311622.json,output\provider_profiles\MOUSER__Wurth__62000311622.json
PMR-000065,JST Sales America Inc.,B3B-XH-A,DigiKey,Downloaded,,Knowledge_Base\Current\DigiKey\Product_Details\JST_Sales_America_Inc__B3B-XH-A.json,output\provider_profiles\DIGIKEY__JST_Sales_America_Inc.__B3B-XH-A.json
PMR-000065,JST Sales America Inc.,B3B-XH-A,TME,Downloaded,,Knowledge_Base\Current\TME\Product_Search\JST__B3B-XH-A.json | Knowledge_Base\Current\TME\Product_Data\JST__B3B-XH-A.json | Knowledge_Base\Current\TME\Product_Parameters\JST__B3B-XH-A.json,output\provider_profiles\TME__JST_Sales_America_Inc.__B3B-XH-A.json
PMR-000065,JST Sales America Inc.,B3B-XH-A,Mouser,Downloaded,,Knowledge_Base\Current\Mouser\Part_Number_Search\JST_Sales_America_Inc__B3B-XH-A.json,output\provider_profiles\MOUSER__JST_Sales_America_Inc.__B3B-XH-A.json
PMR-000066,Würth Elektronik,649003013322,DigiKey,Downloaded,,Knowledge_Base\Current\DigiKey\Product_Details\W_rth_Elektronik__649003013322.json,output\provider_profiles\DIGIKEY__W_rth_Elektronik__649003013322.json
PMR-000066,Würth Elektronik,649003013322,TME,Not Found,TME returned no products,Knowledge_Base\Current\TME\Product_Search\W_rth_Elektronik__649003013322.json,
PMR-000066,Würth Elektronik,649003013322,Mouser,Downloaded,,Knowledge_Base\Current\Mouser\Part_Number_Search\W_rth_Elektronik__649003013322.json,output\provider_profiles\MOUSER__W_rth_Elektronik__649003013322.json
PMR-000067,Würth Elektronik,64900311122,DigiKey,Downloaded,,Knowledge_Base\Current\DigiKey\Product_Details\W_rth_Elektronik__64900311122.json,output\provider_profiles\DIGIKEY__W_rth_Elektronik__64900311122.json
PMR-000067,Würth Elektronik,64900311122,TME,Not Found,TME returned no products,Knowledge_Base\Current\TME\Product_Search\W_rth_Elektronik__64900311122.json,
PMR-000067,Würth Elektronik,64900311122,Mouser,Downloaded,,Knowledge_Base\Current\Mouser\Part_Number_Search\W_rth_Elektronik__64900311122.json,output\provider_profiles\MOUSER__W_rth_Elektronik__64900311122.json
PMR-000068,Würth Elektronik,638263122003,DigiKey,Downloaded,,Knowledge_Base\Current\DigiKey\Product_Details\W_rth_Elektronik__638263122003.json,output\provider_profiles\DIGIKEY__W_rth_Elektronik__638263122003.json
PMR-000068,Würth Elektronik,638263122003,TME,Not Found,TME returned no products,Knowledge_Base\Current\TME\Product_Search\W_rth_Elektronik__638263122003.json,
PMR-000068,Würth Elektronik,638263122003,Mouser,Downloaded,,Knowledge_Base\Current\Mouser\Part_Number_Search\W_rth_Elektronik__638263122003.json,output\provider_profiles\MOUSER__W_rth_Elektronik__638263122003.json
PMR-000069,Wurth,638263222003,DigiKey,Downloaded,,Knowledge_Base\Current\DigiKey\Product_Details\Wurth__638263222003.json,output\provider_profiles\DIGIKEY__Wurth__638263222003.json
PMR-000069,Wurth,638263222003,TME,Not Found,TME returned no products,Knowledge_Base\Current\TME\Product_Search\Wurth__638263222003.json,
PMR-000069,Wurth,638263222003,Mouser,Downloaded,,Knowledge_Base\Current\Mouser\Part_Number_Search\Wurth__638263222003.json,output\provider_profiles\MOUSER__Wurth__638263222003.json
PMR-000070,Wurth,620303124022,DigiKey,Downloaded,,Knowledge_Base\Current\DigiKey\Product_Details\Wurth__620303124022.json,output\provider_profiles\DIGIKEY__Wurth__620303124022.json
PMR-000070,Wurth,620303124022,TME,Not Found,TME returned no products,Knowledge_Base\Current\TME\Product_Search\Wurth__620303124022.json,
PMR-000070,Wurth,620303124022,Mouser,Downloaded,,Knowledge_Base\Current\Mouser\Part_Number_Search\Wurth__620303124022.json,output\provider_profiles\MOUSER__Wurth__620303124022.json
PMR-000071,Würth Elektronik,691210910004,DigiKey,Downloaded,,Knowledge_Base\Current\DigiKey\Product_Details\W_rth_Elektronik__691210910004.json,output\provider_profiles\DIGIKEY__W_rth_Elektronik__691210910004.json
PMR-000071,Würth Elektronik,691210910004,TME,Not Found,TME returned no products,Knowledge_Base\Current\TME\Product_Search\W_rth_Elektronik__691210910004.json,
PMR-000071,Würth Elektronik,691210910004,Mouser,Downloaded,,Knowledge_Base\Current\Mouser\Part_Number_Search\W_rth_Elektronik__691210910004.json,output\provider_profiles\MOUSER__W_rth_Elektronik__691210910004.json
PMR-000072,Wurth,620304124022,DigiKey,Downloaded,,Knowledge_Base\Current\DigiKey\Product_Details\Wurth__620304124022.json,output\provider_profiles\DIGIKEY__Wurth__620304124022.json
PMR-000072,Wurth,620304124022,TME,Not Found,TME returned no products,Knowledge_Base\Current\TME\Product_Search\Wurth__620304124022.json,
PMR-000072,Wurth,620304124022,Mouser,Downloaded,,Knowledge_Base\Current\Mouser\Part_Number_Search\Wurth__620304124022.json,output\provider_profiles\MOUSER__Wurth__620304124022.json
PMR-000073,Wurth,614104190121,DigiKey,Failed,"RuntimeError: DigiKey 404: 
            {
                ""type"": ""https://tools.ietf.org/html/rfc7231#section-6.5.4"",
                ""title"": ""Not Found"",
                ""status"": 404,
                ""detail"": ""Requested Product 614104190121 Not Found"",
                ""instance"": """",
                ""correlationId"": ""9b795df4-50f7-4804-a381-cda81388e1e8"",
                ""errors"": []
            }
        ",,
PMR-000073,Wurth,614104190121,TME,Not Found,TME returned no products,Knowledge_Base\Current\TME\Product_Search\Wurth__614104190121.json,
PMR-000073,Wurth,614104190121,Mouser,Downloaded,,Knowledge_Base\Current\Mouser\Part_Number_Search\Wurth__614104190121.json,output\provider_profiles\MOUSER__Wurth__614104190121.json
PMR-000074,Würth Elektronik,61300511121,DigiKey,Downloaded,,Knowledge_Base\Current\DigiKey\Product_Details\W_rth_Elektronik__61300511121.json,output\provider_profiles\DIGIKEY__W_rth_Elektronik__61300511121.json
PMR-000074,Würth Elektronik,61300511121,TME,Not Found,TME returned no products,Knowledge_Base\Current\TME\Product_Search\W_rth_Elektronik__61300511121.json,
PMR-000074,Würth Elektronik,61300511121,Mouser,Downloaded,,Knowledge_Base\Current\Mouser\Part_Number_Search\W_rth_Elektronik__61300511121.json,output\provider_profiles\MOUSER__W_rth_Elektronik__61300511121.json
PMR-000075,AMP,20021121-00006C4LF,DigiKey,Downloaded,,Knowledge_Base\Current\DigiKey\Product_Details\AMP__20021121-00006C4LF.json,output\provider_profiles\DIGIKEY__AMP__20021121-00006C4LF.json
PMR-000075,AMP,20021121-00006C4LF,TME,Downloaded,,Knowledge_Base\Current\TME\Product_Search\AMPHENOL_COMMUNICATIONS_SOLUTIONS__20021121-00006C4LF.json | Knowledge_Base\Current\TME\Product_Data\AMPHENOL_COMMUNICATIONS_SOLUTIONS__20021121-00006C4LF.json | Knowledge_Base\Current\TME\Product_Parameters\AMPHENOL_COMMUNICATIONS_SOLUTIONS__20021121-00006C4LF.json,output\provider_profiles\TME__AMP__20021121-00006C4LF.json
PMR-000075,AMP,20021121-00006C4LF,Mouser,Already Cached,,Knowledge_Base\Current\Mouser\Part_Number_Search\amp_Inc__20021121-00006C4LF.json,output\provider_profiles\MOUSER__AMP__20021121-00006C4LF.json
PMR-000076,Sullins Connector Solutions,NPTC061KFXC-RC,DigiKey,Downloaded,,Knowledge_Base\Current\DigiKey\Product_Details\Sullins_Connector_Solutions__NPTC061KFXC-RC.json,output\provider_profiles\DIGIKEY__Sullins_Connector_Solutions__NPTC061KFXC-RC.json
PMR-000076,Sullins Connector Solutions,NPTC061KFXC-RC,TME,Not Found,TME returned no products,Knowledge_Base\Current\TME\Product_Search\Sullins_Connector_Solutions__NPTC061KFXC-RC.json,
PMR-000076,Sullins Connector Solutions,NPTC061KFXC-RC,Mouser,Not Found,Mouser returned no parts,Knowledge_Base\Current\Mouser\Part_Number_Search\Sullins_Connector_Solutions__NPTC061KFXC-RC.json,
PMR-000077,Wurth,692122030100,DigiKey,Downloaded,,Knowledge_Base\Current\DigiKey\Product_Details\Wurth__692122030100.json,output\provider_profiles\DIGIKEY__Wurth__692122030100.json
PMR-000077,Wurth,692122030100,TME,Not Found,TME returned no products,Knowledge_Base\Current\TME\Product_Search\Wurth__692122030100.json,
PMR-000077,Wurth,692122030100,Mouser,Downloaded,,Knowledge_Base\Current\Mouser\Part_Number_Search\Wurth__692122030100.json,output\provider_profiles\MOUSER__Wurth__692122030100.json
PMR-000078,GCT,USB4105-GF-A,DigiKey,Downloaded,,Knowledge_Base\Current\DigiKey\Product_Details\GCT__USB4105-GF-A.json,output\provider_profiles\DIGIKEY__GCT__USB4105-GF-A.json
PMR-000078,GCT,USB4105-GF-A,TME,Downloaded,,Knowledge_Base\Current\TME\Product_Search\GCT__USB4105-GF-A.json | Knowledge_Base\Current\TME\Product_Data\GCT__USB4105-GF-A.json | Knowledge_Base\Current\TME\Product_Parameters\GCT__USB4105-GF-A.json,output\provider_profiles\TME__GCT__USB4105-GF-A.json
PMR-000078,GCT,USB4105-GF-A,Mouser,Downloaded,,Knowledge_Base\Current\Mouser\Part_Number_Search\GCT__USB4105-GF-A.json,output\provider_profiles\MOUSER__GCT__USB4105-GF-A.json
PMR-000079,GCT,USB4920-00-A,DigiKey,Downloaded,,Knowledge_Base\Current\DigiKey\Product_Details\GCT__USB4920-00-A.json,output\provider_profiles\DIGIKEY__GCT__USB4920-00-A.json
PMR-000079,GCT,USB4920-00-A,TME,Downloaded,,Knowledge_Base\Current\TME\Product_Search\GCT__USB4920-00-A.json | Knowledge_Base\Current\TME\Product_Data\GCT__USB4920-00-A.json | Knowledge_Base\Current\TME\Product_Parameters\GCT__USB4920-00-A.json,output\provider_profiles\TME__GCT__USB4920-00-A.json
PMR-000079,GCT,USB4920-00-A,Mouser,Downloaded,,Knowledge_Base\Current\Mouser\Part_Number_Search\GCT__USB4920-00-A.json,output\provider_profiles\MOUSER__GCT__USB4920-00-A.json
PMR-000080,Wurth,61002011921,DigiKey,Failed,"RuntimeError: DigiKey 404: 
            {
                ""type"": ""https://tools.ietf.org/html/rfc7231#section-6.5.4"",
                ""title"": ""Not Found"",
                ""status"": 404,
                ""detail"": ""Requested Product 61002011921 Not Found"",
                ""instance"": """",
                ""correlationId"": ""352f2555-5295-4876-d235-b3ea4fca4fa6"",
                ""errors"": []
            }
        ",,
PMR-000080,Wurth,61002011921,TME,Not Found,TME returned no products,Knowledge_Base\Current\TME\Product_Search\Wurth__61002011921.json,
PMR-000080,Wurth,61002011921,Mouser,Downloaded,,Knowledge_Base\Current\Mouser\Part_Number_Search\Wurth__61002011921.json,output\provider_profiles\MOUSER__Wurth__61002011921.json
PMR-000081,Hirose Electric Co Ltd,CX90MF-16P,DigiKey,Downloaded,,Knowledge_Base\Current\DigiKey\Product_Details\Hirose_Electric_Co_Ltd__CX90MF-16P.json,output\provider_profiles\DIGIKEY__Hirose_Electric_Co_Ltd__CX90MF-16P.json
PMR-000081,Hirose Electric Co Ltd,CX90MF-16P,TME,Not Found,TME returned no products,Knowledge_Base\Current\TME\Product_Search\Hirose_Electric_Co_Ltd__CX90MF-16P.json,
PMR-000081,Hirose Electric Co Ltd,CX90MF-16P,Mouser,Downloaded,,Knowledge_Base\Current\Mouser\Part_Number_Search\Hirose_Electric_Co_Ltd__CX90MF-16P.json,output\provider_profiles\MOUSER__Hirose_Electric_Co_Ltd__CX90MF-16P.json
PMR-000082,GCT,USB4085-GF-A,DigiKey,Downloaded,,Knowledge_Base\Current\DigiKey\Product_Details\GCT__USB4085-GF-A.json,output\provider_profiles\DIGIKEY__GCT__USB4085-GF-A.json
PMR-000082,GCT,USB4085-GF-A,TME,Downloaded,,Knowledge_Base\Current\TME\Product_Search\GCT__USB4085-GF-A.json | Knowledge_Base\Current\TME\Product_Data\GCT__USB4085-GF-A.json | Knowledge_Base\Current\TME\Product_Parameters\GCT__USB4085-GF-A.json,output\provider_profiles\TME__GCT__USB4085-GF-A.json
PMR-000082,GCT,USB4085-GF-A,Mouser,Downloaded,,Knowledge_Base\Current\Mouser\Part_Number_Search\GCT__USB4085-GF-A.json,output\provider_profiles\MOUSER__GCT__USB4085-GF-A.json
PMR-000083,Amp,12401948E412A,DigiKey,Downloaded,,Knowledge_Base\Current\DigiKey\Product_Details\Amp__12401948E412A.json,output\provider_profiles\DIGIKEY__Amp__12401948E412A.json
PMR-000083,Amp,12401948E412A,TME,Not Found,TME returned no products,Knowledge_Base\Current\TME\Product_Search\Amp__12401948E412A.json,
PMR-000083,Amp,12401948E412A,Mouser,Downloaded,,Knowledge_Base\Current\Mouser\Part_Number_Search\Amp__12401948E412A.json,output\provider_profiles\MOUSER__Amp__12401948E412A.json
PMR-000084,SameSky,UJ32-C-V-G-FMT-2-P24,DigiKey,Downloaded,,Knowledge_Base\Current\DigiKey\Product_Details\SameSky__UJ32-C-V-G-FMT-2-P24.json,output\provider_profiles\DIGIKEY__SameSky__UJ32-C-V-G-FMT-2-P24.json
PMR-000084,SameSky,UJ32-C-V-G-FMT-2-P24,TME,Not Found,TME returned no products,Knowledge_Base\Current\TME\Product_Search\SameSky__UJ32-C-V-G-FMT-2-P24.json,
PMR-000084,SameSky,UJ32-C-V-G-FMT-2-P24,Mouser,Downloaded,,Knowledge_Base\Current\Mouser\Part_Number_Search\SameSky__UJ32-C-V-G-FMT-2-P24.json,output\provider_profiles\MOUSER__SameSky__UJ32-C-V-G-FMT-2-P24.json
PMR-000085,Molex,2169900001,DigiKey,Downloaded,,Knowledge_Base\Current\DigiKey\Product_Details\Molex__2169900001.json,output\provider_profiles\DIGIKEY__Molex__2169900001.json
PMR-000085,Molex,2169900001,TME,Downloaded,,Knowledge_Base\Current\TME\Product_Search\MOLEX__2169900001.json | Knowledge_Base\Current\TME\Product_Data\MOLEX__2169900001.json | Knowledge_Base\Current\TME\Product_Parameters\MOLEX__2169900001.json,output\provider_profiles\TME__Molex__2169900001.json
PMR-000085,Molex,2169900001,Mouser,Failed,HTTPError: 403 Client Error: Forbidden for url: https://api.mouser.com/api/v1/search/partnumber?apiKey=9ddef7f0-02ee-4bcf-b1e4-8ff038b36f45,,
PMR-000086,GCT,USB4110-GF-A,DigiKey,Downloaded,,Knowledge_Base\Current\DigiKey\Product_Details\GCT__USB4110-GF-A.json,output\provider_profiles\DIGIKEY__GCT__USB4110-GF-A.json
PMR-000086,GCT,USB4110-GF-A,TME,Downloaded,,Knowledge_Base\Current\TME\Product_Search\GCT__USB4110-GF-A.json | Knowledge_Base\Current\TME\Product_Data\GCT__USB4110-GF-A.json | Knowledge_Base\Current\TME\Product_Parameters\GCT__USB4110-GF-A.json,output\provider_profiles\TME__GCT__USB4110-GF-A.json
PMR-000086,GCT,USB4110-GF-A,Mouser,Downloaded,,Knowledge_Base\Current\Mouser\Part_Number_Search\GCT__USB4110-GF-A.json,output\provider_profiles\MOUSER__GCT__USB4110-GF-A.json
PMR-000087,Hirose Electric Co Ltd,FH26W-45S-0.3SHW(60),DigiKey,Downloaded,,Knowledge_Base\Current\DigiKey\Product_Details\Hirose_Electric_Co_Ltd__FH26W-45S-0.3SHW_60.json,output\provider_profiles\DIGIKEY__Hirose_Electric_Co_Ltd__FH26W-45S-0.3SHW_60.json
PMR-000087,Hirose Electric Co Ltd,FH26W-45S-0.3SHW(60),TME,Downloaded,,Knowledge_Base\Current\TME\Product_Search\HIROSE__FH26W-45S-0.3SHW_60.json | Knowledge_Base\Current\TME\Product_Data\HIROSE__FH26W-45S-0.3SHW_60.json | Knowledge_Base\Current\TME\Product_Parameters\HIROSE__FH26W-45S-0.3SHW_60.json,output\provider_profiles\TME__Hirose_Electric_Co_Ltd__FH26W-45S-0.3SHW_60.json
PMR-000087,Hirose Electric Co Ltd,FH26W-45S-0.3SHW(60),Mouser,Downloaded,,Knowledge_Base\Current\Mouser\Part_Number_Search\Hirose_Electric_Co_Ltd__FH26W-45S-0.3SHW_60.json,output\provider_profiles\MOUSER__Hirose_Electric_Co_Ltd__FH26W-45S-0.3SHW_60.json
PMR-000088,Molex,1040310811,DigiKey,Downloaded,,Knowledge_Base\Current\DigiKey\Product_Details\Molex__1040310811.json,output\provider_profiles\DIGIKEY__Molex__1040310811.json
PMR-000088,Molex,1040310811,TME,Downloaded,,Knowledge_Base\Current\TME\Product_Search\MOLEX__1040310811.json | Knowledge_Base\Current\TME\Product_Data\MOLEX__1040310811.json | Knowledge_Base\Current\TME\Product_Parameters\MOLEX__1040310811.json,output\provider_profiles\TME__Molex__1040310811.json
PMR-000088,Molex,1040310811,Mouser,Downloaded,,Knowledge_Base\Current\Mouser\Part_Number_Search\Molex__1040310811.json,output\provider_profiles\MOUSER__Molex__1040310811.json
PMR-000089,Würth Elektronik,693071010811,DigiKey,Downloaded,,Knowledge_Base\Current\DigiKey\Product_Details\W_rth_Elektronik__693071010811.json,output\provider_profiles\DIGIKEY__W_rth_Elektronik__693071010811.json
PMR-000089,Würth Elektronik,693071010811,TME,Not Found,TME returned no products,Knowledge_Base\Current\TME\Product_Search\W_rth_Elektronik__693071010811.json,
PMR-000089,Würth Elektronik,693071010811,Mouser,Downloaded,,Knowledge_Base\Current\Mouser\Part_Number_Search\W_rth_Elektronik__693071010811.json,output\provider_profiles\MOUSER__W_rth_Elektronik__693071010811.json
PMR-000090,Würth Elektronik,693072010801,DigiKey,Downloaded,,Knowledge_Base\Current\DigiKey\Product_Details\W_rth_Elektronik__693072010801.json,output\provider_profiles\DIGIKEY__W_rth_Elektronik__693072010801.json
PMR-000090,Würth Elektronik,693072010801,TME,Not Found,TME returned no products,Knowledge_Base\Current\TME\Product_Search\W_rth_Elektronik__693072010801.json,
PMR-000090,Würth Elektronik,693072010801,Mouser,Downloaded,,Knowledge_Base\Current\Mouser\Part_Number_Search\W_rth_Elektronik__693072010801.json,output\provider_profiles\MOUSER__W_rth_Elektronik__693072010801.json
PMR-000091,Molex,5025700893,DigiKey,Downloaded,,Knowledge_Base\Current\DigiKey\Product_Details\Molex__5025700893.json,output\provider_profiles\DIGIKEY__Molex__5025700893.json
PMR-000091,Molex,5025700893,TME,Downloaded,,Knowledge_Base\Current\TME\Product_Search\MOLEX__5025700893.json | Knowledge_Base\Current\TME\Product_Data\MOLEX__5025700893.json | Knowledge_Base\Current\TME\Product_Parameters\MOLEX__5025700893.json,output\provider_profiles\TME__Molex__5025700893.json
PMR-000091,Molex,5025700893,Mouser,Downloaded,,Knowledge_Base\Current\Mouser\Part_Number_Search\Molex__5025700893.json,output\provider_profiles\MOUSER__Molex__5025700893.json
PMR-000092,Wurth,632722200212,DigiKey,Downloaded,,Knowledge_Base\Current\DigiKey\Product_Details\Wurth__632722200212.json,output\provider_profiles\DIGIKEY__Wurth__632722200212.json
PMR-000092,Wurth,632722200212,TME,Not Found,TME returned no products,Knowledge_Base\Current\TME\Product_Search\Wurth__632722200212.json,
PMR-000092,Wurth,632722200212,Mouser,Downloaded,,Knowledge_Base\Current\Mouser\Part_Number_Search\Wurth__632722200212.json,output\provider_profiles\MOUSER__Wurth__632722200212.json
PMR-000093,Wurth,629722000214,DigiKey,Downloaded,,Knowledge_Base\Current\DigiKey\Product_Details\Wurth__629722000214.json,output\provider_profiles\DIGIKEY__Wurth__629722000214.json
PMR-000093,Wurth,629722000214,TME,Not Found,TME returned no products,Knowledge_Base\Current\TME\Product_Search\Wurth__629722000214.json,
PMR-000093,Wurth,629722000214,Mouser,Downloaded,,Knowledge_Base\Current\Mouser\Part_Number_Search\Wurth__629722000214.json,output\provider_profiles\MOUSER__Wurth__629722000214.json
PMR-000094,Microchip Technology,MCP4811-E/SN,DigiKey,Downloaded,,Knowledge_Base\Current\DigiKey\Product_Details\Microchip_Technology__MCP4811-E_SN.json,output\provider_profiles\DIGIKEY__Microchip_Technology__MCP4811-E_SN.json
PMR-000094,Microchip Technology,MCP4811-E/SN,TME,Downloaded,,Knowledge_Base\Current\TME\Product_Search\MICROCHIP_TECHNOLOGY__MCP4811-E_SN.json | Knowledge_Base\Current\TME\Product_Data\MICROCHIP_TECHNOLOGY__MCP4811-E_SN.json | Knowledge_Base\Current\TME\Product_Parameters\MICROCHIP_TECHNOLOGY__MCP4811-E_SN.json,output\provider_profiles\TME__Microchip_Technology__MCP4811-E_SN.json
PMR-000094,Microchip Technology,MCP4811-E/SN,Mouser,Downloaded,,Knowledge_Base\Current\Mouser\Part_Number_Search\Microchip_Technology__MCP4811-E_SN.json,output\provider_profiles\MOUSER__Microchip_Technology__MCP4811-E_SN.json
PMR-000095,Microchip Technology,MCP4812-E/SN,DigiKey,Downloaded,,Knowledge_Base\Current\DigiKey\Product_Details\Microchip_Technology__MCP4812-E_SN.json,output\provider_profiles\DIGIKEY__Microchip_Technology__MCP4812-E_SN.json
PMR-000095,Microchip Technology,MCP4812-E/SN,TME,Downloaded,,Knowledge_Base\Current\TME\Product_Search\MICROCHIP_TECHNOLOGY__MCP4812-E_SN.json | Knowledge_Base\Current\TME\Product_Data\MICROCHIP_TECHNOLOGY__MCP4812-E_SN.json | Knowledge_Base\Current\TME\Product_Parameters\MICROCHIP_TECHNOLOGY__MCP4812-E_SN.json,output\provider_profiles\TME__Microchip_Technology__MCP4812-E_SN.json
PMR-000095,Microchip Technology,MCP4812-E/SN,Mouser,Downloaded,,Knowledge_Base\Current\Mouser\Part_Number_Search\Microchip_Technology__MCP4812-E_SN.json,output\provider_profiles\MOUSER__Microchip_Technology__MCP4812-E_SN.json
PMR-000096,Analog Devices Inc./Maxim Integrated,LTC2630ISC6-LZ12#TRMPBF,DigiKey,Downloaded,,Knowledge_Base\Current\DigiKey\Product_Details\Analog_Devices_Inc._Maxim_Integrated__LTC2630ISC6-LZ12_TRMPBF.json,output\provider_profiles\DIGIKEY__Analog_Devices_Inc._Maxim_Integrated__LTC2630ISC6-LZ12_TRMPBF.json
PMR-000096,Analog Devices Inc./Maxim Integrated,LTC2630ISC6-LZ12#TRMPBF,TME,Not Found,TME returned no products,Knowledge_Base\Current\TME\Product_Search\Analog_Devices_Inc._Maxim_Integrated__LTC2630ISC6-LZ12_TRMPBF.json,
PMR-000096,Analog Devices Inc./Maxim Integrated,LTC2630ISC6-LZ12#TRMPBF,Mouser,Downloaded,,Knowledge_Base\Current\Mouser\Part_Number_Search\Analog_Devices_Inc._Maxim_Integrated__LTC2630ISC6-LZ12_TRMPBF.json,output\provider_profiles\MOUSER__Analog_Devices_Inc._Maxim_Integrated__LTC2630ISC6-LZ12_TRMPBF.json
PMR-000097,Microchip Technology,MCP4725A0T-E/CH,DigiKey,Downloaded,,Knowledge_Base\Current\DigiKey\Product_Details\Microchip_Technology__MCP4725A0T-E_CH.json,output\provider_profiles\DIGIKEY__Microchip_Technology__MCP4725A0T-E_CH.json
PMR-000097,Microchip Technology,MCP4725A0T-E/CH,TME,Downloaded,,Knowledge_Base\Current\TME\Product_Search\MICROCHIP_TECHNOLOGY__MCP4725A0T-E_CH.json | Knowledge_Base\Current\TME\Product_Data\MICROCHIP_TECHNOLOGY__MCP4725A0T-E_CH.json | Knowledge_Base\Current\TME\Product_Parameters\MICROCHIP_TECHNOLOGY__MCP4725A0T-E_CH.json,output\provider_profiles\TME__Microchip_Technology__MCP4725A0T-E_CH.json
PMR-000097,Microchip Technology,MCP4725A0T-E/CH,Mouser,Downloaded,,Knowledge_Base\Current\Mouser\Part_Number_Search\Microchip_Technology__MCP4725A0T-E_CH.json,output\provider_profiles\MOUSER__Microchip_Technology__MCP4725A0T-E_CH.json
PMR-000098,Diotec Semiconductor,1N4448W,DigiKey,Failed,"RuntimeError: DigiKey 404: 
            {
                ""type"": ""https://tools.ietf.org/html/rfc7231#section-6.5.4"",
                ""title"": ""Not Found"",
                ""status"": 404,
                ""detail"": ""Duplicate Products found for 1n4448w. Please narrow your search or provide manufacturerId"",
                ""instance"": """",
                ""correlationId"": ""f5d448ca-0bc0-41ae-d51e-357b4d9d34db"",
                ""errors"": []
            }
        ",,
PMR-000098,Diotec Semiconductor,1N4448W,TME,Downloaded,,Knowledge_Base\Current\TME\Product_Search\DIOTEC_SEMICONDUCTOR__1N4448W.json | Knowledge_Base\Current\TME\Product_Data\DIOTEC_SEMICONDUCTOR__1N4448W.json | Knowledge_Base\Current\TME\Product_Parameters\DIOTEC_SEMICONDUCTOR__1N4448W.json,output\provider_profiles\TME__Diotec_Semiconductor__1N4448W.json
PMR-000098,Diotec Semiconductor,1N4448W,Mouser,Downloaded,,Knowledge_Base\Current\Mouser\Part_Number_Search\Diotec_Semiconductor__1N4448W.json,output\provider_profiles\MOUSER__Diotec_Semiconductor__1N4448W.json
PMR-000099,Microchip Technology,SMBJ5361B/TR13,DigiKey,Downloaded,,Knowledge_Base\Current\DigiKey\Product_Details\Microchip_Technology__SMBJ5361B_TR13.json,output\provider_profiles\DIGIKEY__Microchip_Technology__SMBJ5361B_TR13.json
PMR-000099,Microchip Technology,SMBJ5361B/TR13,TME,Not Found,TME returned no products,Knowledge_Base\Current\TME\Product_Search\Microchip_Technology__SMBJ5361B_TR13.json,
PMR-000099,Microchip Technology,SMBJ5361B/TR13,Mouser,Downloaded,,Knowledge_Base\Current\Mouser\Part_Number_Search\Microchip_Technology__SMBJ5361B_TR13.json,output\provider_profiles\MOUSER__Microchip_Technology__SMBJ5361B_TR13.json
PMR-000100,Comchip,CDBU40,DigiKey,Downloaded,,Knowledge_Base\Current\DigiKey\Product_Details\Comchip__CDBU40.json,output\provider_profiles\DIGIKEY__Comchip__CDBU40.json
PMR-000100,Comchip,CDBU40,TME,Not Found,TME returned no products,Knowledge_Base\Current\TME\Product_Search\Comchip__CDBU40.json,
PMR-000100,Comchip,CDBU40,Mouser,Downloaded,,Knowledge_Base\Current\Mouser\Part_Number_Search\Comchip__CDBU40.json,output\provider_profiles\MOUSER__Comchip__CDBU40.json
PMR-000101,OnSemi,SS14,DigiKey,Already Cached,,Knowledge_Base\Current\DigiKey\Product_Details\OnSemi__SS14.json,output\provider_profiles\DIGIKEY__OnSemi__SS14.json
PMR-000101,OnSemi,SS14,TME,Downloaded,,Knowledge_Base\Current\TME\Product_Search\ONSEMI__SS14.json | Knowledge_Base\Current\TME\Product_Data\ONSEMI__SS14.json | Knowledge_Base\Current\TME\Product_Parameters\ONSEMI__SS14.json,output\provider_profiles\TME__OnSemi__SS14.json
PMR-000101,OnSemi,SS14,Mouser,Already Cached,,Knowledge_Base\Current\Mouser\Part_Number_Search\OnSemi__SS14.json,output\provider_profiles\MOUSER__OnSemi__SS14.json
PMR-000102,Taiwan Semi,TS4148 RCG,DigiKey,Downloaded,,Knowledge_Base\Current\DigiKey\Product_Details\Taiwan_Semi__TS4148_RCG.json,output\provider_profiles\DIGIKEY__Taiwan_Semi__TS4148_RCG.json
PMR-000102,Taiwan Semi,TS4148 RCG,TME,Downloaded,,Knowledge_Base\Current\TME\Product_Search\TAIWAN_SEMICONDUCTOR__TS4148_RCG.json | Knowledge_Base\Current\TME\Product_Data\TAIWAN_SEMICONDUCTOR__TS4148_RCG.json | Knowledge_Base\Current\TME\Product_Parameters\TAIWAN_SEMICONDUCTOR__TS4148_RCG.json,output\provider_profiles\TME__Taiwan_Semi__TS4148_RCG.json
PMR-000102,Taiwan Semi,TS4148 RCG,Mouser,Downloaded,,Knowledge_Base\Current\Mouser\Part_Number_Search\Taiwan_Semi__TS4148_RCG.json,output\provider_profiles\MOUSER__Taiwan_Semi__TS4148_RCG.json
PMR-000103,onsemi,MMSD914T1G,DigiKey,Downloaded,,Knowledge_Base\Current\DigiKey\Product_Details\onsemi__MMSD914T1G.json,output\provider_profiles\DIGIKEY__onsemi__MMSD914T1G.json
PMR-000103,onsemi,MMSD914T1G,TME,Downloaded,,Knowledge_Base\Current\TME\Product_Search\ONSEMI__MMSD914T1G.json | Knowledge_Base\Current\TME\Product_Data\ONSEMI__MMSD914T1G.json | Knowledge_Base\Current\TME\Product_Parameters\ONSEMI__MMSD914T1G.json,output\provider_profiles\TME__onsemi__MMSD914T1G.json
PMR-000103,onsemi,MMSD914T1G,Mouser,Downloaded,,Knowledge_Base\Current\Mouser\Part_Number_Search\onsemi__MMSD914T1G.json,output\provider_profiles\MOUSER__onsemi__MMSD914T1G.json
PMR-000104,Vishay General Semiconductor - Diodes Division,MB4S-E3/80,DigiKey,Downloaded,,Knowledge_Base\Current\DigiKey\Product_Details\Vishay_General_Semiconductor_-_Diodes_Division__MB4S-E3_80.json,output\provider_profiles\DIGIKEY__Vishay_General_Semiconductor_-_Diodes_Division__MB4S-E3_80.json
PMR-000104,Vishay General Semiconductor - Diodes Division,MB4S-E3/80,TME,Downloaded,,Knowledge_Base\Current\TME\Product_Search\VISHAY__MB4S-E3_80.json | Knowledge_Base\Current\TME\Product_Data\VISHAY__MB4S-E3_80.json | Knowledge_Base\Current\TME\Product_Parameters\VISHAY__MB4S-E3_80.json,output\provider_profiles\TME__Vishay_General_Semiconductor_-_Diodes_Division__MB4S-E3_80.json
PMR-000104,Vishay General Semiconductor - Diodes Division,MB4S-E3/80,Mouser,Downloaded,,Knowledge_Base\Current\Mouser\Part_Number_Search\Vishay_General_Semiconductor_-_Diodes_Division__MB4S-E3_80.json,output\provider_profiles\MOUSER__Vishay_General_Semiconductor_-_Diodes_Division__MB4S-E3_80.json
PMR-000105,Würth Elektronik,742792625,DigiKey,Downloaded,,Knowledge_Base\Current\DigiKey\Product_Details\W_rth_Elektronik__742792625.json,output\provider_profiles\DIGIKEY__W_rth_Elektronik__742792625.json
PMR-000105,Würth Elektronik,742792625,TME,Not Found,TME returned no products,Knowledge_Base\Current\TME\Product_Search\W_rth_Elektronik__742792625.json,
PMR-000105,Würth Elektronik,742792625,Mouser,Downloaded,,Knowledge_Base\Current\Mouser\Part_Number_Search\W_rth_Elektronik__742792625.json,output\provider_profiles\MOUSER__W_rth_Elektronik__742792625.json
PMR-000106,TDK Corporation,MPZ2012S331AT000,DigiKey,Downloaded,,Knowledge_Base\Current\DigiKey\Product_Details\TDK_Corporation__MPZ2012S331AT000.json,output\provider_profiles\DIGIKEY__TDK_Corporation__MPZ2012S331AT000.json
PMR-000106,TDK Corporation,MPZ2012S331AT000,TME,Downloaded,,Knowledge_Base\Current\TME\Product_Search\TDK__MPZ2012S331AT000.json | Knowledge_Base\Current\TME\Product_Data\TDK__MPZ2012S331AT000.json | Knowledge_Base\Current\TME\Product_Parameters\TDK__MPZ2012S331AT000.json,output\provider_profiles\TME__TDK_Corporation__MPZ2012S331AT000.json
PMR-000106,TDK Corporation,MPZ2012S331AT000,Mouser,Downloaded,,Knowledge_Base\Current\Mouser\Part_Number_Search\TDK_Corporation__MPZ2012S331AT000.json,output\provider_profiles\MOUSER__TDK_Corporation__MPZ2012S331AT000.json
PMR-000107,Wurth,742841160,DigiKey,Downloaded,,Knowledge_Base\Current\DigiKey\Product_Details\Wurth__742841160.json,output\provider_profiles\DIGIKEY__Wurth__742841160.json
PMR-000107,Wurth,742841160,TME,Not Found,TME returned no products,Knowledge_Base\Current\TME\Product_Search\Wurth__742841160.json,
PMR-000107,Wurth,742841160,Mouser,Downloaded,,Knowledge_Base\Current\Mouser\Part_Number_Search\Wurth__742841160.json,output\provider_profiles\MOUSER__Wurth__742841160.json
PMR-000108,OnSemi,FDMA1024NZ,DigiKey,Downloaded,,Knowledge_Base\Current\DigiKey\Product_Details\OnSemi__FDMA1024NZ.json,output\provider_profiles\DIGIKEY__OnSemi__FDMA1024NZ.json
PMR-000108,OnSemi,FDMA1024NZ,TME,Downloaded,,Knowledge_Base\Current\TME\Product_Search\ONSEMI__FDMA1024NZ.json | Knowledge_Base\Current\TME\Product_Data\ONSEMI__FDMA1024NZ.json | Knowledge_Base\Current\TME\Product_Parameters\ONSEMI__FDMA1024NZ.json,output\provider_profiles\TME__OnSemi__FDMA1024NZ.json
PMR-000108,OnSemi,FDMA1024NZ,Mouser,Downloaded,,Knowledge_Base\Current\Mouser\Part_Number_Search\OnSemi__FDMA1024NZ.json,output\provider_profiles\MOUSER__OnSemi__FDMA1024NZ.json
PMR-000109,Nexperia,PMV65XPVL,DigiKey,Already Cached,,Knowledge_Base\Current\DigiKey\Product_Details\Nexperia_USA_Inc__PMV65XPVL.json,output\provider_profiles\DIGIKEY__Nexperia__PMV65XPVL.json
PMR-000109,Nexperia,PMV65XPVL,TME,Downloaded,,Knowledge_Base\Current\TME\Product_Search\NEXPERIA__PMV65XPVL.json | Knowledge_Base\Current\TME\Product_Data\NEXPERIA__PMV65XPVL.json | Knowledge_Base\Current\TME\Product_Parameters\NEXPERIA__PMV65XPVL.json,output\provider_profiles\TME__Nexperia__PMV65XPVL.json
PMR-000109,Nexperia,PMV65XPVL,Mouser,Already Cached,,Knowledge_Base\Current\Mouser\Part_Number_Search\Nexperia_USA_Inc__PMV65XPVL.json,output\provider_profiles\MOUSER__Nexperia__PMV65XPVL.json
PMR-000110,OnSemi,FDN340P,DigiKey,Failed,"RuntimeError: DigiKey 404: 
            {
                ""type"": ""https://tools.ietf.org/html/rfc7231#section-6.5.4"",
                ""title"": ""Not Found"",
                ""status"": 404,
                ""detail"": ""Duplicate Products found for fdn340p. Please narrow your search or provide manufacturerId"",
                ""instance"": """",
                ""correlationId"": ""8530467c-54d3-4fc1-f8fa-54c11dbf365a"",
                ""errors"": []
            }
        ",,
PMR-000110,OnSemi,FDN340P,TME,Downloaded,,Knowledge_Base\Current\TME\Product_Search\ONSEMI__FDN340P.json | Knowledge_Base\Current\TME\Product_Data\ONSEMI__FDN340P.json | Knowledge_Base\Current\TME\Product_Parameters\ONSEMI__FDN340P.json,output\provider_profiles\TME__OnSemi__FDN340P.json
PMR-000110,OnSemi,FDN340P,Mouser,Downloaded,,Knowledge_Base\Current\Mouser\Part_Number_Search\OnSemi__FDN340P.json,output\provider_profiles\MOUSER__OnSemi__FDN340P.json
PMR-000111,OnSemi,2N7002,DigiKey,Failed,"RuntimeError: DigiKey 404: 
            {
                ""type"": ""https://tools.ietf.org/html/rfc7231#section-6.5.4"",
                ""title"": ""Not Found"",
                ""status"": 404,
                ""detail"": ""Duplicate Products found for 2n7002. Please narrow your search or provide manufacturerId"",
                ""instance"": """",
                ""correlationId"": ""98e22512-bcad-46ad-f393-532605f6e59f"",
                ""errors"": []
            }
        ",,
PMR-000111,OnSemi,2N7002,TME,Downloaded,,Knowledge_Base\Current\TME\Product_Search\DIOTEC_SEMICONDUCTOR__2N7002.json | Knowledge_Base\Current\TME\Product_Data\DIOTEC_SEMICONDUCTOR__2N7002.json | Knowledge_Base\Current\TME\Product_Parameters\DIOTEC_SEMICONDUCTOR__2N7002.json,output\provider_profiles\TME__OnSemi__2N7002.json
PMR-000111,OnSemi,2N7002,Mouser,Downloaded,,Knowledge_Base\Current\Mouser\Part_Number_Search\OnSemi__2N7002.json,output\provider_profiles\MOUSER__OnSemi__2N7002.json
PMR-000112,Bel Fuse Inc.,0ZAF0005FF28,DigiKey,Downloaded,,Knowledge_Base\Current\DigiKey\Product_Details\Bel_Fuse_Inc__0ZAF0005FF28.json,output\provider_profiles\DIGIKEY__Bel_Fuse_Inc.__0ZAF0005FF28.json
PMR-000112,Bel Fuse Inc.,0ZAF0005FF28,TME,Downloaded,,Knowledge_Base\Current\TME\Product_Search\BEL_FUSE__0ZAF0005FF28.json | Knowledge_Base\Current\TME\Product_Data\BEL_FUSE__0ZAF0005FF28.json | Knowledge_Base\Current\TME\Product_Parameters\BEL_FUSE__0ZAF0005FF28.json,output\provider_profiles\TME__Bel_Fuse_Inc.__0ZAF0005FF28.json
PMR-000112,Bel Fuse Inc.,0ZAF0005FF28,Mouser,Downloaded,,Knowledge_Base\Current\Mouser\Part_Number_Search\Bel_Fuse_Inc__0ZAF0005FF28.json,output\provider_profiles\MOUSER__Bel_Fuse_Inc.__0ZAF0005FF28.json
PMR-000113,Littelfuse Inc.,1206L110YR,DigiKey,Failed,"RuntimeError: DigiKey 404: 
            {
                ""type"": ""https://tools.ietf.org/html/rfc7231#section-6.5.4"",
                ""title"": ""Not Found"",
                ""status"": 404,
                ""detail"": ""Requested Product 1206l110yr Not Found"",
                ""instance"": """",
                ""correlationId"": ""7f31700d-4850-4b90-f9aa-5d4ac811182a"",
                ""errors"": []
            }
        ",,
PMR-000113,Littelfuse Inc.,1206L110YR,TME,Not Found,TME returned no products,Knowledge_Base\Current\TME\Product_Search\Littelfuse_Inc__1206L110YR.json,
PMR-000113,Littelfuse Inc.,1206L110YR,Mouser,Not Found,Mouser returned no parts,Knowledge_Base\Current\Mouser\Part_Number_Search\Littelfuse_Inc__1206L110YR.json,
PMR-000114,Littelfuse Inc.,36912000000,DigiKey,Downloaded,,Knowledge_Base\Current\DigiKey\Product_Details\Littelfuse_Inc__36912000000.json,output\provider_profiles\DIGIKEY__Littelfuse_Inc.__36912000000.json
PMR-000114,Littelfuse Inc.,36912000000,TME,Downloaded,,Knowledge_Base\Current\TME\Product_Search\LITTELFUSE__36912000000.json | Knowledge_Base\Current\TME\Product_Data\LITTELFUSE__36912000000.json | Knowledge_Base\Current\TME\Product_Parameters\LITTELFUSE__36912000000.json,output\provider_profiles\TME__Littelfuse_Inc.__36912000000.json
PMR-000114,Littelfuse Inc.,36912000000,Mouser,Downloaded,,Knowledge_Base\Current\Mouser\Part_Number_Search\Littelfuse_Inc__36912000000.json,output\provider_profiles\MOUSER__Littelfuse_Inc.__36912000000.json
PMR-000115,Bourns Inc.,MF-MSMF250/16X-2,DigiKey,Downloaded,,Knowledge_Base\Current\DigiKey\Product_Details\Bourns_Inc__MF-MSMF250_16X-2.json,output\provider_profiles\DIGIKEY__Bourns_Inc.__MF-MSMF250_16X-2.json
PMR-000115,Bourns Inc.,MF-MSMF250/16X-2,TME,Downloaded,,Knowledge_Base\Current\TME\Product_Search\BOURNS__MF-MSMF250_16X-2.json | Knowledge_Base\Current\TME\Product_Data\BOURNS__MF-MSMF250_16X-2.json | Knowledge_Base\Current\TME\Product_Parameters\BOURNS__MF-MSMF250_16X-2.json,output\provider_profiles\TME__Bourns_Inc.__MF-MSMF250_16X-2.json
PMR-000115,Bourns Inc.,MF-MSMF250/16X-2,Mouser,Downloaded,,Knowledge_Base\Current\Mouser\Part_Number_Search\Bourns_Inc__MF-MSMF250_16X-2.json,output\provider_profiles\MOUSER__Bourns_Inc.__MF-MSMF250_16X-2.json
PMR-000116,Bel Fuse Inc.,0683G5000-01,DigiKey,Downloaded,,Knowledge_Base\Current\DigiKey\Product_Details\Bel_Fuse_Inc__0683G5000-01.json,output\provider_profiles\DIGIKEY__Bel_Fuse_Inc.__0683G5000-01.json
PMR-000116,Bel Fuse Inc.,0683G5000-01,TME,Downloaded,,Knowledge_Base\Current\TME\Product_Search\BEL_FUSE__0683G5000-01.json | Knowledge_Base\Current\TME\Product_Data\BEL_FUSE__0683G5000-01.json | Knowledge_Base\Current\TME\Product_Parameters\BEL_FUSE__0683G5000-01.json,output\provider_profiles\TME__Bel_Fuse_Inc.__0683G5000-01.json
PMR-000116,Bel Fuse Inc.,0683G5000-01,Mouser,Downloaded,,Knowledge_Base\Current\Mouser\Part_Number_Search\Bel_Fuse_Inc__0683G5000-01.json,output\provider_profiles\MOUSER__Bel_Fuse_Inc.__0683G5000-01.json
PMR-000117,TI,ADPL62083UR30O+T,DigiKey,Downloaded,,Knowledge_Base\Current\DigiKey\Product_Details\TI__ADPL62083UR30O_T.json,output\provider_profiles\DIGIKEY__TI__ADPL62083UR30O_T.json
PMR-000117,TI,ADPL62083UR30O+T,TME,Not Found,TME returned no products,Knowledge_Base\Current\TME\Product_Search\TI__ADPL62083UR30O_T.json,
PMR-000117,TI,ADPL62083UR30O+T,Mouser,Downloaded,,Knowledge_Base\Current\Mouser\Part_Number_Search\TI__ADPL62083UR30O_T.json,output\provider_profiles\MOUSER__TI__ADPL62083UR30O_T.json
PMR-000118,Microchip Technology,MCP121T-315E/TT,DigiKey,Downloaded,,Knowledge_Base\Current\DigiKey\Product_Details\Microchip_Technology__MCP121T-315E_TT.json,output\provider_profiles\DIGIKEY__Microchip_Technology__MCP121T-315E_TT.json
PMR-000118,Microchip Technology,MCP121T-315E/TT,TME,Downloaded,,Knowledge_Base\Current\TME\Product_Search\MICROCHIP_TECHNOLOGY__MCP121T-315E_TT.json | Knowledge_Base\Current\TME\Product_Data\MICROCHIP_TECHNOLOGY__MCP121T-315E_TT.json | Knowledge_Base\Current\TME\Product_Parameters\MICROCHIP_TECHNOLOGY__MCP121T-315E_TT.json,output\provider_profiles\TME__Microchip_Technology__MCP121T-315E_TT.json
PMR-000118,Microchip Technology,MCP121T-315E/TT,Mouser,Downloaded,,Knowledge_Base\Current\Mouser\Part_Number_Search\Microchip_Technology__MCP121T-315E_TT.json,output\provider_profiles\MOUSER__Microchip_Technology__MCP121T-315E_TT.json
PMR-000119,Maxim,MAX17048G+T10,DigiKey,Downloaded,,Knowledge_Base\Current\DigiKey\Product_Details\Maxim__MAX17048G_T10.json,output\provider_profiles\DIGIKEY__Maxim__MAX17048G_T10.json
PMR-000119,Maxim,MAX17048G+T10,TME,Not Found,TME returned no products,Knowledge_Base\Current\TME\Product_Search\Maxim__MAX17048G_T10.json,
PMR-000119,Maxim,MAX17048G+T10,Mouser,Downloaded,,Knowledge_Base\Current\Mouser\Part_Number_Search\Maxim__MAX17048G_T10.json,output\provider_profiles\MOUSER__Maxim__MAX17048G_T10.json
PMR-000120,Analog Devices Inc.,LTC4412ES6#TRMPBF,DigiKey,Downloaded,,Knowledge_Base\Current\DigiKey\Product_Details\Analog_Devices_Inc__LTC4412ES6_TRMPBF.json,output\provider_profiles\DIGIKEY__Analog_Devices_Inc.__LTC4412ES6_TRMPBF.json
PMR-000120,Analog Devices Inc.,LTC4412ES6#TRMPBF,TME,Downloaded,,Knowledge_Base\Current\TME\Product_Search\Analog_Devices__LTC4412ES6_TRMPBF.json | Knowledge_Base\Current\TME\Product_Data\Analog_Devices__LTC4412ES6_TRMPBF.json | Knowledge_Base\Current\TME\Product_Parameters\Analog_Devices__LTC4412ES6_TRMPBF.json,output\provider_profiles\TME__Analog_Devices_Inc.__LTC4412ES6_TRMPBF.json
PMR-000120,Analog Devices Inc.,LTC4412ES6#TRMPBF,Mouser,Downloaded,,Knowledge_Base\Current\Mouser\Part_Number_Search\Analog_Devices_Inc__LTC4412ES6_TRMPBF.json,output\provider_profiles\MOUSER__Analog_Devices_Inc.__LTC4412ES6_TRMPBF.json
PMR-000121,Nexperia,TXB0104QRUTRQ1,DigiKey,Downloaded,,Knowledge_Base\Current\DigiKey\Product_Details\Nexperia__TXB0104QRUTRQ1.json,output\provider_profiles\DIGIKEY__Nexperia__TXB0104QRUTRQ1.json
PMR-000121,Nexperia,TXB0104QRUTRQ1,TME,Not Found,TME returned no products,Knowledge_Base\Current\TME\Product_Search\Nexperia__TXB0104QRUTRQ1.json,
PMR-000121,Nexperia,TXB0104QRUTRQ1,Mouser,Downloaded,,Knowledge_Base\Current\Mouser\Part_Number_Search\Nexperia__TXB0104QRUTRQ1.json,output\provider_profiles\MOUSER__Nexperia__TXB0104QRUTRQ1.json
PMR-000122,TI,TPS22965DSGR,DigiKey,Downloaded,,Knowledge_Base\Current\DigiKey\Product_Details\TI__TPS22965DSGR.json,output\provider_profiles\DIGIKEY__TI__TPS22965DSGR.json
PMR-000122,TI,TPS22965DSGR,TME,Downloaded,,Knowledge_Base\Current\TME\Product_Search\TEXAS_INSTRUMENTS__TPS22965DSGR.json | Knowledge_Base\Current\TME\Product_Data\TEXAS_INSTRUMENTS__TPS22965DSGR.json | Knowledge_Base\Current\TME\Product_Parameters\TEXAS_INSTRUMENTS__TPS22965DSGR.json,output\provider_profiles\TME__TI__TPS22965DSGR.json
PMR-000122,TI,TPS22965DSGR,Mouser,Downloaded,,Knowledge_Base\Current\Mouser\Part_Number_Search\TI__TPS22965DSGR.json,output\provider_profiles\MOUSER__TI__TPS22965DSGR.json
PMR-000123,OnSemi,CM1624-08DE,DigiKey,Downloaded,,Knowledge_Base\Current\DigiKey\Product_Details\OnSemi__CM1624-08DE.json,output\provider_profiles\DIGIKEY__OnSemi__CM1624-08DE.json
PMR-000123,OnSemi,CM1624-08DE,TME,Not Found,TME returned no products,Knowledge_Base\Current\TME\Product_Search\OnSemi__CM1624-08DE.json,
PMR-000123,OnSemi,CM1624-08DE,Mouser,Downloaded,,Knowledge_Base\Current\Mouser\Part_Number_Search\OnSemi__CM1624-08DE.json,output\provider_profiles\MOUSER__OnSemi__CM1624-08DE.json
PMR-000124,TI,OPA4391PWR,DigiKey,Downloaded,,Knowledge_Base\Current\DigiKey\Product_Details\TI__OPA4391PWR.json,output\provider_profiles\DIGIKEY__TI__OPA4391PWR.json
PMR-000124,TI,OPA4391PWR,TME,Not Found,TME returned no products,Knowledge_Base\Current\TME\Product_Search\TI__OPA4391PWR.json,
PMR-000124,TI,OPA4391PWR,Mouser,Downloaded,,Knowledge_Base\Current\Mouser\Part_Number_Search\TI__OPA4391PWR.json,output\provider_profiles\MOUSER__TI__OPA4391PWR.json
PMR-000125,Microchip Technology,MCP2515T-I/ML,DigiKey,Downloaded,,Knowledge_Base\Current\DigiKey\Product_Details\Microchip_Technology__MCP2515T-I_ML.json,output\provider_profiles\DIGIKEY__Microchip_Technology__MCP2515T-I_ML.json
PMR-000125,Microchip Technology,MCP2515T-I/ML,TME,Downloaded,,Knowledge_Base\Current\TME\Product_Search\MICROCHIP_TECHNOLOGY__MCP2515T-I_ML.json | Knowledge_Base\Current\TME\Product_Data\MICROCHIP_TECHNOLOGY__MCP2515T-I_ML.json | Knowledge_Base\Current\TME\Product_Parameters\MICROCHIP_TECHNOLOGY__MCP2515T-I_ML.json,output\provider_profiles\TME__Microchip_Technology__MCP2515T-I_ML.json
PMR-000125,Microchip Technology,MCP2515T-I/ML,Mouser,Downloaded,,Knowledge_Base\Current\Mouser\Part_Number_Search\Microchip_Technology__MCP2515T-I_ML.json,output\provider_profiles\MOUSER__Microchip_Technology__MCP2515T-I_ML.json
PMR-000126,Microchip Technology,MCP2515-I/SO,DigiKey,Downloaded,,Knowledge_Base\Current\DigiKey\Product_Details\Microchip_Technology__MCP2515-I_SO.json,output\provider_profiles\DIGIKEY__Microchip_Technology__MCP2515-I_SO.json
PMR-000126,Microchip Technology,MCP2515-I/SO,TME,Downloaded,,Knowledge_Base\Current\TME\Product_Search\MICROCHIP_TECHNOLOGY__MCP2515-I_SO.json | Knowledge_Base\Current\TME\Product_Data\MICROCHIP_TECHNOLOGY__MCP2515-I_SO.json | Knowledge_Base\Current\TME\Product_Parameters\MICROCHIP_TECHNOLOGY__MCP2515-I_SO.json,output\provider_profiles\TME__Microchip_Technology__MCP2515-I_SO.json
PMR-000126,Microchip Technology,MCP2515-I/SO,Mouser,Downloaded,,Knowledge_Base\Current\Mouser\Part_Number_Search\Microchip_Technology__MCP2515-I_SO.json,output\provider_profiles\MOUSER__Microchip_Technology__MCP2515-I_SO.json
PMR-000127,Microchip Technology,MCP2561T-E/SN,DigiKey,Downloaded,,Knowledge_Base\Current\DigiKey\Product_Details\Microchip_Technology__MCP2561T-E_SN.json,output\provider_profiles\DIGIKEY__Microchip_Technology__MCP2561T-E_SN.json
PMR-000127,Microchip Technology,MCP2561T-E/SN,TME,Downloaded,,Knowledge_Base\Current\TME\Product_Search\MICROCHIP_TECHNOLOGY__MCP2561T-E_SN.json | Knowledge_Base\Current\TME\Product_Data\MICROCHIP_TECHNOLOGY__MCP2561T-E_SN.json | Knowledge_Base\Current\TME\Product_Parameters\MICROCHIP_TECHNOLOGY__MCP2561T-E_SN.json,output\provider_profiles\TME__Microchip_Technology__MCP2561T-E_SN.json
PMR-000127,Microchip Technology,MCP2561T-E/SN,Mouser,Downloaded,,Knowledge_Base\Current\Mouser\Part_Number_Search\Microchip_Technology__MCP2561T-E_SN.json,output\provider_profiles\MOUSER__Microchip_Technology__MCP2561T-E_SN.json
PMR-000128,Texas Instruments,LM311DR,DigiKey,Failed,"RuntimeError: DigiKey 404: 
            {
                ""type"": ""https://tools.ietf.org/html/rfc7231#section-6.5.4"",
                ""title"": ""Not Found"",
                ""status"": 404,
                ""detail"": ""Duplicate Products found for lm311dr. Please narrow your search or provide manufacturerId"",
                ""instance"": """",
                ""correlationId"": ""3594a528-20f2-42bc-8656-b2760b7100c0"",
                ""errors"": []
            }
        ",,
PMR-000128,Texas Instruments,LM311DR,TME,Downloaded,,Knowledge_Base\Current\TME\Product_Search\TEXAS_INSTRUMENTS__LM311DR.json | Knowledge_Base\Current\TME\Product_Data\TEXAS_INSTRUMENTS__LM311DR.json | Knowledge_Base\Current\TME\Product_Parameters\TEXAS_INSTRUMENTS__LM311DR.json,output\provider_profiles\TME__Texas_Instruments__LM311DR.json
PMR-000128,Texas Instruments,LM311DR,Mouser,Downloaded,,Knowledge_Base\Current\Mouser\Part_Number_Search\Texas_Instruments__LM311DR.json,output\provider_profiles\MOUSER__Texas_Instruments__LM311DR.json
PMR-000129,Texas Instruments,LM2903BIDR,DigiKey,Downloaded,,Knowledge_Base\Current\DigiKey\Product_Details\Texas_Instruments__LM2903BIDR.json,output\provider_profiles\DIGIKEY__Texas_Instruments__LM2903BIDR.json
PMR-000129,Texas Instruments,LM2903BIDR,TME,Not Found,TME returned no products,Knowledge_Base\Current\TME\Product_Search\Texas_Instruments__LM2903BIDR.json,
PMR-000129,Texas Instruments,LM2903BIDR,Mouser,Downloaded,,Knowledge_Base\Current\Mouser\Part_Number_Search\Texas_Instruments__LM2903BIDR.json,output\provider_profiles\MOUSER__Texas_Instruments__LM2903BIDR.json
PMR-000130,Allegro MicroSystems,ACS71240LLCBTR-010B3,DigiKey,Downloaded,,Knowledge_Base\Current\DigiKey\Product_Details\Allegro_MicroSystems__ACS71240LLCBTR-010B3.json,output\provider_profiles\DIGIKEY__Allegro_MicroSystems__ACS71240LLCBTR-010B3.json
PMR-000130,Allegro MicroSystems,ACS71240LLCBTR-010B3,TME,Not Found,TME returned no products,Knowledge_Base\Current\TME\Product_Search\Allegro_MicroSystems__ACS71240LLCBTR-010B3.json,
PMR-000130,Allegro MicroSystems,ACS71240LLCBTR-010B3,Mouser,Downloaded,,Knowledge_Base\Current\Mouser\Part_Number_Search\Allegro_MicroSystems__ACS71240LLCBTR-010B3.json,output\provider_profiles\MOUSER__Allegro_MicroSystems__ACS71240LLCBTR-010B3.json
PMR-000131,Diodes Incorporated,APX803S-31SA-7,DigiKey,Downloaded,,Knowledge_Base\Current\DigiKey\Product_Details\Diodes_Incorporated__APX803S-31SA-7.json,output\provider_profiles\DIGIKEY__Diodes_Incorporated__APX803S-31SA-7.json
PMR-000131,Diodes Incorporated,APX803S-31SA-7,TME,Downloaded,,Knowledge_Base\Current\TME\Product_Search\DIODES_INCORPORATED__APX803S-31SA-7.json | Knowledge_Base\Current\TME\Product_Data\DIODES_INCORPORATED__APX803S-31SA-7.json | Knowledge_Base\Current\TME\Product_Parameters\DIODES_INCORPORATED__APX803S-31SA-7.json,output\provider_profiles\TME__Diodes_Incorporated__APX803S-31SA-7.json
PMR-000131,Diodes Incorporated,APX803S-31SA-7,Mouser,Downloaded,,Knowledge_Base\Current\Mouser\Part_Number_Search\Diodes_Incorporated__APX803S-31SA-7.json,output\provider_profiles\MOUSER__Diodes_Incorporated__APX803S-31SA-7.json
PMR-000132,Texas Instruments,SN74LVC1G08DBVT,DigiKey,Downloaded,,Knowledge_Base\Current\DigiKey\Product_Details\Texas_Instruments__SN74LVC1G08DBVT.json,output\provider_profiles\DIGIKEY__Texas_Instruments__SN74LVC1G08DBVT.json
PMR-000132,Texas Instruments,SN74LVC1G08DBVT,TME,Downloaded,,Knowledge_Base\Current\TME\Product_Search\TEXAS_INSTRUMENTS__SN74LVC1G08DBVT.json | Knowledge_Base\Current\TME\Product_Data\TEXAS_INSTRUMENTS__SN74LVC1G08DBVT.json | Knowledge_Base\Current\TME\Product_Parameters\TEXAS_INSTRUMENTS__SN74LVC1G08DBVT.json,output\provider_profiles\TME__Texas_Instruments__SN74LVC1G08DBVT.json
PMR-000132,Texas Instruments,SN74LVC1G08DBVT,Mouser,Downloaded,,Knowledge_Base\Current\Mouser\Part_Number_Search\Texas_Instruments__SN74LVC1G08DBVT.json,output\provider_profiles\MOUSER__Texas_Instruments__SN74LVC1G08DBVT.json
PMR-000133,Analog Devices Inc./Maxim Integrated,MAX31865AAP+,DigiKey,Downloaded,,Knowledge_Base\Current\DigiKey\Product_Details\Analog_Devices_Inc._Maxim_Integrated__MAX31865AAP.json,output\provider_profiles\DIGIKEY__Analog_Devices_Inc._Maxim_Integrated__MAX31865AAP.json
PMR-000133,Analog Devices Inc./Maxim Integrated,MAX31865AAP+,TME,Not Found,TME returned no products,Knowledge_Base\Current\TME\Product_Search\Analog_Devices_Inc._Maxim_Integrated__MAX31865AAP.json,
PMR-000133,Analog Devices Inc./Maxim Integrated,MAX31865AAP+,Mouser,Downloaded,,Knowledge_Base\Current\Mouser\Part_Number_Search\Analog_Devices_Inc._Maxim_Integrated__MAX31865AAP.json,output\provider_profiles\MOUSER__Analog_Devices_Inc._Maxim_Integrated__MAX31865AAP.json
PMR-000134,Analog Devices,MAX38888ATD+T,DigiKey,Downloaded,,Knowledge_Base\Current\DigiKey\Product_Details\Analog_Devices__MAX38888ATD_T.json,output\provider_profiles\DIGIKEY__Analog_Devices__MAX38888ATD_T.json
PMR-000134,Analog Devices,MAX38888ATD+T,TME,Not Found,TME returned no products,Knowledge_Base\Current\TME\Product_Search\Analog_Devices__MAX38888ATD_T.json,
PMR-000134,Analog Devices,MAX38888ATD+T,Mouser,Downloaded,,Knowledge_Base\Current\Mouser\Part_Number_Search\Analog_Devices__MAX38888ATD_T.json,output\provider_profiles\MOUSER__Analog_Devices__MAX38888ATD_T.json
PMR-000135,OnSemi,TL331VSN4T1G,DigiKey,Downloaded,,Knowledge_Base\Current\DigiKey\Product_Details\OnSemi__TL331VSN4T1G.json,output\provider_profiles\DIGIKEY__OnSemi__TL331VSN4T1G.json
PMR-000135,OnSemi,TL331VSN4T1G,TME,Not Found,TME returned no products,Knowledge_Base\Current\TME\Product_Search\OnSemi__TL331VSN4T1G.json,
PMR-000135,OnSemi,TL331VSN4T1G,Mouser,Downloaded,,Knowledge_Base\Current\Mouser\Part_Number_Search\OnSemi__TL331VSN4T1G.json,output\provider_profiles\MOUSER__OnSemi__TL331VSN4T1G.json
PMR-000136,Texas Instruments,LM2903BIDDFR,DigiKey,Downloaded,,Knowledge_Base\Current\DigiKey\Product_Details\Texas_Instruments__LM2903BIDDFR.json,output\provider_profiles\DIGIKEY__Texas_Instruments__LM2903BIDDFR.json
PMR-000136,Texas Instruments,LM2903BIDDFR,TME,Not Found,TME returned no products,Knowledge_Base\Current\TME\Product_Search\Texas_Instruments__LM2903BIDDFR.json,
PMR-000136,Texas Instruments,LM2903BIDDFR,Mouser,Downloaded,,Knowledge_Base\Current\Mouser\Part_Number_Search\Texas_Instruments__LM2903BIDDFR.json,output\provider_profiles\MOUSER__Texas_Instruments__LM2903BIDDFR.json
PMR-000137,Texas Instruments,TSC2007IPWR,DigiKey,Downloaded,,Knowledge_Base\Current\DigiKey\Product_Details\Texas_Instruments__TSC2007IPWR.json,output\provider_profiles\DIGIKEY__Texas_Instruments__TSC2007IPWR.json
PMR-000137,Texas Instruments,TSC2007IPWR,TME,Downloaded,,Knowledge_Base\Current\TME\Product_Search\TEXAS_INSTRUMENTS__TSC2007IPWR.json | Knowledge_Base\Current\TME\Product_Data\TEXAS_INSTRUMENTS__TSC2007IPWR.json | Knowledge_Base\Current\TME\Product_Parameters\TEXAS_INSTRUMENTS__TSC2007IPWR.json,output\provider_profiles\TME__Texas_Instruments__TSC2007IPWR.json
PMR-000137,Texas Instruments,TSC2007IPWR,Mouser,Downloaded,,Knowledge_Base\Current\Mouser\Part_Number_Search\Texas_Instruments__TSC2007IPWR.json,output\provider_profiles\MOUSER__Texas_Instruments__TSC2007IPWR.json
PMR-000138,Microchip Technology,MCP2515-I/ST,DigiKey,Downloaded,,Knowledge_Base\Current\DigiKey\Product_Details\Microchip_Technology__MCP2515-I_ST.json,output\provider_profiles\DIGIKEY__Microchip_Technology__MCP2515-I_ST.json
PMR-000138,Microchip Technology,MCP2515-I/ST,TME,Downloaded,,Knowledge_Base\Current\TME\Product_Search\MICROCHIP_TECHNOLOGY__MCP2515-I_ST.json | Knowledge_Base\Current\TME\Product_Data\MICROCHIP_TECHNOLOGY__MCP2515-I_ST.json | Knowledge_Base\Current\TME\Product_Parameters\MICROCHIP_TECHNOLOGY__MCP2515-I_ST.json,output\provider_profiles\TME__Microchip_Technology__MCP2515-I_ST.json
PMR-000138,Microchip Technology,MCP2515-I/ST,Mouser,Downloaded,,Knowledge_Base\Current\Mouser\Part_Number_Search\Microchip_Technology__MCP2515-I_ST.json,output\provider_profiles\MOUSER__Microchip_Technology__MCP2515-I_ST.json
PMR-000139,Texas Instruments,TCA9548APWR,DigiKey,Downloaded,,Knowledge_Base\Current\DigiKey\Product_Details\Texas_Instruments__TCA9548APWR.json,output\provider_profiles\DIGIKEY__Texas_Instruments__TCA9548APWR.json
PMR-000139,Texas Instruments,TCA9548APWR,TME,Downloaded,,Knowledge_Base\Current\TME\Product_Search\TEXAS_INSTRUMENTS__TCA9548APWR.json | Knowledge_Base\Current\TME\Product_Data\TEXAS_INSTRUMENTS__TCA9548APWR.json | Knowledge_Base\Current\TME\Product_Parameters\TEXAS_INSTRUMENTS__TCA9548APWR.json,output\provider_profiles\TME__Texas_Instruments__TCA9548APWR.json
PMR-000139,Texas Instruments,TCA9548APWR,Mouser,Downloaded,,Knowledge_Base\Current\Mouser\Part_Number_Search\Texas_Instruments__TCA9548APWR.json,output\provider_profiles\MOUSER__Texas_Instruments__TCA9548APWR.json
PMR-000140,Würth Elektronik,744383130033,DigiKey,Downloaded,,Knowledge_Base\Current\DigiKey\Product_Details\W_rth_Elektronik__744383130033.json,output\provider_profiles\DIGIKEY__W_rth_Elektronik__744383130033.json
PMR-000140,Würth Elektronik,744383130033,TME,Not Found,TME returned no products,Knowledge_Base\Current\TME\Product_Search\W_rth_Elektronik__744383130033.json,
PMR-000140,Würth Elektronik,744383130033,Mouser,Downloaded,,Knowledge_Base\Current\Mouser\Part_Number_Search\W_rth_Elektronik__744383130033.json,output\provider_profiles\MOUSER__W_rth_Elektronik__744383130033.json
PMR-000141,Coilcraft,XFL4015-471MEC,DigiKey,Already Cached,,Knowledge_Base\Current\DigiKey\Product_Details\Coilcraft__XFL4015-471MEC.json,output\provider_profiles\DIGIKEY__Coilcraft__XFL4015-471MEC.json
PMR-000141,Coilcraft,XFL4015-471MEC,TME,Not Found,TME returned no products,Knowledge_Base\Current\TME\Product_Search\Coilcraft__XFL4015-471MEC.json,
PMR-000141,Coilcraft,XFL4015-471MEC,Mouser,Already Cached,,Knowledge_Base\Current\Mouser\Part_Number_Search\Coilcraft__XFL4015-471MEC.json,output\provider_profiles\MOUSER__Coilcraft__XFL4015-471MEC.json
PMR-000142,Murata,LQM21PN2R2MC0D,DigiKey,Downloaded,,Knowledge_Base\Current\DigiKey\Product_Details\Murata__LQM21PN2R2MC0D.json,output\provider_profiles\DIGIKEY__Murata__LQM21PN2R2MC0D.json
PMR-000142,Murata,LQM21PN2R2MC0D,TME,Downloaded,,Knowledge_Base\Current\TME\Product_Search\MURATA__LQM21PN2R2MC0D.json | Knowledge_Base\Current\TME\Product_Data\MURATA__LQM21PN2R2MC0D.json | Knowledge_Base\Current\TME\Product_Parameters\MURATA__LQM21PN2R2MC0D.json,output\provider_profiles\TME__Murata__LQM21PN2R2MC0D.json
PMR-000142,Murata,LQM21PN2R2MC0D,Mouser,Downloaded,,Knowledge_Base\Current\Mouser\Part_Number_Search\Murata__LQM21PN2R2MC0D.json,output\provider_profiles\MOUSER__Murata__LQM21PN2R2MC0D.json
PMR-000143,Coilcraft,XAL4020-222ME,DigiKey,Failed,"RuntimeError: DigiKey 404: 
            {
                ""type"": ""https://tools.ietf.org/html/rfc7231#section-6.5.4"",
                ""title"": ""Not Found"",
                ""status"": 404,
                ""detail"": ""Requested Product xal4020-222me Not Found"",
                ""instance"": """",
                ""correlationId"": ""310f0c89-1dd9-432a-b95e-527828dd68a0"",
                ""errors"": []
            }
        ",,
PMR-000143,Coilcraft,XAL4020-222ME,TME,Not Found,TME returned no products,Knowledge_Base\Current\TME\Product_Search\Coilcraft__XAL4020-222ME.json,
PMR-000143,Coilcraft,XAL4020-222ME,Mouser,Downloaded,,Knowledge_Base\Current\Mouser\Part_Number_Search\Coilcraft__XAL4020-222ME.json,output\provider_profiles\MOUSER__Coilcraft__XAL4020-222ME.json
PMR-000144,Wurth,744042100,DigiKey,Downloaded,,Knowledge_Base\Current\DigiKey\Product_Details\Wurth__744042100.json,output\provider_profiles\DIGIKEY__Wurth__744042100.json
PMR-000144,Wurth,744042100,TME,Not Found,TME returned no products,Knowledge_Base\Current\TME\Product_Search\Wurth__744042100.json,
PMR-000144,Wurth,744042100,Mouser,Downloaded,,Knowledge_Base\Current\Mouser\Part_Number_Search\Wurth__744042100.json,output\provider_profiles\MOUSER__Wurth__744042100.json
PMR-000145,Würth Elektronik,150060VS75000,DigiKey,Downloaded,,Knowledge_Base\Current\DigiKey\Product_Details\W_rth_Elektronik__150060VS75000.json,output\provider_profiles\DIGIKEY__W_rth_Elektronik__150060VS75000.json
PMR-000145,Würth Elektronik,150060VS75000,TME,Not Found,TME returned no products,Knowledge_Base\Current\TME\Product_Search\W_rth_Elektronik__150060VS75000.json,
PMR-000145,Würth Elektronik,150060VS75000,Mouser,Downloaded,,Knowledge_Base\Current\Mouser\Part_Number_Search\W_rth_Elektronik__150060VS75000.json,output\provider_profiles\MOUSER__W_rth_Elektronik__150060VS75000.json
PMR-000146,Würth Elektronik,150080VS75000,DigiKey,Downloaded,,Knowledge_Base\Current\DigiKey\Product_Details\W_rth_Elektronik__150080VS75000.json,output\provider_profiles\DIGIKEY__W_rth_Elektronik__150080VS75000.json
PMR-000146,Würth Elektronik,150080VS75000,TME,Not Found,TME returned no products,Knowledge_Base\Current\TME\Product_Search\W_rth_Elektronik__150080VS75000.json,
PMR-000146,Würth Elektronik,150080VS75000,Mouser,Downloaded,,Knowledge_Base\Current\Mouser\Part_Number_Search\W_rth_Elektronik__150080VS75000.json,output\provider_profiles\MOUSER__W_rth_Elektronik__150080VS75000.json
PMR-000147,Würth Elektronik,150060SS75000,DigiKey,Downloaded,,Knowledge_Base\Current\DigiKey\Product_Details\W_rth_Elektronik__150060SS75000.json,output\provider_profiles\DIGIKEY__W_rth_Elektronik__150060SS75000.json
PMR-000147,Würth Elektronik,150060SS75000,TME,Not Found,TME returned no products,Knowledge_Base\Current\TME\Product_Search\W_rth_Elektronik__150060SS75000.json,
PMR-000147,Würth Elektronik,150060SS75000,Mouser,Downloaded,,Knowledge_Base\Current\Mouser\Part_Number_Search\W_rth_Elektronik__150060SS75000.json,output\provider_profiles\MOUSER__W_rth_Elektronik__150060SS75000.json
PMR-000148,Kingbright,APTD1608LSECK/J3-PF,DigiKey,Downloaded,,Knowledge_Base\Current\DigiKey\Product_Details\Kingbright__APTD1608LSECK_J3-PF.json,output\provider_profiles\DIGIKEY__Kingbright__APTD1608LSECK_J3-PF.json
PMR-000148,Kingbright,APTD1608LSECK/J3-PF,TME,Not Found,TME returned no products,Knowledge_Base\Current\TME\Product_Search\Kingbright__APTD1608LSECK_J3-PF.json,
PMR-000148,Kingbright,APTD1608LSECK/J3-PF,Mouser,Downloaded,,Knowledge_Base\Current\Mouser\Part_Number_Search\Kingbright__APTD1608LSECK_J3-PF.json,output\provider_profiles\MOUSER__Kingbright__APTD1608LSECK_J3-PF.json
PMR-000149,Lite-On Inc.,LTST-C195KGJRKT,DigiKey,Downloaded,,Knowledge_Base\Current\DigiKey\Product_Details\Lite-On_Inc__LTST-C195KGJRKT.json,output\provider_profiles\DIGIKEY__Lite-On_Inc.__LTST-C195KGJRKT.json
PMR-000149,Lite-On Inc.,LTST-C195KGJRKT,TME,Downloaded,,Knowledge_Base\Current\TME\Product_Search\LITEON__LTST-C195KGJRKT.json | Knowledge_Base\Current\TME\Product_Data\LITEON__LTST-C195KGJRKT.json | Knowledge_Base\Current\TME\Product_Parameters\LITEON__LTST-C195KGJRKT.json,output\provider_profiles\TME__Lite-On_Inc.__LTST-C195KGJRKT.json
PMR-000149,Lite-On Inc.,LTST-C195KGJRKT,Mouser,Downloaded,,Knowledge_Base\Current\Mouser\Part_Number_Search\Lite-On_Inc__LTST-C195KGJRKT.json,output\provider_profiles\MOUSER__Lite-On_Inc.__LTST-C195KGJRKT.json
PMR-000150,Espressif Systems,ESP32-S3-WROOM-1-N16R2,DigiKey,Downloaded,,Knowledge_Base\Current\DigiKey\Product_Details\Espressif_Systems__ESP32-S3-WROOM-1-N16R2.json,output\provider_profiles\DIGIKEY__Espressif_Systems__ESP32-S3-WROOM-1-N16R2.json
PMR-000150,Espressif Systems,ESP32-S3-WROOM-1-N16R2,TME,Downloaded,,Knowledge_Base\Current\TME\Product_Search\ESPRESSIF__ESP32-S3-WROOM-1-N16R2.json | Knowledge_Base\Current\TME\Product_Data\ESPRESSIF__ESP32-S3-WROOM-1-N16R2.json | Knowledge_Base\Current\TME\Product_Parameters\ESPRESSIF__ESP32-S3-WROOM-1-N16R2.json,output\provider_profiles\TME__Espressif_Systems__ESP32-S3-WROOM-1-N16R2.json
PMR-000150,Espressif Systems,ESP32-S3-WROOM-1-N16R2,Mouser,Downloaded,,Knowledge_Base\Current\Mouser\Part_Number_Search\Espressif_Systems__ESP32-S3-WROOM-1-N16R2.json,output\provider_profiles\MOUSER__Espressif_Systems__ESP32-S3-WROOM-1-N16R2.json
PMR-000151,Microchip Technology,24AA512T-I/SN,DigiKey,Downloaded,,Knowledge_Base\Current\DigiKey\Product_Details\Microchip_Technology__24AA512T-I_SN.json,output\provider_profiles\DIGIKEY__Microchip_Technology__24AA512T-I_SN.json
PMR-000151,Microchip Technology,24AA512T-I/SN,TME,Downloaded,,Knowledge_Base\Current\TME\Product_Search\MICROCHIP_TECHNOLOGY__24AA512T-I_SN.json | Knowledge_Base\Current\TME\Product_Data\MICROCHIP_TECHNOLOGY__24AA512T-I_SN.json | Knowledge_Base\Current\TME\Product_Parameters\MICROCHIP_TECHNOLOGY__24AA512T-I_SN.json,output\provider_profiles\TME__Microchip_Technology__24AA512T-I_SN.json
PMR-000151,Microchip Technology,24AA512T-I/SN,Mouser,Downloaded,,Knowledge_Base\Current\Mouser\Part_Number_Search\Microchip_Technology__24AA512T-I_SN.json,output\provider_profiles\MOUSER__Microchip_Technology__24AA512T-I_SN.json
PMR-000152,TI,TMUX1108PWR,DigiKey,Downloaded,,Knowledge_Base\Current\DigiKey\Product_Details\TI__TMUX1108PWR.json,output\provider_profiles\DIGIKEY__TI__TMUX1108PWR.json
PMR-000152,TI,TMUX1108PWR,TME,Downloaded,,Knowledge_Base\Current\TME\Product_Search\TEXAS_INSTRUMENTS__TMUX1108PWR.json | Knowledge_Base\Current\TME\Product_Data\TEXAS_INSTRUMENTS__TMUX1108PWR.json | Knowledge_Base\Current\TME\Product_Parameters\TEXAS_INSTRUMENTS__TMUX1108PWR.json,output\provider_profiles\TME__TI__TMUX1108PWR.json
PMR-000152,TI,TMUX1108PWR,Mouser,Downloaded,,Knowledge_Base\Current\Mouser\Part_Number_Search\TI__TMUX1108PWR.json,output\provider_profiles\MOUSER__TI__TMUX1108PWR.json
PMR-000153,Texas Instruments,LM2904BIDR,DigiKey,Downloaded,,Knowledge_Base\Current\DigiKey\Product_Details\Texas_Instruments__LM2904BIDR.json,output\provider_profiles\DIGIKEY__Texas_Instruments__LM2904BIDR.json
PMR-000153,Texas Instruments,LM2904BIDR,TME,Downloaded,,Knowledge_Base\Current\TME\Product_Search\TEXAS_INSTRUMENTS__LM2904BIDR.json | Knowledge_Base\Current\TME\Product_Data\TEXAS_INSTRUMENTS__LM2904BIDR.json | Knowledge_Base\Current\TME\Product_Parameters\TEXAS_INSTRUMENTS__LM2904BIDR.json,output\provider_profiles\TME__Texas_Instruments__LM2904BIDR.json
PMR-000153,Texas Instruments,LM2904BIDR,Mouser,Downloaded,,Knowledge_Base\Current\Mouser\Part_Number_Search\Texas_Instruments__LM2904BIDR.json,output\provider_profiles\MOUSER__Texas_Instruments__LM2904BIDR.json
PMR-000154,UMW,OPA340NA,DigiKey,Downloaded,,Knowledge_Base\Current\DigiKey\Product_Details\UMW__OPA340NA.json,output\provider_profiles\DIGIKEY__UMW__OPA340NA.json
PMR-000154,UMW,OPA340NA,TME,Downloaded,,Knowledge_Base\Current\TME\Product_Search\TEXAS_INSTRUMENTS__OPA340NA.json | Knowledge_Base\Current\TME\Product_Data\TEXAS_INSTRUMENTS__OPA340NA.json | Knowledge_Base\Current\TME\Product_Parameters\TEXAS_INSTRUMENTS__OPA340NA.json,output\provider_profiles\TME__UMW__OPA340NA.json
PMR-000154,UMW,OPA340NA,Mouser,Downloaded,,Knowledge_Base\Current\Mouser\Part_Number_Search\UMW__OPA340NA.json,output\provider_profiles\MOUSER__UMW__OPA340NA.json
PMR-000155,Lite-On Inc.,LTV-817S-TA1,DigiKey,Downloaded,,Knowledge_Base\Current\DigiKey\Product_Details\Lite-On_Inc__LTV-817S-TA1.json,output\provider_profiles\DIGIKEY__Lite-On_Inc.__LTV-817S-TA1.json
PMR-000155,Lite-On Inc.,LTV-817S-TA1,TME,Downloaded,,Knowledge_Base\Current\TME\Product_Search\LITEON__LTV-817S-TA1.json | Knowledge_Base\Current\TME\Product_Data\LITEON__LTV-817S-TA1.json | Knowledge_Base\Current\TME\Product_Parameters\LITEON__LTV-817S-TA1.json,output\provider_profiles\TME__Lite-On_Inc.__LTV-817S-TA1.json
PMR-000155,Lite-On Inc.,LTV-817S-TA1,Mouser,Downloaded,,Knowledge_Base\Current\Mouser\Part_Number_Search\Lite-On_Inc__LTV-817S-TA1.json,output\provider_profiles\MOUSER__Lite-On_Inc.__LTV-817S-TA1.json
PMR-000156,Lite-On Inc.,4N35S-TA1,DigiKey,Downloaded,,Knowledge_Base\Current\DigiKey\Product_Details\Lite-On_Inc__4N35S-TA1.json,output\provider_profiles\DIGIKEY__Lite-On_Inc.__4N35S-TA1.json
PMR-000156,Lite-On Inc.,4N35S-TA1,TME,Downloaded,,Knowledge_Base\Current\TME\Product_Search\LITEON__4N35S-TA1.json | Knowledge_Base\Current\TME\Product_Data\LITEON__4N35S-TA1.json | Knowledge_Base\Current\TME\Product_Parameters\LITEON__4N35S-TA1.json,output\provider_profiles\TME__Lite-On_Inc.__4N35S-TA1.json
PMR-000156,Lite-On Inc.,4N35S-TA1,Mouser,Downloaded,,Knowledge_Base\Current\Mouser\Part_Number_Search\Lite-On_Inc__4N35S-TA1.json,output\provider_profiles\MOUSER__Lite-On_Inc.__4N35S-TA1.json
PMR-000157,Würth Elektronik,140354245100,DigiKey,Downloaded,,Knowledge_Base\Current\DigiKey\Product_Details\W_rth_Elektronik__140354245100.json,output\provider_profiles\DIGIKEY__W_rth_Elektronik__140354245100.json
PMR-000157,Würth Elektronik,140354245100,TME,Not Found,TME returned no products,Knowledge_Base\Current\TME\Product_Search\W_rth_Elektronik__140354245100.json,
PMR-000157,Würth Elektronik,140354245100,Mouser,Downloaded,,Knowledge_Base\Current\Mouser\Part_Number_Search\W_rth_Elektronik__140354245100.json,output\provider_profiles\MOUSER__W_rth_Elektronik__140354245100.json
PMR-000158,Abracon,ABS07-32.768KHZ-T,DigiKey,Downloaded,,Knowledge_Base\Current\DigiKey\Product_Details\Abracon__ABS07-32.768KHZ-T.json,output\provider_profiles\DIGIKEY__Abracon__ABS07-32.768KHZ-T.json
PMR-000158,Abracon,ABS07-32.768KHZ-T,TME,Downloaded,,Knowledge_Base\Current\TME\Product_Search\ABRACON__ABS07-32.768KHZ-T.json | Knowledge_Base\Current\TME\Product_Data\ABRACON__ABS07-32.768KHZ-T.json | Knowledge_Base\Current\TME\Product_Parameters\ABRACON__ABS07-32.768KHZ-T.json,output\provider_profiles\TME__Abracon__ABS07-32.768KHZ-T.json
PMR-000158,Abracon,ABS07-32.768KHZ-T,Mouser,Downloaded,,Knowledge_Base\Current\Mouser\Part_Number_Search\Abracon__ABS07-32.768KHZ-T.json,output\provider_profiles\MOUSER__Abracon__ABS07-32.768KHZ-T.json
PMR-000159,Abracon,ABM8-16.000MHZ-D4Y-T,DigiKey,Already Cached,,Knowledge_Base\Current\DigiKey\Product_Details\Abracon_LLC__ABM8-16.000MHZ-D4Y-T.json,output\provider_profiles\DIGIKEY__Abracon__ABM8-16.000MHZ-D4Y-T.json
PMR-000159,Abracon,ABM8-16.000MHZ-D4Y-T,TME,Downloaded,,Knowledge_Base\Current\TME\Product_Search\ABRACON__ABM8-16.000MHZ-D4Y-T.json | Knowledge_Base\Current\TME\Product_Data\ABRACON__ABM8-16.000MHZ-D4Y-T.json | Knowledge_Base\Current\TME\Product_Parameters\ABRACON__ABM8-16.000MHZ-D4Y-T.json,output\provider_profiles\TME__Abracon__ABM8-16.000MHZ-D4Y-T.json
PMR-000159,Abracon,ABM8-16.000MHZ-D4Y-T,Mouser,Already Cached,,Knowledge_Base\Current\Mouser\Part_Number_Search\Abracon_LLC__ABM8-16.000MHZ-D4Y-T.json,output\provider_profiles\MOUSER__Abracon__ABM8-16.000MHZ-D4Y-T.json
PMR-000160,Microchip Technology,MCP4461-104E/ML,DigiKey,Downloaded,,Knowledge_Base\Current\DigiKey\Product_Details\Microchip_Technology__MCP4461-104E_ML.json,output\provider_profiles\DIGIKEY__Microchip_Technology__MCP4461-104E_ML.json
PMR-000160,Microchip Technology,MCP4461-104E/ML,TME,Downloaded,,Knowledge_Base\Current\TME\Product_Search\MICROCHIP_TECHNOLOGY__MCP4461-104E_ML.json | Knowledge_Base\Current\TME\Product_Data\MICROCHIP_TECHNOLOGY__MCP4461-104E_ML.json | Knowledge_Base\Current\TME\Product_Parameters\MICROCHIP_TECHNOLOGY__MCP4461-104E_ML.json,output\provider_profiles\TME__Microchip_Technology__MCP4461-104E_ML.json
PMR-000160,Microchip Technology,MCP4461-104E/ML,Mouser,Downloaded,,Knowledge_Base\Current\Mouser\Part_Number_Search\Microchip_Technology__MCP4461-104E_ML.json,output\provider_profiles\MOUSER__Microchip_Technology__MCP4461-104E_ML.json
PMR-000161,Bourns Inc.,TC33X-2-103E,DigiKey,Downloaded,,Knowledge_Base\Current\DigiKey\Product_Details\Bourns_Inc__TC33X-2-103E.json,output\provider_profiles\DIGIKEY__Bourns_Inc.__TC33X-2-103E.json
PMR-000161,Bourns Inc.,TC33X-2-103E,TME,Not Found,TME returned no products,Knowledge_Base\Current\TME\Product_Search\Bourns_Inc__TC33X-2-103E.json,
PMR-000161,Bourns Inc.,TC33X-2-103E,Mouser,Downloaded,,Knowledge_Base\Current\Mouser\Part_Number_Search\Bourns_Inc__TC33X-2-103E.json,output\provider_profiles\MOUSER__Bourns_Inc.__TC33X-2-103E.json
PMR-000162,Bourns Inc.,3269W-1-102GLF,DigiKey,Downloaded,,Knowledge_Base\Current\DigiKey\Product_Details\Bourns_Inc__3269W-1-102GLF.json,output\provider_profiles\DIGIKEY__Bourns_Inc.__3269W-1-102GLF.json
PMR-000162,Bourns Inc.,3269W-1-102GLF,TME,Downloaded,,Knowledge_Base\Current\TME\Product_Search\BOURNS__3269W-1-102GLF.json | Knowledge_Base\Current\TME\Product_Data\BOURNS__3269W-1-102GLF.json | Knowledge_Base\Current\TME\Product_Parameters\BOURNS__3269W-1-102GLF.json,output\provider_profiles\TME__Bourns_Inc.__3269W-1-102GLF.json
PMR-000162,Bourns Inc.,3269W-1-102GLF,Mouser,Downloaded,,Knowledge_Base\Current\Mouser\Part_Number_Search\Bourns_Inc__3269W-1-102GLF.json,output\provider_profiles\MOUSER__Bourns_Inc.__3269W-1-102GLF.json
PMR-000163,CUI Inc.,PSK-4-5,DigiKey,Downloaded,,Knowledge_Base\Current\DigiKey\Product_Details\CUI_Inc__PSK-4-5.json,output\provider_profiles\DIGIKEY__CUI_Inc.__PSK-4-5.json
PMR-000163,CUI Inc.,PSK-4-5,TME,Downloaded,,Knowledge_Base\Current\TME\Product_Search\BEL__PSK-4-5.json | Knowledge_Base\Current\TME\Product_Data\BEL__PSK-4-5.json | Knowledge_Base\Current\TME\Product_Parameters\BEL__PSK-4-5.json,output\provider_profiles\TME__CUI_Inc.__PSK-4-5.json
PMR-000163,CUI Inc.,PSK-4-5,Mouser,Downloaded,,Knowledge_Base\Current\Mouser\Part_Number_Search\CUI_Inc__PSK-4-5.json,output\provider_profiles\MOUSER__CUI_Inc.__PSK-4-5.json
PMR-000164,ADI,ADR5041BKSZ,DigiKey,Failed,"RuntimeError: DigiKey 404: 
            {
                ""type"": ""https://tools.ietf.org/html/rfc7231#section-6.5.4"",
                ""title"": ""Not Found"",
                ""status"": 404,
                ""detail"": ""Requested Product adr5041bksz Not Found"",
                ""instance"": """",
                ""correlationId"": ""466be7e5-b0eb-4059-a8af-d6eefc5ada78"",
                ""errors"": []
            }
        ",,
PMR-000164,ADI,ADR5041BKSZ,TME,Not Found,TME returned no products,Knowledge_Base\Current\TME\Product_Search\ADI__ADR5041BKSZ.json,
PMR-000164,ADI,ADR5041BKSZ,Mouser,Downloaded,,Knowledge_Base\Current\Mouser\Part_Number_Search\ADI__ADR5041BKSZ.json,output\provider_profiles\MOUSER__ADI__ADR5041BKSZ.json
PMR-000165,Diodes Incorporated,AP3015AKTR-G1,DigiKey,Downloaded,,Knowledge_Base\Current\DigiKey\Product_Details\Diodes_Incorporated__AP3015AKTR-G1.json,output\provider_profiles\DIGIKEY__Diodes_Incorporated__AP3015AKTR-G1.json
PMR-000165,Diodes Incorporated,AP3015AKTR-G1,TME,Downloaded,,Knowledge_Base\Current\TME\Product_Search\DIODES_INCORPORATED__AP3015AKTR-G1.json | Knowledge_Base\Current\TME\Product_Data\DIODES_INCORPORATED__AP3015AKTR-G1.json | Knowledge_Base\Current\TME\Product_Parameters\DIODES_INCORPORATED__AP3015AKTR-G1.json,output\provider_profiles\TME__Diodes_Incorporated__AP3015AKTR-G1.json
PMR-000165,Diodes Incorporated,AP3015AKTR-G1,Mouser,Downloaded,,Knowledge_Base\Current\Mouser\Part_Number_Search\Diodes_Incorporated__AP3015AKTR-G1.json,output\provider_profiles\MOUSER__Diodes_Incorporated__AP3015AKTR-G1.json
PMR-000166,ADI / Linear,LT3042EDD#TRPBF,DigiKey,Downloaded,,Knowledge_Base\Current\DigiKey\Product_Details\ADI_Linear__LT3042EDD_TRPBF.json,output\provider_profiles\DIGIKEY__ADI_Linear__LT3042EDD_TRPBF.json
PMR-000166,ADI / Linear,LT3042EDD#TRPBF,TME,Not Found,TME returned no products,Knowledge_Base\Current\TME\Product_Search\ADI_Linear__LT3042EDD_TRPBF.json,
PMR-000166,ADI / Linear,LT3042EDD#TRPBF,Mouser,Downloaded,,Knowledge_Base\Current\Mouser\Part_Number_Search\ADI_Linear__LT3042EDD_TRPBF.json,output\provider_profiles\MOUSER__ADI_Linear__LT3042EDD_TRPBF.json
PMR-000167,TI,TPS62746YFPT,DigiKey,Downloaded,,Knowledge_Base\Current\DigiKey\Product_Details\TI__TPS62746YFPT.json,output\provider_profiles\DIGIKEY__TI__TPS62746YFPT.json
PMR-000167,TI,TPS62746YFPT,TME,Downloaded,,Knowledge_Base\Current\TME\Product_Search\TEXAS_INSTRUMENTS__TPS62746YFPT.json | Knowledge_Base\Current\TME\Product_Data\TEXAS_INSTRUMENTS__TPS62746YFPT.json | Knowledge_Base\Current\TME\Product_Parameters\TEXAS_INSTRUMENTS__TPS62746YFPT.json,output\provider_profiles\TME__TI__TPS62746YFPT.json
PMR-000167,TI,TPS62746YFPT,Mouser,Downloaded,,Knowledge_Base\Current\Mouser\Part_Number_Search\TI__TPS62746YFPT.json,output\provider_profiles\MOUSER__TI__TPS62746YFPT.json
PMR-000168,onsemi,NCP1117LPSTADT3G,DigiKey,Downloaded,,Knowledge_Base\Current\DigiKey\Product_Details\onsemi__NCP1117LPSTADT3G.json,output\provider_profiles\DIGIKEY__onsemi__NCP1117LPSTADT3G.json
PMR-000168,onsemi,NCP1117LPSTADT3G,TME,Downloaded,,Knowledge_Base\Current\TME\Product_Search\ONSEMI__NCP1117LPSTADT3G.json | Knowledge_Base\Current\TME\Product_Data\ONSEMI__NCP1117LPSTADT3G.json | Knowledge_Base\Current\TME\Product_Parameters\ONSEMI__NCP1117LPSTADT3G.json,output\provider_profiles\TME__onsemi__NCP1117LPSTADT3G.json
PMR-000168,onsemi,NCP1117LPSTADT3G,Mouser,Downloaded,,Knowledge_Base\Current\Mouser\Part_Number_Search\onsemi__NCP1117LPSTADT3G.json,output\provider_profiles\MOUSER__onsemi__NCP1117LPSTADT3G.json
PMR-000169,ADI / Linear,LTC3118IUFD#PBF,DigiKey,Downloaded,,Knowledge_Base\Current\DigiKey\Product_Details\ADI_Linear__LTC3118IUFD_PBF.json,output\provider_profiles\DIGIKEY__ADI_Linear__LTC3118IUFD_PBF.json
PMR-000169,ADI / Linear,LTC3118IUFD#PBF,TME,Not Found,TME returned no products,Knowledge_Base\Current\TME\Product_Search\ADI_Linear__LTC3118IUFD_PBF.json,
PMR-000169,ADI / Linear,LTC3118IUFD#PBF,Mouser,Downloaded,,Knowledge_Base\Current\Mouser\Part_Number_Search\ADI_Linear__LTC3118IUFD_PBF.json,output\provider_profiles\MOUSER__ADI_Linear__LTC3118IUFD_PBF.json
PMR-000170,TI,TLV62569DBVR,DigiKey,Downloaded,,Knowledge_Base\Current\DigiKey\Product_Details\TI__TLV62569DBVR.json,output\provider_profiles\DIGIKEY__TI__TLV62569DBVR.json
PMR-000170,TI,TLV62569DBVR,TME,Downloaded,,Knowledge_Base\Current\TME\Product_Search\TEXAS_INSTRUMENTS__TLV62569DBVR.json | Knowledge_Base\Current\TME\Product_Data\TEXAS_INSTRUMENTS__TLV62569DBVR.json | Knowledge_Base\Current\TME\Product_Parameters\TEXAS_INSTRUMENTS__TLV62569DBVR.json,output\provider_profiles\TME__TI__TLV62569DBVR.json
PMR-000170,TI,TLV62569DBVR,Mouser,Downloaded,,Knowledge_Base\Current\Mouser\Part_Number_Search\TI__TLV62569DBVR.json,output\provider_profiles\MOUSER__TI__TLV62569DBVR.json
PMR-000171,TI,TPS63802DLAR,DigiKey,Downloaded,,Knowledge_Base\Current\DigiKey\Product_Details\TI__TPS63802DLAR.json,output\provider_profiles\DIGIKEY__TI__TPS63802DLAR.json
PMR-000171,TI,TPS63802DLAR,TME,Not Found,TME returned no products,Knowledge_Base\Current\TME\Product_Search\TI__TPS63802DLAR.json,
PMR-000171,TI,TPS63802DLAR,Mouser,Downloaded,,Knowledge_Base\Current\Mouser\Part_Number_Search\TI__TPS63802DLAR.json,output\provider_profiles\MOUSER__TI__TPS63802DLAR.json
PMR-000172,Microchip Technology,MCP1711T-25I/OT,DigiKey,Already Cached,,Knowledge_Base\Current\DigiKey\Product_Details\Microchip_Technology__MCP1711T-25I_OT.json,output\provider_profiles\DIGIKEY__Microchip_Technology__MCP1711T-25I_OT.json
PMR-000172,Microchip Technology,MCP1711T-25I/OT,TME,Already Cached,,Knowledge_Base\Current\TME\Product_Search\Microchip_Technology__MCP1711T-25I_OT.json | Knowledge_Base\Current\TME\Product_Data\Microchip_Technology__MCP1711T-25I_OT.json | Knowledge_Base\Current\TME\Product_Parameters\Microchip_Technology__MCP1711T-25I_OT.json,output\provider_profiles\TME__Microchip_Technology__MCP1711T-25I_OT.json
PMR-000172,Microchip Technology,MCP1711T-25I/OT,Mouser,Already Cached,,Knowledge_Base\Current\Mouser\Part_Number_Search\Microchip_Technology__MCP1711T-25I_OT.json,output\provider_profiles\MOUSER__Microchip_Technology__MCP1711T-25I_OT.json
PMR-000173,Diodes Incorporated,AP62250Z6-7,DigiKey,Downloaded,,Knowledge_Base\Current\DigiKey\Product_Details\Diodes_Incorporated__AP62250Z6-7.json,output\provider_profiles\DIGIKEY__Diodes_Incorporated__AP62250Z6-7.json
PMR-000173,Diodes Incorporated,AP62250Z6-7,TME,Downloaded,,Knowledge_Base\Current\TME\Product_Search\DIODES_INCORPORATED__AP62250Z6-7.json | Knowledge_Base\Current\TME\Product_Data\DIODES_INCORPORATED__AP62250Z6-7.json | Knowledge_Base\Current\TME\Product_Parameters\DIODES_INCORPORATED__AP62250Z6-7.json,output\provider_profiles\TME__Diodes_Incorporated__AP62250Z6-7.json
PMR-000173,Diodes Incorporated,AP62250Z6-7,Mouser,Downloaded,,Knowledge_Base\Current\Mouser\Part_Number_Search\Diodes_Incorporated__AP62250Z6-7.json,output\provider_profiles\MOUSER__Diodes_Incorporated__AP62250Z6-7.json
PMR-000174,Diodes Incorporated,AP62250WU-7,DigiKey,Downloaded,,Knowledge_Base\Current\DigiKey\Product_Details\Diodes_Incorporated__AP62250WU-7.json,output\provider_profiles\DIGIKEY__Diodes_Incorporated__AP62250WU-7.json
PMR-000174,Diodes Incorporated,AP62250WU-7,TME,Downloaded,,Knowledge_Base\Current\TME\Product_Search\DIODES_INCORPORATED__AP62250WU-7.json | Knowledge_Base\Current\TME\Product_Data\DIODES_INCORPORATED__AP62250WU-7.json | Knowledge_Base\Current\TME\Product_Parameters\DIODES_INCORPORATED__AP62250WU-7.json,output\provider_profiles\TME__Diodes_Incorporated__AP62250WU-7.json
PMR-000174,Diodes Incorporated,AP62250WU-7,Mouser,Downloaded,,Knowledge_Base\Current\Mouser\Part_Number_Search\Diodes_Incorporated__AP62250WU-7.json,output\provider_profiles\MOUSER__Diodes_Incorporated__AP62250WU-7.json
PMR-000175,EVVO,AMS1117-3.3,DigiKey,Failed,"RuntimeError: DigiKey 404: 
            {
                ""type"": ""https://tools.ietf.org/html/rfc7231#section-6.5.4"",
                ""title"": ""Not Found"",
                ""status"": 404,
                ""detail"": ""Duplicate Products found for ams1117-3.3. Please narrow your search or provide manufacturerId"",
                ""instance"": """",
                ""correlationId"": ""69c4bea2-04b2-4b0b-cc53-efcc212e36bf"",
                ""errors"": []
            }
        ",,
PMR-000175,EVVO,AMS1117-3.3,TME,Not Found,TME returned no products,Knowledge_Base\Current\TME\Product_Search\EVVO__AMS1117-3.3.json,
PMR-000175,EVVO,AMS1117-3.3,Mouser,Downloaded,,Knowledge_Base\Current\Mouser\Part_Number_Search\EVVO__AMS1117-3.3.json,output\provider_profiles\MOUSER__EVVO__AMS1117-3.3.json
PMR-000176,TI,TLV75733PDBVR,DigiKey,Downloaded,,Knowledge_Base\Current\DigiKey\Product_Details\TI__TLV75733PDBVR.json,output\provider_profiles\DIGIKEY__TI__TLV75733PDBVR.json
PMR-000176,TI,TLV75733PDBVR,TME,Downloaded,,Knowledge_Base\Current\TME\Product_Search\TEXAS_INSTRUMENTS__TLV75733PDBVR.json | Knowledge_Base\Current\TME\Product_Data\TEXAS_INSTRUMENTS__TLV75733PDBVR.json | Knowledge_Base\Current\TME\Product_Parameters\TEXAS_INSTRUMENTS__TLV75733PDBVR.json,output\provider_profiles\TME__TI__TLV75733PDBVR.json
PMR-000176,TI,TLV75733PDBVR,Mouser,Downloaded,,Knowledge_Base\Current\Mouser\Part_Number_Search\TI__TLV75733PDBVR.json,output\provider_profiles\MOUSER__TI__TLV75733PDBVR.json
PMR-000177,TI,LM27762DSST,DigiKey,Downloaded,,Knowledge_Base\Current\DigiKey\Product_Details\TI__LM27762DSST.json,output\provider_profiles\DIGIKEY__TI__LM27762DSST.json
PMR-000177,TI,LM27762DSST,TME,Not Found,TME returned no products,Knowledge_Base\Current\TME\Product_Search\TI__LM27762DSST.json,
PMR-000177,TI,LM27762DSST,Mouser,Downloaded,,Knowledge_Base\Current\Mouser\Part_Number_Search\TI__LM27762DSST.json,output\provider_profiles\MOUSER__TI__LM27762DSST.json
PMR-000178,Littelfuse Inc.,CPC1998J,DigiKey,Downloaded,,Knowledge_Base\Current\DigiKey\Product_Details\Littelfuse_Inc__CPC1998J.json,output\provider_profiles\DIGIKEY__Littelfuse_Inc.__CPC1998J.json
PMR-000178,Littelfuse Inc.,CPC1998J,TME,Downloaded,,Knowledge_Base\Current\TME\Product_Search\IXYS__CPC1998J.json | Knowledge_Base\Current\TME\Product_Data\IXYS__CPC1998J.json | Knowledge_Base\Current\TME\Product_Parameters\IXYS__CPC1998J.json,output\provider_profiles\TME__Littelfuse_Inc.__CPC1998J.json
PMR-000178,Littelfuse Inc.,CPC1998J,Mouser,Downloaded,,Knowledge_Base\Current\Mouser\Part_Number_Search\Littelfuse_Inc__CPC1998J.json,output\provider_profiles\MOUSER__Littelfuse_Inc.__CPC1998J.json
PMR-000179,YAGEO,RC0402JR-070RL,DigiKey,Downloaded,,Knowledge_Base\Current\DigiKey\Product_Details\YAGEO__RC0402JR-070RL.json,output\provider_profiles\DIGIKEY__YAGEO__RC0402JR-070RL.json
PMR-000179,YAGEO,RC0402JR-070RL,TME,Downloaded,,Knowledge_Base\Current\TME\Product_Search\YAGEO__RC0402JR-070RL.json | Knowledge_Base\Current\TME\Product_Data\YAGEO__RC0402JR-070RL.json | Knowledge_Base\Current\TME\Product_Parameters\YAGEO__RC0402JR-070RL.json,output\provider_profiles\TME__YAGEO__RC0402JR-070RL.json
PMR-000179,YAGEO,RC0402JR-070RL,Mouser,Downloaded,,Knowledge_Base\Current\Mouser\Part_Number_Search\YAGEO__RC0402JR-070RL.json,output\provider_profiles\MOUSER__YAGEO__RC0402JR-070RL.json
PMR-000180,YAGEO,RC0603FR-070RL,DigiKey,Downloaded,,Knowledge_Base\Current\DigiKey\Product_Details\YAGEO__RC0603FR-070RL.json,output\provider_profiles\DIGIKEY__YAGEO__RC0603FR-070RL.json
PMR-000180,YAGEO,RC0603FR-070RL,TME,Downloaded,,Knowledge_Base\Current\TME\Product_Search\YAGEO__RC0603FR-070RL.json | Knowledge_Base\Current\TME\Product_Data\YAGEO__RC0603FR-070RL.json | Knowledge_Base\Current\TME\Product_Parameters\YAGEO__RC0603FR-070RL.json,output\provider_profiles\TME__YAGEO__RC0603FR-070RL.json
PMR-000180,YAGEO,RC0603FR-070RL,Mouser,Downloaded,,Knowledge_Base\Current\Mouser\Part_Number_Search\YAGEO__RC0603FR-070RL.json,output\provider_profiles\MOUSER__YAGEO__RC0603FR-070RL.json
PMR-000181,Walsin Technology Corporation,WF25P10R0FTL,DigiKey,Failed,"RuntimeError: DigiKey 404: 
            {
                ""type"": ""https://tools.ietf.org/html/rfc7231#section-6.5.4"",
                ""title"": ""Not Found"",
                ""status"": 404,
                ""detail"": ""Requested Product wf25p10r0ftl Not Found"",
                ""instance"": """",
                ""correlationId"": ""b063879f-b922-45db-a104-0d5372f21677"",
                ""errors"": []
            }
        ",,
PMR-000181,Walsin Technology Corporation,WF25P10R0FTL,TME,Downloaded,,Knowledge_Base\Current\TME\Product_Search\WALSIN__WF25P10R0FTL.json | Knowledge_Base\Current\TME\Product_Data\WALSIN__WF25P10R0FTL.json | Knowledge_Base\Current\TME\Product_Parameters\WALSIN__WF25P10R0FTL.json,output\provider_profiles\TME__Walsin_Technology_Corporation__WF25P10R0FTL.json
PMR-000181,Walsin Technology Corporation,WF25P10R0FTL,Mouser,Not Found,Mouser returned no parts,Knowledge_Base\Current\Mouser\Part_Number_Search\Walsin_Technology_Corporation__WF25P10R0FTL.json,
PMR-000182,YAGEO,RC0402FR-0722RL,DigiKey,Downloaded,,Knowledge_Base\Current\DigiKey\Product_Details\YAGEO__RC0402FR-0722RL.json,output\provider_profiles\DIGIKEY__YAGEO__RC0402FR-0722RL.json
PMR-000182,YAGEO,RC0402FR-0722RL,TME,Downloaded,,Knowledge_Base\Current\TME\Product_Search\YAGEO__RC0402FR-0722RL.json | Knowledge_Base\Current\TME\Product_Data\YAGEO__RC0402FR-0722RL.json | Knowledge_Base\Current\TME\Product_Parameters\YAGEO__RC0402FR-0722RL.json,output\provider_profiles\TME__YAGEO__RC0402FR-0722RL.json
PMR-000182,YAGEO,RC0402FR-0722RL,Mouser,Downloaded,,Knowledge_Base\Current\Mouser\Part_Number_Search\YAGEO__RC0402FR-0722RL.json,output\provider_profiles\MOUSER__YAGEO__RC0402FR-0722RL.json
PMR-000183,Yageo,RC0603FR-0722RL,DigiKey,Downloaded,,Knowledge_Base\Current\DigiKey\Product_Details\Yageo__RC0603FR-0722RL.json,output\provider_profiles\DIGIKEY__Yageo__RC0603FR-0722RL.json
PMR-000183,Yageo,RC0603FR-0722RL,TME,Downloaded,,Knowledge_Base\Current\TME\Product_Search\YAGEO__RC0603FR-0722RL.json | Knowledge_Base\Current\TME\Product_Data\YAGEO__RC0603FR-0722RL.json | Knowledge_Base\Current\TME\Product_Parameters\YAGEO__RC0603FR-0722RL.json,output\provider_profiles\TME__Yageo__RC0603FR-0722RL.json
PMR-000183,Yageo,RC0603FR-0722RL,Mouser,Downloaded,,Knowledge_Base\Current\Mouser\Part_Number_Search\Yageo__RC0603FR-0722RL.json,output\provider_profiles\MOUSER__Yageo__RC0603FR-0722RL.json
PMR-000184,YAGEO,RC2512FK-0739RL,DigiKey,Downloaded,,Knowledge_Base\Current\DigiKey\Product_Details\YAGEO__RC2512FK-0739RL.json,output\provider_profiles\DIGIKEY__YAGEO__RC2512FK-0739RL.json
PMR-000184,YAGEO,RC2512FK-0739RL,TME,Not Found,TME returned no products,Knowledge_Base\Current\TME\Product_Search\YAGEO__RC2512FK-0739RL.json,
PMR-000184,YAGEO,RC2512FK-0739RL,Mouser,Downloaded,,Knowledge_Base\Current\Mouser\Part_Number_Search\YAGEO__RC2512FK-0739RL.json,output\provider_profiles\MOUSER__YAGEO__RC2512FK-0739RL.json
PMR-000185,YAGEO,RC0603FR-0775RL,DigiKey,Downloaded,,Knowledge_Base\Current\DigiKey\Product_Details\YAGEO__RC0603FR-0775RL.json,output\provider_profiles\DIGIKEY__YAGEO__RC0603FR-0775RL.json
PMR-000185,YAGEO,RC0603FR-0775RL,TME,Downloaded,,Knowledge_Base\Current\TME\Product_Search\YAGEO__RC0603FR-0775RL.json | Knowledge_Base\Current\TME\Product_Data\YAGEO__RC0603FR-0775RL.json | Knowledge_Base\Current\TME\Product_Parameters\YAGEO__RC0603FR-0775RL.json,output\provider_profiles\TME__YAGEO__RC0603FR-0775RL.json
PMR-000185,YAGEO,RC0603FR-0775RL,Mouser,Downloaded,,Knowledge_Base\Current\Mouser\Part_Number_Search\YAGEO__RC0603FR-0775RL.json,output\provider_profiles\MOUSER__YAGEO__RC0603FR-0775RL.json
PMR-000186,YAGEO,RC0603FR-07100RL,DigiKey,Downloaded,,Knowledge_Base\Current\DigiKey\Product_Details\YAGEO__RC0603FR-07100RL.json,output\provider_profiles\DIGIKEY__YAGEO__RC0603FR-07100RL.json
PMR-000186,YAGEO,RC0603FR-07100RL,TME,Downloaded,,Knowledge_Base\Current\TME\Product_Search\YAGEO__RC0603FR-07100RL.json | Knowledge_Base\Current\TME\Product_Data\YAGEO__RC0603FR-07100RL.json | Knowledge_Base\Current\TME\Product_Parameters\YAGEO__RC0603FR-07100RL.json,output\provider_profiles\TME__YAGEO__RC0603FR-07100RL.json
PMR-000186,YAGEO,RC0603FR-07100RL,Mouser,Downloaded,,Knowledge_Base\Current\Mouser\Part_Number_Search\YAGEO__RC0603FR-07100RL.json,output\provider_profiles\MOUSER__YAGEO__RC0603FR-07100RL.json
PMR-000187,YAGEO,RC0603FR-07200RL,DigiKey,Downloaded,,Knowledge_Base\Current\DigiKey\Product_Details\YAGEO__RC0603FR-07200RL.json,output\provider_profiles\DIGIKEY__YAGEO__RC0603FR-07200RL.json
PMR-000187,YAGEO,RC0603FR-07200RL,TME,Downloaded,,Knowledge_Base\Current\TME\Product_Search\YAGEO__RC0603FR-07200RL.json | Knowledge_Base\Current\TME\Product_Data\YAGEO__RC0603FR-07200RL.json | Knowledge_Base\Current\TME\Product_Parameters\YAGEO__RC0603FR-07200RL.json,output\provider_profiles\TME__YAGEO__RC0603FR-07200RL.json
PMR-000187,YAGEO,RC0603FR-07200RL,Mouser,Downloaded,,Knowledge_Base\Current\Mouser\Part_Number_Search\YAGEO__RC0603FR-07200RL.json,output\provider_profiles\MOUSER__YAGEO__RC0603FR-07200RL.json
PMR-000188,YAGEO,RT0603FRE07232RL,DigiKey,Downloaded,,Knowledge_Base\Current\DigiKey\Product_Details\YAGEO__RT0603FRE07232RL.json,output\provider_profiles\DIGIKEY__YAGEO__RT0603FRE07232RL.json
PMR-000188,YAGEO,RT0603FRE07232RL,TME,Not Found,TME returned no products,Knowledge_Base\Current\TME\Product_Search\YAGEO__RT0603FRE07232RL.json,
PMR-000188,YAGEO,RT0603FRE07232RL,Mouser,Downloaded,,Knowledge_Base\Current\Mouser\Part_Number_Search\YAGEO__RT0603FRE07232RL.json,output\provider_profiles\MOUSER__YAGEO__RT0603FRE07232RL.json
PMR-000189,YAGEO,RC0603FR-07330RL,DigiKey,Downloaded,,Knowledge_Base\Current\DigiKey\Product_Details\YAGEO__RC0603FR-07330RL.json,output\provider_profiles\DIGIKEY__YAGEO__RC0603FR-07330RL.json
PMR-000189,YAGEO,RC0603FR-07330RL,TME,Downloaded,,Knowledge_Base\Current\TME\Product_Search\YAGEO__RC0603FR-07330RL.json | Knowledge_Base\Current\TME\Product_Data\YAGEO__RC0603FR-07330RL.json | Knowledge_Base\Current\TME\Product_Parameters\YAGEO__RC0603FR-07330RL.json,output\provider_profiles\TME__YAGEO__RC0603FR-07330RL.json
PMR-000189,YAGEO,RC0603FR-07330RL,Mouser,Downloaded,,Knowledge_Base\Current\Mouser\Part_Number_Search\YAGEO__RC0603FR-07330RL.json,output\provider_profiles\MOUSER__YAGEO__RC0603FR-07330RL.json
PMR-000190,YAGEO,RT0603FRE07332RL,DigiKey,Already Cached,,Knowledge_Base\Current\DigiKey\Product_Details\YAGEO__RT0603FRE07332RL.json,output\provider_profiles\DIGIKEY__YAGEO__RT0603FRE07332RL.json
PMR-000190,YAGEO,RT0603FRE07332RL,TME,Not Found,TME returned no products,Knowledge_Base\Current\TME\Product_Search\YAGEO__RT0603FRE07332RL.json,
PMR-000190,YAGEO,RT0603FRE07332RL,Mouser,Already Cached,,Knowledge_Base\Current\Mouser\Part_Number_Search\YAGEO__RT0603FRE07332RL.json,output\provider_profiles\MOUSER__YAGEO__RT0603FRE07332RL.json
PMR-000191,Vishay Dale Thin Film,PAT0603E4000BST1,DigiKey,Downloaded,,Knowledge_Base\Current\DigiKey\Product_Details\Vishay_Dale_Thin_Film__PAT0603E4000BST1.json,output\provider_profiles\DIGIKEY__Vishay_Dale_Thin_Film__PAT0603E4000BST1.json
PMR-000191,Vishay Dale Thin Film,PAT0603E4000BST1,TME,Downloaded,,Knowledge_Base\Current\TME\Product_Search\VISHAY__PAT0603E4000BST1.json | Knowledge_Base\Current\TME\Product_Data\VISHAY__PAT0603E4000BST1.json | Knowledge_Base\Current\TME\Product_Parameters\VISHAY__PAT0603E4000BST1.json,output\provider_profiles\TME__Vishay_Dale_Thin_Film__PAT0603E4000BST1.json
PMR-000191,Vishay Dale Thin Film,PAT0603E4000BST1,Mouser,Downloaded,,Knowledge_Base\Current\Mouser\Part_Number_Search\Vishay_Dale_Thin_Film__PAT0603E4000BST1.json,output\provider_profiles\MOUSER__Vishay_Dale_Thin_Film__PAT0603E4000BST1.json
PMR-000192,YAGEO,RC0603FR-07470RL,DigiKey,Downloaded,,Knowledge_Base\Current\DigiKey\Product_Details\YAGEO__RC0603FR-07470RL.json,output\provider_profiles\DIGIKEY__YAGEO__RC0603FR-07470RL.json
PMR-000192,YAGEO,RC0603FR-07470RL,TME,Downloaded,,Knowledge_Base\Current\TME\Product_Search\YAGEO__RC0603FR-07470RL.json | Knowledge_Base\Current\TME\Product_Data\YAGEO__RC0603FR-07470RL.json | Knowledge_Base\Current\TME\Product_Parameters\YAGEO__RC0603FR-07470RL.json,output\provider_profiles\TME__YAGEO__RC0603FR-07470RL.json
PMR-000192,YAGEO,RC0603FR-07470RL,Mouser,Downloaded,,Knowledge_Base\Current\Mouser\Part_Number_Search\YAGEO__RC0603FR-07470RL.json,output\provider_profiles\MOUSER__YAGEO__RC0603FR-07470RL.json
PMR-000193,Koa Speer,RK73H1ETTP1001F,DigiKey,Downloaded,,Knowledge_Base\Current\DigiKey\Product_Details\Koa_Speer__RK73H1ETTP1001F.json,output\provider_profiles\DIGIKEY__Koa_Speer__RK73H1ETTP1001F.json
PMR-000193,Koa Speer,RK73H1ETTP1001F,TME,Downloaded,,Knowledge_Base\Current\TME\Product_Search\KOA__RK73H1ETTP1001F.json | Knowledge_Base\Current\TME\Product_Data\KOA__RK73H1ETTP1001F.json | Knowledge_Base\Current\TME\Product_Parameters\KOA__RK73H1ETTP1001F.json,output\provider_profiles\TME__Koa_Speer__RK73H1ETTP1001F.json
PMR-000193,Koa Speer,RK73H1ETTP1001F,Mouser,Downloaded,,Knowledge_Base\Current\Mouser\Part_Number_Search\Koa_Speer__RK73H1ETTP1001F.json,output\provider_profiles\MOUSER__Koa_Speer__RK73H1ETTP1001F.json
PMR-000194,YAGEO,RC0603FR-071KL,DigiKey,Downloaded,,Knowledge_Base\Current\DigiKey\Product_Details\YAGEO__RC0603FR-071KL.json,output\provider_profiles\DIGIKEY__YAGEO__RC0603FR-071KL.json
PMR-000194,YAGEO,RC0603FR-071KL,TME,Downloaded,,Knowledge_Base\Current\TME\Product_Search\YAGEO__RC0603FR-071KL.json | Knowledge_Base\Current\TME\Product_Data\YAGEO__RC0603FR-071KL.json | Knowledge_Base\Current\TME\Product_Parameters\YAGEO__RC0603FR-071KL.json,output\provider_profiles\TME__YAGEO__RC0603FR-071KL.json
PMR-000194,YAGEO,RC0603FR-071KL,Mouser,Downloaded,,Knowledge_Base\Current\Mouser\Part_Number_Search\YAGEO__RC0603FR-071KL.json,output\provider_profiles\MOUSER__YAGEO__RC0603FR-071KL.json
PMR-000195,Stackpole Electronics Inc,RMCF0603FT1K50,DigiKey,Downloaded,,Knowledge_Base\Current\DigiKey\Product_Details\Stackpole_Electronics_Inc__RMCF0603FT1K50.json,output\provider_profiles\DIGIKEY__Stackpole_Electronics_Inc__RMCF0603FT1K50.json
PMR-000195,Stackpole Electronics Inc,RMCF0603FT1K50,TME,Not Found,TME returned no products,Knowledge_Base\Current\TME\Product_Search\Stackpole_Electronics_Inc__RMCF0603FT1K50.json,
PMR-000195,Stackpole Electronics Inc,RMCF0603FT1K50,Mouser,Downloaded,,Knowledge_Base\Current\Mouser\Part_Number_Search\Stackpole_Electronics_Inc__RMCF0603FT1K50.json,output\provider_profiles\MOUSER__Stackpole_Electronics_Inc__RMCF0603FT1K50.json
PMR-000196,YAGEO,RC0603FR-072KL,DigiKey,Downloaded,,Knowledge_Base\Current\DigiKey\Product_Details\YAGEO__RC0603FR-072KL.json,output\provider_profiles\DIGIKEY__YAGEO__RC0603FR-072KL.json
PMR-000196,YAGEO,RC0603FR-072KL,TME,Downloaded,,Knowledge_Base\Current\TME\Product_Search\YAGEO__RC0603FR-072KL.json | Knowledge_Base\Current\TME\Product_Data\YAGEO__RC0603FR-072KL.json | Knowledge_Base\Current\TME\Product_Parameters\YAGEO__RC0603FR-072KL.json,output\provider_profiles\TME__YAGEO__RC0603FR-072KL.json
PMR-000196,YAGEO,RC0603FR-072KL,Mouser,Downloaded,,Knowledge_Base\Current\Mouser\Part_Number_Search\YAGEO__RC0603FR-072KL.json,output\provider_profiles\MOUSER__YAGEO__RC0603FR-072KL.json
PMR-000197,YAGEO,RC0603FR-072K2L,DigiKey,Downloaded,,Knowledge_Base\Current\DigiKey\Product_Details\YAGEO__RC0603FR-072K2L.json,output\provider_profiles\DIGIKEY__YAGEO__RC0603FR-072K2L.json
PMR-000197,YAGEO,RC0603FR-072K2L,TME,Downloaded,,Knowledge_Base\Current\TME\Product_Search\YAGEO__RC0603FR-072K2L.json | Knowledge_Base\Current\TME\Product_Data\YAGEO__RC0603FR-072K2L.json | Knowledge_Base\Current\TME\Product_Parameters\YAGEO__RC0603FR-072K2L.json,output\provider_profiles\TME__YAGEO__RC0603FR-072K2L.json
PMR-000197,YAGEO,RC0603FR-072K2L,Mouser,Downloaded,,Knowledge_Base\Current\Mouser\Part_Number_Search\YAGEO__RC0603FR-072K2L.json,output\provider_profiles\MOUSER__YAGEO__RC0603FR-072K2L.json
PMR-000198,YAGEO,RC0603FR-072K4L,DigiKey,Downloaded,,Knowledge_Base\Current\DigiKey\Product_Details\YAGEO__RC0603FR-072K4L.json,output\provider_profiles\DIGIKEY__YAGEO__RC0603FR-072K4L.json
PMR-000198,YAGEO,RC0603FR-072K4L,TME,Downloaded,,Knowledge_Base\Current\TME\Product_Search\YAGEO__RC0603FR-072K4L.json | Knowledge_Base\Current\TME\Product_Data\YAGEO__RC0603FR-072K4L.json | Knowledge_Base\Current\TME\Product_Parameters\YAGEO__RC0603FR-072K4L.json,output\provider_profiles\TME__YAGEO__RC0603FR-072K4L.json
PMR-000198,YAGEO,RC0603FR-072K4L,Mouser,Downloaded,,Knowledge_Base\Current\Mouser\Part_Number_Search\YAGEO__RC0603FR-072K4L.json,output\provider_profiles\MOUSER__YAGEO__RC0603FR-072K4L.json
PMR-000199,YAGEO,RC0603FR-073K3L,DigiKey,Downloaded,,Knowledge_Base\Current\DigiKey\Product_Details\YAGEO__RC0603FR-073K3L.json,output\provider_profiles\DIGIKEY__YAGEO__RC0603FR-073K3L.json
PMR-000199,YAGEO,RC0603FR-073K3L,TME,Downloaded,,Knowledge_Base\Current\TME\Product_Search\YAGEO__RC0603FR-073K3L.json | Knowledge_Base\Current\TME\Product_Data\YAGEO__RC0603FR-073K3L.json | Knowledge_Base\Current\TME\Product_Parameters\YAGEO__RC0603FR-073K3L.json,output\provider_profiles\TME__YAGEO__RC0603FR-073K3L.json
PMR-000199,YAGEO,RC0603FR-073K3L,Mouser,Downloaded,,Knowledge_Base\Current\Mouser\Part_Number_Search\YAGEO__RC0603FR-073K3L.json,output\provider_profiles\MOUSER__YAGEO__RC0603FR-073K3L.json
PMR-000200,YAGEO,RC0402FR-074K7L,DigiKey,Downloaded,,Knowledge_Base\Current\DigiKey\Product_Details\YAGEO__RC0402FR-074K7L.json,output\provider_profiles\DIGIKEY__YAGEO__RC0402FR-074K7L.json
PMR-000200,YAGEO,RC0402FR-074K7L,TME,Downloaded,,Knowledge_Base\Current\TME\Product_Search\YAGEO__RC0402FR-074K7L.json | Knowledge_Base\Current\TME\Product_Data\YAGEO__RC0402FR-074K7L.json | Knowledge_Base\Current\TME\Product_Parameters\YAGEO__RC0402FR-074K7L.json,output\provider_profiles\TME__YAGEO__RC0402FR-074K7L.json
PMR-000200,YAGEO,RC0402FR-074K7L,Mouser,Downloaded,,Knowledge_Base\Current\Mouser\Part_Number_Search\YAGEO__RC0402FR-074K7L.json,output\provider_profiles\MOUSER__YAGEO__RC0402FR-074K7L.json
PMR-000201,YAGEO,RC0603FR-074K7L,DigiKey,Downloaded,,Knowledge_Base\Current\DigiKey\Product_Details\YAGEO__RC0603FR-074K7L.json,output\provider_profiles\DIGIKEY__YAGEO__RC0603FR-074K7L.json
PMR-000201,YAGEO,RC0603FR-074K7L,TME,Downloaded,,Knowledge_Base\Current\TME\Product_Search\YAGEO__RC0603FR-074K7L.json | Knowledge_Base\Current\TME\Product_Data\YAGEO__RC0603FR-074K7L.json | Knowledge_Base\Current\TME\Product_Parameters\YAGEO__RC0603FR-074K7L.json,output\provider_profiles\TME__YAGEO__RC0603FR-074K7L.json
PMR-000201,YAGEO,RC0603FR-074K7L,Mouser,Downloaded,,Knowledge_Base\Current\Mouser\Part_Number_Search\YAGEO__RC0603FR-074K7L.json,output\provider_profiles\MOUSER__YAGEO__RC0603FR-074K7L.json
PMR-000202,YAGEO,RC0402FR-0710KL,DigiKey,Downloaded,,Knowledge_Base\Current\DigiKey\Product_Details\YAGEO__RC0402FR-0710KL.json,output\provider_profiles\DIGIKEY__YAGEO__RC0402FR-0710KL.json
PMR-000202,YAGEO,RC0402FR-0710KL,TME,Downloaded,,Knowledge_Base\Current\TME\Product_Search\YAGEO__RC0402FR-0710KL.json | Knowledge_Base\Current\TME\Product_Data\YAGEO__RC0402FR-0710KL.json | Knowledge_Base\Current\TME\Product_Parameters\YAGEO__RC0402FR-0710KL.json,output\provider_profiles\TME__YAGEO__RC0402FR-0710KL.json
PMR-000202,YAGEO,RC0402FR-0710KL,Mouser,Downloaded,,Knowledge_Base\Current\Mouser\Part_Number_Search\YAGEO__RC0402FR-0710KL.json,output\provider_profiles\MOUSER__YAGEO__RC0402FR-0710KL.json
PMR-000203,YAGEO,RC0603FR-0710KL,DigiKey,Downloaded,,Knowledge_Base\Current\DigiKey\Product_Details\YAGEO__RC0603FR-0710KL.json,output\provider_profiles\DIGIKEY__YAGEO__RC0603FR-0710KL.json
PMR-000203,YAGEO,RC0603FR-0710KL,TME,Downloaded,,Knowledge_Base\Current\TME\Product_Search\YAGEO__RC0603FR-0710KL.json | Knowledge_Base\Current\TME\Product_Data\YAGEO__RC0603FR-0710KL.json | Knowledge_Base\Current\TME\Product_Parameters\YAGEO__RC0603FR-0710KL.json,output\provider_profiles\TME__YAGEO__RC0603FR-0710KL.json
PMR-000203,YAGEO,RC0603FR-0710KL,Mouser,Downloaded,,Knowledge_Base\Current\Mouser\Part_Number_Search\YAGEO__RC0603FR-0710KL.json,output\provider_profiles\MOUSER__YAGEO__RC0603FR-0710KL.json
PMR-000204,Vishay Dale Thin Film,TNPW060310K0BEEA,DigiKey,Downloaded,,Knowledge_Base\Current\DigiKey\Product_Details\Vishay_Dale_Thin_Film__TNPW060310K0BEEA.json,output\provider_profiles\DIGIKEY__Vishay_Dale_Thin_Film__TNPW060310K0BEEA.json
PMR-000204,Vishay Dale Thin Film,TNPW060310K0BEEA,TME,Not Found,TME returned no products,Knowledge_Base\Current\TME\Product_Search\Vishay_Dale_Thin_Film__TNPW060310K0BEEA.json,
PMR-000204,Vishay Dale Thin Film,TNPW060310K0BEEA,Mouser,Downloaded,,Knowledge_Base\Current\Mouser\Part_Number_Search\Vishay_Dale_Thin_Film__TNPW060310K0BEEA.json,output\provider_profiles\MOUSER__Vishay_Dale_Thin_Film__TNPW060310K0BEEA.json
PMR-000205,YAGEO,RT0603FRE0717K8L,DigiKey,Downloaded,,Knowledge_Base\Current\DigiKey\Product_Details\YAGEO__RT0603FRE0717K8L.json,output\provider_profiles\DIGIKEY__YAGEO__RT0603FRE0717K8L.json
PMR-000205,YAGEO,RT0603FRE0717K8L,TME,Downloaded,,Knowledge_Base\Current\TME\Product_Search\YAGEO__RT0603FRE0717K8L.json | Knowledge_Base\Current\TME\Product_Data\YAGEO__RT0603FRE0717K8L.json | Knowledge_Base\Current\TME\Product_Parameters\YAGEO__RT0603FRE0717K8L.json,output\provider_profiles\TME__YAGEO__RT0603FRE0717K8L.json
PMR-000205,YAGEO,RT0603FRE0717K8L,Mouser,Downloaded,,Knowledge_Base\Current\Mouser\Part_Number_Search\YAGEO__RT0603FRE0717K8L.json,output\provider_profiles\MOUSER__YAGEO__RT0603FRE0717K8L.json
PMR-000206,YAGEO,RC0603FR-0718KL,DigiKey,Downloaded,,Knowledge_Base\Current\DigiKey\Product_Details\YAGEO__RC0603FR-0718KL.json,output\provider_profiles\DIGIKEY__YAGEO__RC0603FR-0718KL.json
PMR-000206,YAGEO,RC0603FR-0718KL,TME,Downloaded,,Knowledge_Base\Current\TME\Product_Search\YAGEO__RC0603FR-0718KL.json | Knowledge_Base\Current\TME\Product_Data\YAGEO__RC0603FR-0718KL.json | Knowledge_Base\Current\TME\Product_Parameters\YAGEO__RC0603FR-0718KL.json,output\provider_profiles\TME__YAGEO__RC0603FR-0718KL.json
PMR-000206,YAGEO,RC0603FR-0718KL,Mouser,Downloaded,,Knowledge_Base\Current\Mouser\Part_Number_Search\YAGEO__RC0603FR-0718KL.json,output\provider_profiles\MOUSER__YAGEO__RC0603FR-0718KL.json
PMR-000207,YAGEO,RC0603FR-0722KL,DigiKey,Downloaded,,Knowledge_Base\Current\DigiKey\Product_Details\YAGEO__RC0603FR-0722KL.json,output\provider_profiles\DIGIKEY__YAGEO__RC0603FR-0722KL.json
PMR-000207,YAGEO,RC0603FR-0722KL,TME,Downloaded,,Knowledge_Base\Current\TME\Product_Search\YAGEO__RC0603FR-0722KL.json | Knowledge_Base\Current\TME\Product_Data\YAGEO__RC0603FR-0722KL.json | Knowledge_Base\Current\TME\Product_Parameters\YAGEO__RC0603FR-0722KL.json,output\provider_profiles\TME__YAGEO__RC0603FR-0722KL.json
PMR-000207,YAGEO,RC0603FR-0722KL,Mouser,Downloaded,,Knowledge_Base\Current\Mouser\Part_Number_Search\YAGEO__RC0603FR-0722KL.json,output\provider_profiles\MOUSER__YAGEO__RC0603FR-0722KL.json
PMR-000208,Vishay Dale Thin Film,TNPW060325K2BEEN,DigiKey,Downloaded,,Knowledge_Base\Current\DigiKey\Product_Details\Vishay_Dale_Thin_Film__TNPW060325K2BEEN.json,output\provider_profiles\DIGIKEY__Vishay_Dale_Thin_Film__TNPW060325K2BEEN.json
PMR-000208,Vishay Dale Thin Film,TNPW060325K2BEEN,TME,Not Found,TME returned no products,Knowledge_Base\Current\TME\Product_Search\Vishay_Dale_Thin_Film__TNPW060325K2BEEN.json,
PMR-000208,Vishay Dale Thin Film,TNPW060325K2BEEN,Mouser,Downloaded,,Knowledge_Base\Current\Mouser\Part_Number_Search\Vishay_Dale_Thin_Film__TNPW060325K2BEEN.json,output\provider_profiles\MOUSER__Vishay_Dale_Thin_Film__TNPW060325K2BEEN.json
PMR-000209,YAGEO,RC0603FR-0747KL,DigiKey,Downloaded,,Knowledge_Base\Current\DigiKey\Product_Details\YAGEO__RC0603FR-0747KL.json,output\provider_profiles\DIGIKEY__YAGEO__RC0603FR-0747KL.json
PMR-000209,YAGEO,RC0603FR-0747KL,TME,Downloaded,,Knowledge_Base\Current\TME\Product_Search\YAGEO__RC0603FR-0747KL.json | Knowledge_Base\Current\TME\Product_Data\YAGEO__RC0603FR-0747KL.json | Knowledge_Base\Current\TME\Product_Parameters\YAGEO__RC0603FR-0747KL.json,output\provider_profiles\TME__YAGEO__RC0603FR-0747KL.json
PMR-000209,YAGEO,RC0603FR-0747KL,Mouser,Downloaded,,Knowledge_Base\Current\Mouser\Part_Number_Search\YAGEO__RC0603FR-0747KL.json,output\provider_profiles\MOUSER__YAGEO__RC0603FR-0747KL.json
PMR-000210,Vishay Dale Thin Film,TNPW060350K5BEEA,DigiKey,Failed,"RuntimeError: DigiKey 500: {""fault"":{""faultstring"":""Execution of ServiceCallout SC-Quota failed. Reason: ResponseCode 500 is treated as error"",""detail"":{""errorcode"":""steps.servicecallout.ExecutionFailed""}}}",,
PMR-000210,Vishay Dale Thin Film,TNPW060350K5BEEA,TME,Not Found,TME returned no products,Knowledge_Base\Current\TME\Product_Search\Vishay_Dale_Thin_Film__TNPW060350K5BEEA.json,
PMR-000210,Vishay Dale Thin Film,TNPW060350K5BEEA,Mouser,Downloaded,,Knowledge_Base\Current\Mouser\Part_Number_Search\Vishay_Dale_Thin_Film__TNPW060350K5BEEA.json,output\provider_profiles\MOUSER__Vishay_Dale_Thin_Film__TNPW060350K5BEEA.json
PMR-000211,Royal Ohm,0603SAF8662T5E,DigiKey,Failed,"RuntimeError: DigiKey 404: 
            {
                ""type"": ""https://tools.ietf.org/html/rfc7231#section-6.5.4"",
                ""title"": ""Not Found"",
                ""status"": 404,
                ""detail"": ""Requested Product 0603saf8662t5e Not Found"",
                ""instance"": """",
                ""correlationId"": ""08901ead-f187-46b9-ee2d-8ddbd8b476cc"",
                ""errors"": []
            }
        ",,
PMR-000211,Royal Ohm,0603SAF8662T5E,TME,Downloaded,,Knowledge_Base\Current\TME\Product_Search\ROYALOHM__0603SAF8662T5E.json | Knowledge_Base\Current\TME\Product_Data\ROYALOHM__0603SAF8662T5E.json | Knowledge_Base\Current\TME\Product_Parameters\ROYALOHM__0603SAF8662T5E.json,output\provider_profiles\TME__Royal_Ohm__0603SAF8662T5E.json
PMR-000211,Royal Ohm,0603SAF8662T5E,Mouser,Downloaded,,Knowledge_Base\Current\Mouser\Part_Number_Search\Royal_Ohm__0603SAF8662T5E.json,output\provider_profiles\MOUSER__Royal_Ohm__0603SAF8662T5E.json
PMR-000212,YAGEO,RC0603FR-0788K7L,DigiKey,Downloaded,,Knowledge_Base\Current\DigiKey\Product_Details\YAGEO__RC0603FR-0788K7L.json,output\provider_profiles\DIGIKEY__YAGEO__RC0603FR-0788K7L.json
PMR-000212,YAGEO,RC0603FR-0788K7L,TME,Downloaded,,Knowledge_Base\Current\TME\Product_Search\YAGEO__RC0603FR-0788K7L.json | Knowledge_Base\Current\TME\Product_Data\YAGEO__RC0603FR-0788K7L.json | Knowledge_Base\Current\TME\Product_Parameters\YAGEO__RC0603FR-0788K7L.json,output\provider_profiles\TME__YAGEO__RC0603FR-0788K7L.json
PMR-000212,YAGEO,RC0603FR-0788K7L,Mouser,Downloaded,,Knowledge_Base\Current\Mouser\Part_Number_Search\YAGEO__RC0603FR-0788K7L.json,output\provider_profiles\MOUSER__YAGEO__RC0603FR-0788K7L.json
PMR-000213,Koa Speer,RK73H1ETTP1003F,DigiKey,Downloaded,,Knowledge_Base\Current\DigiKey\Product_Details\Koa_Speer__RK73H1ETTP1003F.json,output\provider_profiles\DIGIKEY__Koa_Speer__RK73H1ETTP1003F.json
PMR-000213,Koa Speer,RK73H1ETTP1003F,TME,Downloaded,,Knowledge_Base\Current\TME\Product_Search\KOA__RK73H1ETTP1003F.json | Knowledge_Base\Current\TME\Product_Data\KOA__RK73H1ETTP1003F.json | Knowledge_Base\Current\TME\Product_Parameters\KOA__RK73H1ETTP1003F.json,output\provider_profiles\TME__Koa_Speer__RK73H1ETTP1003F.json
PMR-000213,Koa Speer,RK73H1ETTP1003F,Mouser,Downloaded,,Knowledge_Base\Current\Mouser\Part_Number_Search\Koa_Speer__RK73H1ETTP1003F.json,output\provider_profiles\MOUSER__Koa_Speer__RK73H1ETTP1003F.json
PMR-000214,YAGEO,RC0603FR-07100KL,DigiKey,Downloaded,,Knowledge_Base\Current\DigiKey\Product_Details\YAGEO__RC0603FR-07100KL.json,output\provider_profiles\DIGIKEY__YAGEO__RC0603FR-07100KL.json
PMR-000214,YAGEO,RC0603FR-07100KL,TME,Downloaded,,Knowledge_Base\Current\TME\Product_Search\YAGEO__RC0603FR-07100KL.json | Knowledge_Base\Current\TME\Product_Data\YAGEO__RC0603FR-07100KL.json | Knowledge_Base\Current\TME\Product_Parameters\YAGEO__RC0603FR-07100KL.json,output\provider_profiles\TME__YAGEO__RC0603FR-07100KL.json
PMR-000214,YAGEO,RC0603FR-07100KL,Mouser,Downloaded,,Knowledge_Base\Current\Mouser\Part_Number_Search\YAGEO__RC0603FR-07100KL.json,output\provider_profiles\MOUSER__YAGEO__RC0603FR-07100KL.json
PMR-000215,Vishay Dale Thin Film,TNPW0603100KBEEN,DigiKey,Downloaded,,Knowledge_Base\Current\DigiKey\Product_Details\Vishay_Dale_Thin_Film__TNPW0603100KBEEN.json,output\provider_profiles\DIGIKEY__Vishay_Dale_Thin_Film__TNPW0603100KBEEN.json
PMR-000215,Vishay Dale Thin Film,TNPW0603100KBEEN,TME,Not Found,TME returned no products,Knowledge_Base\Current\TME\Product_Search\Vishay_Dale_Thin_Film__TNPW0603100KBEEN.json,
PMR-000215,Vishay Dale Thin Film,TNPW0603100KBEEN,Mouser,Downloaded,,Knowledge_Base\Current\Mouser\Part_Number_Search\Vishay_Dale_Thin_Film__TNPW0603100KBEEN.json,output\provider_profiles\MOUSER__Vishay_Dale_Thin_Film__TNPW0603100KBEEN.json
PMR-000216,Panasonic,ERJ3EKF1303V,DigiKey,Failed,"RuntimeError: DigiKey 404: 
            {
                ""type"": ""https://tools.ietf.org/html/rfc7231#section-6.5.4"",
                ""title"": ""Not Found"",
                ""status"": 404,
                ""detail"": ""Requested Product erj3ekf1303v Not Found"",
                ""instance"": """",
                ""correlationId"": ""b8f09e8a-e637-4b57-b0ec-4d48b29f77ca"",
                ""errors"": []
            }
        ",,
PMR-000216,Panasonic,ERJ3EKF1303V,TME,Downloaded,,Knowledge_Base\Current\TME\Product_Search\PANASONIC__ERJ3EKF1303V.json | Knowledge_Base\Current\TME\Product_Data\PANASONIC__ERJ3EKF1303V.json | Knowledge_Base\Current\TME\Product_Parameters\PANASONIC__ERJ3EKF1303V.json,output\provider_profiles\TME__Panasonic__ERJ3EKF1303V.json
PMR-000216,Panasonic,ERJ3EKF1303V,Mouser,Downloaded,,Knowledge_Base\Current\Mouser\Part_Number_Search\Panasonic__ERJ3EKF1303V.json,output\provider_profiles\MOUSER__Panasonic__ERJ3EKF1303V.json
PMR-000217,YAGEO,RC0603FR-07150KL,DigiKey,Downloaded,,Knowledge_Base\Current\DigiKey\Product_Details\YAGEO__RC0603FR-07150KL.json,output\provider_profiles\DIGIKEY__YAGEO__RC0603FR-07150KL.json
PMR-000217,YAGEO,RC0603FR-07150KL,TME,Downloaded,,Knowledge_Base\Current\TME\Product_Search\YAGEO__RC0603FR-07150KL.json | Knowledge_Base\Current\TME\Product_Data\YAGEO__RC0603FR-07150KL.json | Knowledge_Base\Current\TME\Product_Parameters\YAGEO__RC0603FR-07150KL.json,output\provider_profiles\TME__YAGEO__RC0603FR-07150KL.json
PMR-000217,YAGEO,RC0603FR-07150KL,Mouser,Downloaded,,Knowledge_Base\Current\Mouser\Part_Number_Search\YAGEO__RC0603FR-07150KL.json,output\provider_profiles\MOUSER__YAGEO__RC0603FR-07150KL.json
PMR-000218,YAGEO,RC0603FR-07220KL,DigiKey,Downloaded,,Knowledge_Base\Current\DigiKey\Product_Details\YAGEO__RC0603FR-07220KL.json,output\provider_profiles\DIGIKEY__YAGEO__RC0603FR-07220KL.json
PMR-000218,YAGEO,RC0603FR-07220KL,TME,Downloaded,,Knowledge_Base\Current\TME\Product_Search\YAGEO__RC0603FR-07220KL.json | Knowledge_Base\Current\TME\Product_Data\YAGEO__RC0603FR-07220KL.json | Knowledge_Base\Current\TME\Product_Parameters\YAGEO__RC0603FR-07220KL.json,output\provider_profiles\TME__YAGEO__RC0603FR-07220KL.json
PMR-000218,YAGEO,RC0603FR-07220KL,Mouser,Downloaded,,Knowledge_Base\Current\Mouser\Part_Number_Search\YAGEO__RC0603FR-07220KL.json,output\provider_profiles\MOUSER__YAGEO__RC0603FR-07220KL.json
PMR-000219,YAGEO,RC0603FR-07300KL,DigiKey,Downloaded,,Knowledge_Base\Current\DigiKey\Product_Details\YAGEO__RC0603FR-07300KL.json,output\provider_profiles\DIGIKEY__YAGEO__RC0603FR-07300KL.json
PMR-000219,YAGEO,RC0603FR-07300KL,TME,Downloaded,,Knowledge_Base\Current\TME\Product_Search\YAGEO__RC0603FR-07300KL.json | Knowledge_Base\Current\TME\Product_Data\YAGEO__RC0603FR-07300KL.json | Knowledge_Base\Current\TME\Product_Parameters\YAGEO__RC0603FR-07300KL.json,output\provider_profiles\TME__YAGEO__RC0603FR-07300KL.json
PMR-000219,YAGEO,RC0603FR-07300KL,Mouser,Downloaded,,Knowledge_Base\Current\Mouser\Part_Number_Search\YAGEO__RC0603FR-07300KL.json,output\provider_profiles\MOUSER__YAGEO__RC0603FR-07300KL.json
PMR-000220,YAGEO,RC0603FR-07390KL,DigiKey,Downloaded,,Knowledge_Base\Current\DigiKey\Product_Details\YAGEO__RC0603FR-07390KL.json,output\provider_profiles\DIGIKEY__YAGEO__RC0603FR-07390KL.json
PMR-000220,YAGEO,RC0603FR-07390KL,TME,Downloaded,,Knowledge_Base\Current\TME\Product_Search\YAGEO__RC0603FR-07390KL.json | Knowledge_Base\Current\TME\Product_Data\YAGEO__RC0603FR-07390KL.json | Knowledge_Base\Current\TME\Product_Parameters\YAGEO__RC0603FR-07390KL.json,output\provider_profiles\TME__YAGEO__RC0603FR-07390KL.json
PMR-000220,YAGEO,RC0603FR-07390KL,Mouser,Downloaded,,Knowledge_Base\Current\Mouser\Part_Number_Search\YAGEO__RC0603FR-07390KL.json,output\provider_profiles\MOUSER__YAGEO__RC0603FR-07390KL.json
PMR-000221,Panasonic,ERJ3EKF3923V,DigiKey,Failed,"RuntimeError: DigiKey 404: 
            {
                ""type"": ""https://tools.ietf.org/html/rfc7231#section-6.5.4"",
                ""title"": ""Not Found"",
                ""status"": 404,
                ""detail"": ""Requested Product erj3ekf3923v Not Found"",
                ""instance"": """",
                ""correlationId"": ""b84dcd69-1232-47e0-c874-a000329d3e3a"",
                ""errors"": []
            }
        ",,
PMR-000221,Panasonic,ERJ3EKF3923V,TME,Downloaded,,Knowledge_Base\Current\TME\Product_Search\PANASONIC__ERJ3EKF3923V.json | Knowledge_Base\Current\TME\Product_Data\PANASONIC__ERJ3EKF3923V.json | Knowledge_Base\Current\TME\Product_Parameters\PANASONIC__ERJ3EKF3923V.json,output\provider_profiles\TME__Panasonic__ERJ3EKF3923V.json
PMR-000221,Panasonic,ERJ3EKF3923V,Mouser,Downloaded,,Knowledge_Base\Current\Mouser\Part_Number_Search\Panasonic__ERJ3EKF3923V.json,output\provider_profiles\MOUSER__Panasonic__ERJ3EKF3923V.json
PMR-000222,YAGEO,RC0603FR-07470KL,DigiKey,Downloaded,,Knowledge_Base\Current\DigiKey\Product_Details\YAGEO__RC0603FR-07470KL.json,output\provider_profiles\DIGIKEY__YAGEO__RC0603FR-07470KL.json
PMR-000222,YAGEO,RC0603FR-07470KL,TME,Downloaded,,Knowledge_Base\Current\TME\Product_Search\YAGEO__RC0603FR-07470KL.json | Knowledge_Base\Current\TME\Product_Data\YAGEO__RC0603FR-07470KL.json | Knowledge_Base\Current\TME\Product_Parameters\YAGEO__RC0603FR-07470KL.json,output\provider_profiles\TME__YAGEO__RC0603FR-07470KL.json
PMR-000222,YAGEO,RC0603FR-07470KL,Mouser,Downloaded,,Knowledge_Base\Current\Mouser\Part_Number_Search\YAGEO__RC0603FR-07470KL.json,output\provider_profiles\MOUSER__YAGEO__RC0603FR-07470KL.json
PMR-000223,Vishay Dale Thin Film,MCT0603MD4993BP500,DigiKey,Downloaded,,Knowledge_Base\Current\DigiKey\Product_Details\Vishay_Dale_Thin_Film__MCT0603MD4993BP500.json,output\provider_profiles\DIGIKEY__Vishay_Dale_Thin_Film__MCT0603MD4993BP500.json
PMR-000223,Vishay Dale Thin Film,MCT0603MD4993BP500,TME,Downloaded,,Knowledge_Base\Current\TME\Product_Search\VISHAY__MCT0603MD4993BP500.json | Knowledge_Base\Current\TME\Product_Data\VISHAY__MCT0603MD4993BP500.json | Knowledge_Base\Current\TME\Product_Parameters\VISHAY__MCT0603MD4993BP500.json,output\provider_profiles\TME__Vishay_Dale_Thin_Film__MCT0603MD4993BP500.json
PMR-000223,Vishay Dale Thin Film,MCT0603MD4993BP500,Mouser,Downloaded,,Knowledge_Base\Current\Mouser\Part_Number_Search\Vishay_Dale_Thin_Film__MCT0603MD4993BP500.json,output\provider_profiles\MOUSER__Vishay_Dale_Thin_Film__MCT0603MD4993BP500.json
PMR-000224,Panasonic,ERJ3EKF6193V,DigiKey,Failed,"RuntimeError: DigiKey 404: 
            {
                ""type"": ""https://tools.ietf.org/html/rfc7231#section-6.5.4"",
                ""title"": ""Not Found"",
                ""status"": 404,
                ""detail"": ""Requested Product erj3ekf6193v Not Found"",
                ""instance"": """",
                ""correlationId"": ""d57d5c70-b46e-402e-e0e0-b5cacbff6213"",
                ""errors"": []
            }
        ",,
PMR-000224,Panasonic,ERJ3EKF6193V,TME,Downloaded,,Knowledge_Base\Current\TME\Product_Search\PANASONIC__ERJ3EKF6193V.json | Knowledge_Base\Current\TME\Product_Data\PANASONIC__ERJ3EKF6193V.json | Knowledge_Base\Current\TME\Product_Parameters\PANASONIC__ERJ3EKF6193V.json,output\provider_profiles\TME__Panasonic__ERJ3EKF6193V.json
PMR-000224,Panasonic,ERJ3EKF6193V,Mouser,Downloaded,,Knowledge_Base\Current\Mouser\Part_Number_Search\Panasonic__ERJ3EKF6193V.json,output\provider_profiles\MOUSER__Panasonic__ERJ3EKF6193V.json
PMR-000225,Walsin Technology Corporation,WR06X1004FTL,DigiKey,Downloaded,,Knowledge_Base\Current\DigiKey\Product_Details\Walsin_Technology_Corporation__WR06X1004FTL.json,output\provider_profiles\DIGIKEY__Walsin_Technology_Corporation__WR06X1004FTL.json
PMR-000225,Walsin Technology Corporation,WR06X1004FTL,TME,Downloaded,,Knowledge_Base\Current\TME\Product_Search\WALSIN__WR06X1004FTL.json | Knowledge_Base\Current\TME\Product_Data\WALSIN__WR06X1004FTL.json | Knowledge_Base\Current\TME\Product_Parameters\WALSIN__WR06X1004FTL.json,output\provider_profiles\TME__Walsin_Technology_Corporation__WR06X1004FTL.json
PMR-000225,Walsin Technology Corporation,WR06X1004FTL,Mouser,Downloaded,,Knowledge_Base\Current\Mouser\Part_Number_Search\Walsin_Technology_Corporation__WR06X1004FTL.json,output\provider_profiles\MOUSER__Walsin_Technology_Corporation__WR06X1004FTL.json
PMR-000226,Royal Ohm,0603SAF1204T5E,DigiKey,Failed,"RuntimeError: DigiKey 404: 
            {
                ""type"": ""https://tools.ietf.org/html/rfc7231#section-6.5.4"",
                ""title"": ""Not Found"",
                ""status"": 404,
                ""detail"": ""Requested Product 0603saf1204t5e Not Found"",
                ""instance"": """",
                ""correlationId"": ""6c82ca36-0997-4fbc-c9d5-f863b1a42edb"",
                ""errors"": []
            }
        ",,
PMR-000226,Royal Ohm,0603SAF1204T5E,TME,Downloaded,,Knowledge_Base\Current\TME\Product_Search\ROYALOHM__0603SAF1204T5E.json | Knowledge_Base\Current\TME\Product_Data\ROYALOHM__0603SAF1204T5E.json | Knowledge_Base\Current\TME\Product_Parameters\ROYALOHM__0603SAF1204T5E.json,output\provider_profiles\TME__Royal_Ohm__0603SAF1204T5E.json
PMR-000226,Royal Ohm,0603SAF1204T5E,Mouser,Downloaded,,Knowledge_Base\Current\Mouser\Part_Number_Search\Royal_Ohm__0603SAF1204T5E.json,output\provider_profiles\MOUSER__Royal_Ohm__0603SAF1204T5E.json
PMR-000227,Vishay Dale Thin Film,MCT0603MD2004BP500,DigiKey,Downloaded,,Knowledge_Base\Current\DigiKey\Product_Details\Vishay_Dale_Thin_Film__MCT0603MD2004BP500.json,output\provider_profiles\DIGIKEY__Vishay_Dale_Thin_Film__MCT0603MD2004BP500.json
PMR-000227,Vishay Dale Thin Film,MCT0603MD2004BP500,TME,Downloaded,,Knowledge_Base\Current\TME\Product_Search\VISHAY__MCT0603MD2004BP500.json | Knowledge_Base\Current\TME\Product_Data\VISHAY__MCT0603MD2004BP500.json | Knowledge_Base\Current\TME\Product_Parameters\VISHAY__MCT0603MD2004BP500.json,output\provider_profiles\TME__Vishay_Dale_Thin_Film__MCT0603MD2004BP500.json
PMR-000227,Vishay Dale Thin Film,MCT0603MD2004BP500,Mouser,Downloaded,,Knowledge_Base\Current\Mouser\Part_Number_Search\Vishay_Dale_Thin_Film__MCT0603MD2004BP500.json,output\provider_profiles\MOUSER__Vishay_Dale_Thin_Film__MCT0603MD2004BP500.json
PMR-000228,NXP,"PCF85063ATL/1,118",DigiKey,Downloaded,,Knowledge_Base\Current\DigiKey\Product_Details\NXP__PCF85063ATL_1_118.json,output\provider_profiles\DIGIKEY__NXP__PCF85063ATL_1_118.json
PMR-000228,NXP,"PCF85063ATL/1,118",TME,Downloaded,,Knowledge_Base\Current\TME\Product_Search\NXP__PCF85063ATL_1_118.json | Knowledge_Base\Current\TME\Product_Data\NXP__PCF85063ATL_1_118.json | Knowledge_Base\Current\TME\Product_Parameters\NXP__PCF85063ATL_1_118.json,output\provider_profiles\TME__NXP__PCF85063ATL_1_118.json
PMR-000228,NXP,"PCF85063ATL/1,118",Mouser,Downloaded,,Knowledge_Base\Current\Mouser\Part_Number_Search\NXP__PCF85063ATL_1_118.json,output\provider_profiles\MOUSER__NXP__PCF85063ATL_1_118.json
PMR-000229,Kemet,FC0V474ZFTBR24,DigiKey,Downloaded,,Knowledge_Base\Current\DigiKey\Product_Details\Kemet__FC0V474ZFTBR24.json,output\provider_profiles\DIGIKEY__Kemet__FC0V474ZFTBR24.json
PMR-000229,Kemet,FC0V474ZFTBR24,TME,Downloaded,,Knowledge_Base\Current\TME\Product_Search\KEMET__FC0V474ZFTBR24.json | Knowledge_Base\Current\TME\Product_Data\KEMET__FC0V474ZFTBR24.json | Knowledge_Base\Current\TME\Product_Parameters\KEMET__FC0V474ZFTBR24.json,output\provider_profiles\TME__Kemet__FC0V474ZFTBR24.json
PMR-000229,Kemet,FC0V474ZFTBR24,Mouser,Downloaded,,Knowledge_Base\Current\Mouser\Part_Number_Search\Kemet__FC0V474ZFTBR24.json,output\provider_profiles\MOUSER__Kemet__FC0V474ZFTBR24.json
PMR-000230,Kemet,FC0H474ZFTBR32-SS,DigiKey,Downloaded,,Knowledge_Base\Current\DigiKey\Product_Details\Kemet__FC0H474ZFTBR32-SS.json,output\provider_profiles\DIGIKEY__Kemet__FC0H474ZFTBR32-SS.json
PMR-000230,Kemet,FC0H474ZFTBR32-SS,TME,Not Found,TME returned no products,Knowledge_Base\Current\TME\Product_Search\Kemet__FC0H474ZFTBR32-SS.json,
PMR-000230,Kemet,FC0H474ZFTBR32-SS,Mouser,Downloaded,,Knowledge_Base\Current\Mouser\Part_Number_Search\Kemet__FC0H474ZFTBR32-SS.json,output\provider_profiles\MOUSER__Kemet__FC0H474ZFTBR32-SS.json
PMR-000231,ScioSense,ENS210-LQFM,DigiKey,Downloaded,,Knowledge_Base\Current\DigiKey\Product_Details\ScioSense__ENS210-LQFM.json,output\provider_profiles\DIGIKEY__ScioSense__ENS210-LQFM.json
PMR-000231,ScioSense,ENS210-LQFM,TME,Not Found,TME returned no products,Knowledge_Base\Current\TME\Product_Search\ScioSense__ENS210-LQFM.json,
PMR-000231,ScioSense,ENS210-LQFM,Mouser,Downloaded,,Knowledge_Base\Current\Mouser\Part_Number_Search\ScioSense__ENS210-LQFM.json,output\provider_profiles\MOUSER__ScioSense__ENS210-LQFM.json
PMR-000232,ST Micro,MP34DT05-A,DigiKey,Failed,"RuntimeError: DigiKey 404: 
            {
                ""type"": ""https://tools.ietf.org/html/rfc7231#section-6.5.4"",
                ""title"": ""Not Found"",
                ""status"": 404,
                ""detail"": ""Requested Product mp34dt05-a Not Found"",
                ""instance"": """",
                ""correlationId"": ""da7d579a-10eb-41d2-ec45-0b87d8979c94"",
                ""errors"": []
            }
        ",,
PMR-000232,ST Micro,MP34DT05-A,TME,Downloaded,,Knowledge_Base\Current\TME\Product_Search\STMicroelectronics__MP34DT05-A.json | Knowledge_Base\Current\TME\Product_Data\STMicroelectronics__MP34DT05-A.json | Knowledge_Base\Current\TME\Product_Parameters\STMicroelectronics__MP34DT05-A.json,output\provider_profiles\TME__ST_Micro__MP34DT05-A.json
PMR-000232,ST Micro,MP34DT05-A,Mouser,Downloaded,,Knowledge_Base\Current\Mouser\Part_Number_Search\ST_Micro__MP34DT05-A.json,output\provider_profiles\MOUSER__ST_Micro__MP34DT05-A.json
PMR-000233,Knowles,SPH0645LM4H,DigiKey,Failed,"RuntimeError: DigiKey 404: 
            {
                ""type"": ""https://tools.ietf.org/html/rfc7231#section-6.5.4"",
                ""title"": ""Not Found"",
                ""status"": 404,
                ""detail"": ""Requested Product sph0645lm4h Not Found"",
                ""instance"": """",
                ""correlationId"": ""5e5d64a4-5cdf-4a72-d002-d9d47c4f8038"",
                ""errors"": []
            }
        ",,
PMR-000233,Knowles,SPH0645LM4H,TME,Not Found,TME returned no products,Knowledge_Base\Current\TME\Product_Search\Knowles__SPH0645LM4H.json,
PMR-000233,Knowles,SPH0645LM4H,Mouser,Already Cached,,Knowledge_Base\Current\Mouser\Part_Number_Search\Knowles__SPH0645LM4H.json,output\provider_profiles\MOUSER__Knowles__SPH0645LM4H.json
PMR-000234,Infineon Technologies,IM69D120,DigiKey,Failed,"RuntimeError: DigiKey 404: 
            {
                ""type"": ""https://tools.ietf.org/html/rfc7231#section-6.5.4"",
                ""title"": ""Not Found"",
                ""status"": 404,
                ""detail"": ""Requested Product im69d120 Not Found"",
                ""instance"": """",
                ""correlationId"": ""fe5a791b-c9e0-451e-a266-b584142c2f44"",
                ""errors"": []
            }
        ",,
PMR-000234,Infineon Technologies,IM69D120,TME,Downloaded,,Knowledge_Base\Current\TME\Product_Search\INFINEON_TECHNOLOGIES__IM69D120.json | Knowledge_Base\Current\TME\Product_Data\INFINEON_TECHNOLOGIES__IM69D120.json | Knowledge_Base\Current\TME\Product_Parameters\INFINEON_TECHNOLOGIES__IM69D120.json,output\provider_profiles\TME__Infineon_Technologies__IM69D120.json
PMR-000234,Infineon Technologies,IM69D120,Mouser,Downloaded,,Knowledge_Base\Current\Mouser\Part_Number_Search\Infineon_Technologies__IM69D120.json,output\provider_profiles\MOUSER__Infineon_Technologies__IM69D120.json
PMR-000235,Melexis Technologies NV,MLX90640ESF-BAB-000-TU,DigiKey,Failed,"RuntimeError: DigiKey 404: 
            {
                ""type"": ""https://tools.ietf.org/html/rfc7231#section-6.5.4"",
                ""title"": ""Not Found"",
                ""status"": 404,
                ""detail"": ""Requested Product mlx90640esf-bab-000-tu Not Found"",
                ""instance"": """",
                ""correlationId"": ""d769b2fa-e561-42fe-e6b1-5f6eb8c53c73"",
                ""errors"": []
            }
        ",,
PMR-000235,Melexis Technologies NV,MLX90640ESF-BAB-000-TU,TME,Not Found,TME returned no products,Knowledge_Base\Current\TME\Product_Search\Melexis_Technologies_NV__MLX90640ESF-BAB-000-TU.json,
PMR-000235,Melexis Technologies NV,MLX90640ESF-BAB-000-TU,Mouser,Downloaded,,Knowledge_Base\Current\Mouser\Part_Number_Search\Melexis_Technologies_NV__MLX90640ESF-BAB-000-TU.json,output\provider_profiles\MOUSER__Melexis_Technologies_NV__MLX90640ESF-BAB-000-TU.json
PMR-000236,Texas Instruments,LM35CAZ/NOPB,DigiKey,Downloaded,,Knowledge_Base\Current\DigiKey\Product_Details\Texas_Instruments__LM35CAZ_NOPB.json,output\provider_profiles\DIGIKEY__Texas_Instruments__LM35CAZ_NOPB.json
PMR-000236,Texas Instruments,LM35CAZ/NOPB,TME,Downloaded,,Knowledge_Base\Current\TME\Product_Search\TEXAS_INSTRUMENTS__LM35CAZ_NOPB.json | Knowledge_Base\Current\TME\Product_Data\TEXAS_INSTRUMENTS__LM35CAZ_NOPB.json | Knowledge_Base\Current\TME\Product_Parameters\TEXAS_INSTRUMENTS__LM35CAZ_NOPB.json,output\provider_profiles\TME__Texas_Instruments__LM35CAZ_NOPB.json
PMR-000236,Texas Instruments,LM35CAZ/NOPB,Mouser,Downloaded,,Knowledge_Base\Current\Mouser\Part_Number_Search\Texas_Instruments__LM35CAZ_NOPB.json,output\provider_profiles\MOUSER__Texas_Instruments__LM35CAZ_NOPB.json
PMR-000237,TI,INA228AIDGSR,DigiKey,Downloaded,,Knowledge_Base\Current\DigiKey\Product_Details\TI__INA228AIDGSR.json,output\provider_profiles\DIGIKEY__TI__INA228AIDGSR.json
PMR-000237,TI,INA228AIDGSR,TME,Downloaded,,Knowledge_Base\Current\TME\Product_Search\TEXAS_INSTRUMENTS__INA228AIDGSR.json | Knowledge_Base\Current\TME\Product_Data\TEXAS_INSTRUMENTS__INA228AIDGSR.json | Knowledge_Base\Current\TME\Product_Parameters\TEXAS_INSTRUMENTS__INA228AIDGSR.json,output\provider_profiles\TME__TI__INA228AIDGSR.json
PMR-000237,TI,INA228AIDGSR,Mouser,Downloaded,,Knowledge_Base\Current\Mouser\Part_Number_Search\TI__INA228AIDGSR.json,output\provider_profiles\MOUSER__TI__INA228AIDGSR.json
PMR-000238,TI,INA229AIDGSR,DigiKey,Downloaded,,Knowledge_Base\Current\DigiKey\Product_Details\TI__INA229AIDGSR.json,output\provider_profiles\DIGIKEY__TI__INA229AIDGSR.json
PMR-000238,TI,INA229AIDGSR,TME,Downloaded,,Knowledge_Base\Current\TME\Product_Search\TEXAS_INSTRUMENTS__INA229AIDGSR.json | Knowledge_Base\Current\TME\Product_Data\TEXAS_INSTRUMENTS__INA229AIDGSR.json | Knowledge_Base\Current\TME\Product_Parameters\TEXAS_INSTRUMENTS__INA229AIDGSR.json,output\provider_profiles\TME__TI__INA229AIDGSR.json
PMR-000238,TI,INA229AIDGSR,Mouser,Downloaded,,Knowledge_Base\Current\Mouser\Part_Number_Search\TI__INA229AIDGSR.json,output\provider_profiles\MOUSER__TI__INA229AIDGSR.json
PMR-000239,SameSky,CMEJ-0733-25-L070,DigiKey,Downloaded,,Knowledge_Base\Current\DigiKey\Product_Details\SameSky__CMEJ-0733-25-L070.json,output\provider_profiles\DIGIKEY__SameSky__CMEJ-0733-25-L070.json
PMR-000239,SameSky,CMEJ-0733-25-L070,TME,Downloaded,,Knowledge_Base\Current\TME\Product_Search\Same_Sky__CMEJ-0733-25-L070.json | Knowledge_Base\Current\TME\Product_Data\Same_Sky__CMEJ-0733-25-L070.json | Knowledge_Base\Current\TME\Product_Parameters\Same_Sky__CMEJ-0733-25-L070.json,output\provider_profiles\TME__SameSky__CMEJ-0733-25-L070.json
PMR-000239,SameSky,CMEJ-0733-25-L070,Mouser,Downloaded,,Knowledge_Base\Current\Mouser\Part_Number_Search\SameSky__CMEJ-0733-25-L070.json,output\provider_profiles\MOUSER__SameSky__CMEJ-0733-25-L070.json
PMR-000240,Adafruit,2384,DigiKey,Failed,"RuntimeError: DigiKey 404: 
            {
                ""type"": ""https://tools.ietf.org/html/rfc7231#section-6.5.4"",
                ""title"": ""Not Found"",
                ""status"": 404,
                ""detail"": ""Duplicate Products found for 2384. Please narrow your search or provide manufacturerId"",
                ""instance"": """",
                ""correlationId"": ""68efaa6a-e872-404b-8ee0-73d31bb89828"",
                ""errors"": []
            }
        ",,
PMR-000240,Adafruit,2384,TME,Downloaded,,Knowledge_Base\Current\TME\Product_Search\KEYSTONE__2384.json | Knowledge_Base\Current\TME\Product_Data\KEYSTONE__2384.json | Knowledge_Base\Current\TME\Product_Parameters\KEYSTONE__2384.json,output\provider_profiles\TME__Adafruit__2384.json
PMR-000240,Adafruit,2384,Mouser,Downloaded,,Knowledge_Base\Current\Mouser\Part_Number_Search\Adafruit__2384.json,output\provider_profiles\MOUSER__Adafruit__2384.json
PMR-000241,Wurth,2533020201601,DigiKey,Downloaded,,Knowledge_Base\Current\DigiKey\Product_Details\Wurth__2533020201601.json,output\provider_profiles\DIGIKEY__Wurth__2533020201601.json
PMR-000241,Wurth,2533020201601,TME,Not Found,TME returned no products,Knowledge_Base\Current\TME\Product_Search\Wurth__2533020201601.json,
PMR-000241,Wurth,2533020201601,Mouser,Downloaded,,Knowledge_Base\Current\Mouser\Part_Number_Search\Wurth__2533020201601.json,output\provider_profiles\MOUSER__Wurth__2533020201601.json
PMR-000242,Bosch Sensortec,BME688,DigiKey,Downloaded,,Knowledge_Base\Current\DigiKey\Product_Details\Bosch_Sensortec__BME688.json,output\provider_profiles\DIGIKEY__Bosch_Sensortec__BME688.json
PMR-000242,Bosch Sensortec,BME688,TME,Downloaded,,Knowledge_Base\Current\TME\Product_Search\MIKROE__BME688.json | Knowledge_Base\Current\TME\Product_Data\MIKROE__BME688.json | Knowledge_Base\Current\TME\Product_Parameters\MIKROE__BME688.json,output\provider_profiles\TME__Bosch_Sensortec__BME688.json
PMR-000242,Bosch Sensortec,BME688,Mouser,Downloaded,,Knowledge_Base\Current\Mouser\Part_Number_Search\Bosch_Sensortec__BME688.json,output\provider_profiles\MOUSER__Bosch_Sensortec__BME688.json
PMR-000243,TDK InvenSense,ICS-40730,DigiKey,Downloaded,,Knowledge_Base\Current\DigiKey\Product_Details\TDK_InvenSense__ICS-40730.json,output\provider_profiles\DIGIKEY__TDK_InvenSense__ICS-40730.json
PMR-000243,TDK InvenSense,ICS-40730,TME,Not Found,TME returned no products,Knowledge_Base\Current\TME\Product_Search\TDK_InvenSense__ICS-40730.json,
PMR-000243,TDK InvenSense,ICS-40730,Mouser,Downloaded,,Knowledge_Base\Current\Mouser\Part_Number_Search\TDK_InvenSense__ICS-40730.json,output\provider_profiles\MOUSER__TDK_InvenSense__ICS-40730.json
PMR-000244,Bosch Sensortec,BME280,DigiKey,Downloaded,,Knowledge_Base\Current\DigiKey\Product_Details\Bosch_Sensortec__BME280.json,output\provider_profiles\DIGIKEY__Bosch_Sensortec__BME280.json
PMR-000244,Bosch Sensortec,BME280,TME,Downloaded,,Knowledge_Base\Current\TME\Product_Search\R_D_SOFTWARE_SOLUTIONS__BME280.json | Knowledge_Base\Current\TME\Product_Data\R_D_SOFTWARE_SOLUTIONS__BME280.json | Knowledge_Base\Current\TME\Product_Parameters\R_D_SOFTWARE_SOLUTIONS__BME280.json,output\provider_profiles\TME__Bosch_Sensortec__BME280.json
PMR-000244,Bosch Sensortec,BME280,Mouser,Downloaded,,Knowledge_Base\Current\Mouser\Part_Number_Search\Bosch_Sensortec__BME280.json,output\provider_profiles\MOUSER__Bosch_Sensortec__BME280.json
PMR-000245,C&K,KMR213G LFG,DigiKey,Downloaded,,Knowledge_Base\Current\DigiKey\Product_Details\C_K__KMR213G_LFG.json,output\provider_profiles\DIGIKEY__C_K__KMR213G_LFG.json
PMR-000245,C&K,KMR213G LFG,TME,Not Found,TME returned no products,Knowledge_Base\Current\TME\Product_Search\C_K__KMR213G_LFG.json,
PMR-000245,C&K,KMR213G LFG,Mouser,Downloaded,,Knowledge_Base\Current\Mouser\Part_Number_Search\C_K__KMR213G_LFG.json,output\provider_profiles\MOUSER__C_K__KMR213G_LFG.json
PMR-000246,Würth Elektronik,434153017835,DigiKey,Downloaded,,Knowledge_Base\Current\DigiKey\Product_Details\W_rth_Elektronik__434153017835.json,output\provider_profiles\DIGIKEY__W_rth_Elektronik__434153017835.json
PMR-000246,Würth Elektronik,434153017835,TME,Not Found,TME returned no products,Knowledge_Base\Current\TME\Product_Search\W_rth_Elektronik__434153017835.json,
PMR-000246,Würth Elektronik,434153017835,Mouser,Downloaded,,Knowledge_Base\Current\Mouser\Part_Number_Search\W_rth_Elektronik__434153017835.json,output\provider_profiles\MOUSER__W_rth_Elektronik__434153017835.json
PMR-000247,Omron Electronics Inc-EMC Div,B3FS-4005P,DigiKey,Downloaded,,Knowledge_Base\Current\DigiKey\Product_Details\Omron_Electronics_Inc-EMC_Div__B3FS-4005P.json,output\provider_profiles\DIGIKEY__Omron_Electronics_Inc-EMC_Div__B3FS-4005P.json
PMR-000247,Omron Electronics Inc-EMC Div,B3FS-4005P,TME,Downloaded,,Knowledge_Base\Current\TME\Product_Search\OMRON_Electronic_Components__B3FS-4005P.json | Knowledge_Base\Current\TME\Product_Data\OMRON_Electronic_Components__B3FS-4005P.json | Knowledge_Base\Current\TME\Product_Parameters\OMRON_Electronic_Components__B3FS-4005P.json,output\provider_profiles\TME__Omron_Electronics_Inc-EMC_Div__B3FS-4005P.json
PMR-000247,Omron Electronics Inc-EMC Div,B3FS-4005P,Mouser,Downloaded,,Knowledge_Base\Current\Mouser\Part_Number_Search\Omron_Electronics_Inc-EMC_Div__B3FS-4005P.json,output\provider_profiles\MOUSER__Omron_Electronics_Inc-EMC_Div__B3FS-4005P.json
PMR-000248,ALPS,SKRPABE010,DigiKey,Downloaded,,Knowledge_Base\Current\DigiKey\Product_Details\ALPS__SKRPABE010.json,output\provider_profiles\DIGIKEY__ALPS__SKRPABE010.json
PMR-000248,ALPS,SKRPABE010,TME,Downloaded,,Knowledge_Base\Current\TME\Product_Search\ALPS__SKRPABE010.json | Knowledge_Base\Current\TME\Product_Data\ALPS__SKRPABE010.json | Knowledge_Base\Current\TME\Product_Parameters\ALPS__SKRPABE010.json,output\provider_profiles\TME__ALPS__SKRPABE010.json
PMR-000248,ALPS,SKRPABE010,Mouser,Downloaded,,Knowledge_Base\Current\Mouser\Part_Number_Search\ALPS__SKRPABE010.json,output\provider_profiles\MOUSER__ALPS__SKRPABE010.json
PMR-000249,onsemi,ESD9R3.3ST5G,DigiKey,Downloaded,,Knowledge_Base\Current\DigiKey\Product_Details\onsemi__ESD9R3.3ST5G.json,output\provider_profiles\DIGIKEY__onsemi__ESD9R3.3ST5G.json
PMR-000249,onsemi,ESD9R3.3ST5G,TME,Downloaded,,Knowledge_Base\Current\TME\Product_Search\ONSEMI__ESD9R3.3ST5G.json | Knowledge_Base\Current\TME\Product_Data\ONSEMI__ESD9R3.3ST5G.json | Knowledge_Base\Current\TME\Product_Parameters\ONSEMI__ESD9R3.3ST5G.json,output\provider_profiles\TME__onsemi__ESD9R3.3ST5G.json
PMR-000249,onsemi,ESD9R3.3ST5G,Mouser,Downloaded,,Knowledge_Base\Current\Mouser\Part_Number_Search\onsemi__ESD9R3.3ST5G.json,output\provider_profiles\MOUSER__onsemi__ESD9R3.3ST5G.json
PMR-000250,Diodes Incorporated,D5V0L1B2WS-7,DigiKey,Downloaded,,Knowledge_Base\Current\DigiKey\Product_Details\Diodes_Incorporated__D5V0L1B2WS-7.json,output\provider_profiles\DIGIKEY__Diodes_Incorporated__D5V0L1B2WS-7.json
PMR-000250,Diodes Incorporated,D5V0L1B2WS-7,TME,Downloaded,,Knowledge_Base\Current\TME\Product_Search\DIODES_INCORPORATED__D5V0L1B2WS-7.json | Knowledge_Base\Current\TME\Product_Data\DIODES_INCORPORATED__D5V0L1B2WS-7.json | Knowledge_Base\Current\TME\Product_Parameters\DIODES_INCORPORATED__D5V0L1B2WS-7.json,output\provider_profiles\TME__Diodes_Incorporated__D5V0L1B2WS-7.json
PMR-000250,Diodes Incorporated,D5V0L1B2WS-7,Mouser,Downloaded,,Knowledge_Base\Current\Mouser\Part_Number_Search\Diodes_Incorporated__D5V0L1B2WS-7.json,output\provider_profiles\MOUSER__Diodes_Incorporated__D5V0L1B2WS-7.json
PMR-000251,Littelfuse Inc.,SP0502BAHTG,DigiKey,Downloaded,,Knowledge_Base\Current\DigiKey\Product_Details\Littelfuse_Inc__SP0502BAHTG.json,output\provider_profiles\DIGIKEY__Littelfuse_Inc.__SP0502BAHTG.json
PMR-000251,Littelfuse Inc.,SP0502BAHTG,TME,Downloaded,,Knowledge_Base\Current\TME\Product_Search\LITTELFUSE__SP0502BAHTG.json | Knowledge_Base\Current\TME\Product_Data\LITTELFUSE__SP0502BAHTG.json | Knowledge_Base\Current\TME\Product_Parameters\LITTELFUSE__SP0502BAHTG.json,output\provider_profiles\TME__Littelfuse_Inc.__SP0502BAHTG.json
PMR-000251,Littelfuse Inc.,SP0502BAHTG,Mouser,Downloaded,,Knowledge_Base\Current\Mouser\Part_Number_Search\Littelfuse_Inc__SP0502BAHTG.json,output\provider_profiles\MOUSER__Littelfuse_Inc.__SP0502BAHTG.json
PMR-000252,Semtech,RClamp3371ZC,DigiKey,Failed,"RuntimeError: DigiKey 404: 
            {
                ""type"": ""https://tools.ietf.org/html/rfc7231#section-6.5.4"",
                ""title"": ""Not Found"",
                ""status"": 404,
                ""detail"": ""Requested Product rclamp3371zc Not Found"",
                ""instance"": """",
                ""correlationId"": ""6665418d-9128-4c8a-9dc7-261e97c009bb"",
                ""errors"": []
            }
        ",,
PMR-000252,Semtech,RClamp3371ZC,TME,Not Found,TME returned no products,Knowledge_Base\Current\TME\Product_Search\Semtech__RClamp3371ZC.json,
PMR-000252,Semtech,RClamp3371ZC,Mouser,Downloaded,,Knowledge_Base\Current\Mouser\Part_Number_Search\Semtech__RClamp3371ZC.json,output\provider_profiles\MOUSER__Semtech__RClamp3371ZC.json
PMR-000253,Bourns Inc.,SMBJ7.0A,DigiKey,Failed,"RuntimeError: DigiKey 404: 
            {
                ""type"": ""https://tools.ietf.org/html/rfc7231#section-6.5.4"",
                ""title"": ""Not Found"",
                ""status"": 404,
                ""detail"": ""Duplicate Products found for smbj7.0a. Please narrow your search or provide manufacturerId"",
                ""instance"": """",
                ""correlationId"": ""3a97b410-42c3-4104-d910-12042450a717"",
                ""errors"": []
            }
        ",,
PMR-000253,Bourns Inc.,SMBJ7.0A,TME,Downloaded,,Knowledge_Base\Current\TME\Product_Search\LITTELFUSE__SMBJ7.0A.json | Knowledge_Base\Current\TME\Product_Data\LITTELFUSE__SMBJ7.0A.json | Knowledge_Base\Current\TME\Product_Parameters\LITTELFUSE__SMBJ7.0A.json,output\provider_profiles\TME__Bourns_Inc.__SMBJ7.0A.json
PMR-000253,Bourns Inc.,SMBJ7.0A,Mouser,Downloaded,,Knowledge_Base\Current\Mouser\Part_Number_Search\Bourns_Inc__SMBJ7.0A.json,output\provider_profiles\MOUSER__Bourns_Inc.__SMBJ7.0A.json
PMR-000254,ST Micro,USBLC6-2SC6,DigiKey,Failed,"RuntimeError: DigiKey 404: 
            {
                ""type"": ""https://tools.ietf.org/html/rfc7231#section-6.5.4"",
                ""title"": ""Not Found"",
                ""status"": 404,
                ""detail"": ""Duplicate Products found for usblc6-2sc6. Please narrow your search or provide manufacturerId"",
                ""instance"": """",
                ""correlationId"": ""2074efcb-7988-470b-ac90-271113d4019b"",
                ""errors"": []
            }
        ",,
PMR-000254,ST Micro,USBLC6-2SC6,TME,Downloaded,,Knowledge_Base\Current\TME\Product_Search\STMicroelectronics__USBLC6-2SC6.json | Knowledge_Base\Current\TME\Product_Data\STMicroelectronics__USBLC6-2SC6.json | Knowledge_Base\Current\TME\Product_Parameters\STMicroelectronics__USBLC6-2SC6.json,output\provider_profiles\TME__ST_Micro__USBLC6-2SC6.json
PMR-000254,ST Micro,USBLC6-2SC6,Mouser,Downloaded,,Knowledge_Base\Current\Mouser\Part_Number_Search\ST_Micro__USBLC6-2SC6.json,output\provider_profiles\MOUSER__ST_Micro__USBLC6-2SC6.json
PMR-000255,Semtech,UCLAMP2411ZATFT,DigiKey,Downloaded,,Knowledge_Base\Current\DigiKey\Product_Details\Semtech__UCLAMP2411ZATFT.json,output\provider_profiles\DIGIKEY__Semtech__UCLAMP2411ZATFT.json
PMR-000255,Semtech,UCLAMP2411ZATFT,TME,Not Found,TME returned no products,Knowledge_Base\Current\TME\Product_Search\Semtech__UCLAMP2411ZATFT.json,
PMR-000255,Semtech,UCLAMP2411ZATFT,Mouser,Downloaded,,Knowledge_Base\Current\Mouser\Part_Number_Search\Semtech__UCLAMP2411ZATFT.json,output\provider_profiles\MOUSER__Semtech__UCLAMP2411ZATFT.json
PMR-000256,EVVO,PESD1CAN,DigiKey,Failed,"RuntimeError: DigiKey 404: 
            {
                ""type"": ""https://tools.ietf.org/html/rfc7231#section-6.5.4"",
                ""title"": ""Not Found"",
                ""status"": 404,
                ""detail"": ""Duplicate Products found for pesd1can. Please narrow your search or provide manufacturerId"",
                ""instance"": """",
                ""correlationId"": ""4a0be05f-033c-489c-b1d3-1f6e0146da11"",
                ""errors"": []
            }
        ",,
PMR-000256,EVVO,PESD1CAN,TME,Downloaded,,Knowledge_Base\Current\TME\Product_Search\NEXPERIA__PESD1CAN.json | Knowledge_Base\Current\TME\Product_Data\NEXPERIA__PESD1CAN.json | Knowledge_Base\Current\TME\Product_Parameters\NEXPERIA__PESD1CAN.json,output\provider_profiles\TME__EVVO__PESD1CAN.json
PMR-000256,EVVO,PESD1CAN,Mouser,Downloaded,,Knowledge_Base\Current\Mouser\Part_Number_Search\EVVO__PESD1CAN.json,output\provider_profiles\MOUSER__EVVO__PESD1CAN.json
PMR-000257,STMicroelectronics,ESDA25LY,DigiKey,Downloaded,,Knowledge_Base\Current\DigiKey\Product_Details\STMicroelectronics__ESDA25LY.json,output\provider_profiles\DIGIKEY__STMicroelectronics__ESDA25LY.json
PMR-000257,STMicroelectronics,ESDA25LY,TME,Downloaded,,Knowledge_Base\Current\TME\Product_Search\STMicroelectronics__ESDA25LY.json | Knowledge_Base\Current\TME\Product_Data\STMicroelectronics__ESDA25LY.json | Knowledge_Base\Current\TME\Product_Parameters\STMicroelectronics__ESDA25LY.json,output\provider_profiles\TME__STMicroelectronics__ESDA25LY.json
PMR-000257,STMicroelectronics,ESDA25LY,Mouser,Downloaded,,Knowledge_Base\Current\Mouser\Part_Number_Search\STMicroelectronics__ESDA25LY.json,output\provider_profiles\MOUSER__STMicroelectronics__ESDA25LY.json
PMR-000258,Semtech,TDS2221PW,DigiKey,Failed,"RuntimeError: DigiKey 404: 
            {
                ""type"": ""https://tools.ietf.org/html/rfc7231#section-6.5.4"",
                ""title"": ""Not Found"",
                ""status"": 404,
                ""detail"": ""Requested Product tds2221pw Not Found"",
                ""instance"": """",
                ""correlationId"": ""aa6f065a-6b36-4795-f7df-87591a0acda1"",
                ""errors"": []
            }
        ",,
PMR-000258,Semtech,TDS2221PW,TME,Not Found,TME returned no products,Knowledge_Base\Current\TME\Product_Search\Semtech__TDS2221PW.json,
PMR-000258,Semtech,TDS2221PW,Mouser,Downloaded,,Knowledge_Base\Current\Mouser\Part_Number_Search\Semtech__TDS2221PW.json,output\provider_profiles\MOUSER__Semtech__TDS2221PW.json
PMR-000259,TI,TPD8S300ARUKR,DigiKey,Downloaded,,Knowledge_Base\Current\DigiKey\Product_Details\TI__TPD8S300ARUKR.json,output\provider_profiles\DIGIKEY__TI__TPD8S300ARUKR.json
PMR-000259,TI,TPD8S300ARUKR,TME,Not Found,TME returned no products,Knowledge_Base\Current\TME\Product_Search\TI__TPD8S300ARUKR.json,
PMR-000259,TI,TPD8S300ARUKR,Mouser,Downloaded,,Knowledge_Base\Current\Mouser\Part_Number_Search\TI__TPD8S300ARUKR.json,output\provider_profiles\MOUSER__TI__TPD8S300ARUKR.json
PMR-000260,TI,TPD6S300ARUKR,DigiKey,Downloaded,,Knowledge_Base\Current\DigiKey\Product_Details\TI__TPD6S300ARUKR.json,output\provider_profiles\DIGIKEY__TI__TPD6S300ARUKR.json
PMR-000260,TI,TPD6S300ARUKR,TME,Not Found,TME returned no products,Knowledge_Base\Current\TME\Product_Search\TI__TPD6S300ARUKR.json,
PMR-000260,TI,TPD6S300ARUKR,Mouser,Downloaded,,Knowledge_Base\Current\Mouser\Part_Number_Search\TI__TPD6S300ARUKR.json,output\provider_profiles\MOUSER__TI__TPD6S300ARUKR.json
