Record ID,Record Status,Manufacturer,Manufacturer Part Number,Legacy AIPN,Legacy AIPN Old,Legacy Description,Legacy Family,Legacy Datasheet,Import Source,Source Sheet,Duplicate Source Rows,Identity Key,Source Rows,Source Data JSON
PMR-000001,Imported - Pending Verification,Microchip Technology,MCP3202T-CI/SN,,ICS-ADC12-SAR-2Ch-SPI-00,IC ADC 12BIT 8-SOIC,ADC,https://ww1.microchip.com/downloads/aemDocuments/documents/APID/ProductDocuments/DataSheets/21034F.pdf,AIPN Parts Master.xlsx,My Lists Worksheet,No,microchiptechnology | mcp3202t-ci/sn,2,"[{""source_row"":2,""values"":{""AIPN"":"""",""Family"":""ADC"",""Value"":""12"",""Case"":""SOIC-8"",""Image"":"""",""Description"":""IC ADC 12BIT 8-SOIC"",""Manufacturer Name"":""Microchip Technology"",""Manufacturer Part Number"":""MCP3202T-CI/SN"",""Lifecycle"":""Active"",""Leadtime(WKS)"":""4"",""Case2"":""SOIC-8"",""Case3"":""SMD"",""Case Displayed as"":""SMD"",""Param #1"":""ADC12"",""Param #2"":""SAR"",""Param #3"":""2ch"",""Param #4"":""SPI"",""Rev"":""0"",""Params used"":""7"",""AIPN Occurrence"":""1"",""AIPN - OLD"":""ICS-ADC12-SAR-2Ch-SPI-00"",""LEN"":""24"",""Datasheet"":""https://ww1.microchip.com/downloads/aemDocuments/documents/APID/ProductDocuments/DataSheets/21034F.pdf"",""RoHS Status"":""ROHS3 Compliant"",""Moisture Sensitivity Level (MSL)"":""Active"",""ECCN"":""EAR99"",""HTSUS"":""8542.39.0030"",""Country of Origin"":""Thailand""}}]"
PMR-000002,Imported - Pending Verification,Microchip Technology,MCP3221A5T-E/OT,,ICS-ADC12-SAR-1Ch-I2C-00,IC ADC 12BIT SOT-23-5,ADC,https://ww1.microchip.com/downloads/en/devicedoc/20001732e.pdf,AIPN Parts Master.xlsx,My Lists Worksheet,No,microchiptechnology | mcp3221a5t-e/ot,3,"[{""source_row"":3,""values"":{""AIPN"":"""",""Family"":""ADC"",""Value"":""12"",""Case"":""SOT-23-5"",""Image"":"""",""Description"":""IC ADC 12BIT SOT-23-5"",""Manufacturer Name"":""Microchip Technology"",""Manufacturer Part Number"":""MCP3221A5T-E/OT"",""Lifecycle"":""Active"",""Leadtime(WKS)"":""5"",""Case2"":""VSSOP-10"",""Case3"":""SMD"",""Case Displayed as"":""SMD"",""Param #1"":""ADC12"",""Param #2"":""SAR"",""Param #3"":""1ch"",""Param #4"":""I2C"",""Rev"":""0"",""Params used"":""7"",""AIPN Occurrence"":""1"",""AIPN - OLD"":""ICS-ADC12-SAR-1Ch-I2C-00"",""LEN"":""24"",""Datasheet"":""https://ww1.microchip.com/downloads/en/devicedoc/20001732e.pdf"",""RoHS Status"":""ROHS3 Compliant"",""Moisture Sensitivity Level (MSL)"":""Active"",""ECCN"":""EAR99"",""HTSUS"":""8542.39.0030"",""Country of Origin"":""Thailand""}}]"
PMR-000003,Imported - Pending Verification,Texas Instruments,ADS1015IDGSR,,ICS-ADC12-SD-4Ch-I2C-00,IC ADC 12BIT 10-VSSOP,ADC,https://www.ti.com/general/docs/suppproductinfo.tsp?distId=10&gotoUrl=https%3A%2F%2Fwww.ti.com%2Flit%2Fgpn%2Fads1013,AIPN Parts Master.xlsx,My Lists Worksheet,No,texasinstruments | ads1015idgsr,4,"[{""source_row"":4,""values"":{""AIPN"":"""",""Family"":""ADC"",""Value"":""12"",""Case"":""VSSOP-10"",""Image"":"""",""Description"":""IC ADC 12BIT 10-VSSOP"",""Manufacturer Name"":""Texas Instruments"",""Manufacturer Part Number"":""ADS1015IDGSR"",""Lifecycle"":""Active"",""Leadtime(WKS)"":""9"",""Case2"":""VSSOP-10"",""Case3"":""SMD"",""Case Displayed as"":""SMD"",""Param #1"":""ADC12"",""Param #2"":""SD"",""Param #3"":""4ch"",""Param #4"":"""",""Rev"":""0"",""Params used"":""6"",""AIPN Occurrence"":""1"",""AIPN - OLD"":""ICS-ADC12-SD-4Ch-I2C-00"",""LEN"":""23"",""Datasheet"":""https://www.ti.com/general/docs/suppproductinfo.tsp?distId=10&gotoUrl=https%3A%2F%2Fwww.ti.com%2Flit%2Fgpn%2Fads1013"",""RoHS Status"":""ROHS3 Compliant"",""Moisture Sensitivity Level (MSL)"":""Active"",""ECCN"":""EAR99"",""HTSUS"":""8542.39.0030"",""Country of Origin"":""Japan""}}]"
PMR-000004,Imported - Pending Verification,Texas Instruments,ADC121C021CIMM/NOPB,,ICS-ADC12-SAR-1Ch-I2C-01,IC ADC 12BIT 8-VSSOP,ADC,https://www.ti.com/lit/ds/symlink/adc121c021.pdf,AIPN Parts Master.xlsx,My Lists Worksheet,No,texasinstruments | adc121c021cimm/nopb,5,"[{""source_row"":5,""values"":{""AIPN"":"""",""Family"":""ADC"",""Value"":""12"",""Case"":""VSSOP-8"",""Image"":"""",""Description"":""IC ADC 12BIT 8-VSSOP"",""Manufacturer Name"":""Texas Instruments"",""Manufacturer Part Number"":""ADC121C021CIMM/NOPB"",""Lifecycle"":""Active"",""Leadtime(WKS)"":""26"",""Case2"":""VSSOP-8"",""Case3"":""SMD"",""Case Displayed as"":""SMD"",""Param #1"":""ADC12"",""Param #2"":""SAR"",""Param #3"":""1ch"",""Param #4"":""I2C"",""Rev"":""1"",""Params used"":""7"",""AIPN Occurrence"":""1"",""AIPN - OLD"":""ICS-ADC12-SAR-1Ch-I2C-01"",""LEN"":""24"",""Datasheet"":""https://www.ti.com/lit/ds/symlink/adc121c021.pdf"",""RoHS Status"":""ROHS3 Compliant"",""Moisture Sensitivity Level (MSL)"":""Active"",""ECCN"":""EAR99"",""HTSUS"":""8542.39.0030"",""Country of Origin"":""United States""}}]"
PMR-000005,Imported - Pending Verification,Microchip Technology,MCP3464RT-E/NC,,,IC ADC 16BIT 20-UQFN,ADC,https://ww1.microchip.com/downloads/en/DeviceDoc/MCP3461-2-4R-Family-Data-Sheet-DS20006404C.pdf,AIPN Parts Master.xlsx,My Lists Worksheet,No,microchiptechnology | mcp3464rt-e/nc,6,"[{""source_row"":6,""values"":{""AIPN"":"""",""Family"":""ADC"",""Value"":""16"",""Case"":""UQFN-20"",""Image"":"""",""Description"":""IC ADC 16BIT 20-UQFN"",""Manufacturer Name"":""Microchip Technology"",""Manufacturer Part Number"":""MCP3464RT-E/NC"",""Lifecycle"":""Active"",""Leadtime(WKS)"":""4"",""Case2"":"""",""Case3"":"""",""Case Displayed as"":"""",""Param #1"":"""",""Param #2"":"""",""Param #3"":"""",""Param #4"":"""",""Rev"":""0"",""Params used"":""2"",""AIPN Occurrence"":""30"",""AIPN - OLD"":"""",""LEN"":""5"",""Datasheet"":""https://ww1.microchip.com/downloads/en/DeviceDoc/MCP3461-2-4R-Family-Data-Sheet-DS20006404C.pdf"",""RoHS Status"":""ROHS3 Compliant"",""Moisture Sensitivity Level (MSL)"":""Active"",""ECCN"":""EAR99"",""HTSUS"":""8542.39.0030"",""Country of Origin"":""Taiwan""}}]"
PMR-000006,Imported - Pending Verification,TI,ADS1232IPW,,,24 Bit Analog to Digital Converter 2 Input 1 Sigma-Delta 24-TSSOP,ADC,,AIPN Parts Master.xlsx,My Lists Worksheet,No,ti | ads1232ipw,7,"[{""source_row"":7,""values"":{""AIPN"":"""",""Family"":""ADC"",""Value"":""24"",""Case"":""TSSOP-24"",""Image"":"""",""Description"":""24 Bit Analog to Digital Converter 2 Input 1 Sigma-Delta 24-TSSOP"",""Manufacturer Name"":""TI"",""Manufacturer Part Number"":""ADS1232IPW"",""Lifecycle"":"""",""Leadtime(WKS)"":"""",""Case2"":"""",""Case3"":"""",""Case Displayed as"":"""",""Param #1"":"""",""Param #2"":"""",""Param #3"":"""",""Param #4"":"""",""Rev"":""0"",""Params used"":""2"",""AIPN Occurrence"":""30"",""AIPN - OLD"":"""",""LEN"":""5"",""Datasheet"":"""",""RoHS Status"":"""",""Moisture Sensitivity Level (MSL)"":"""",""ECCN"":"""",""HTSUS"":"""",""Country of Origin"":""""}}]"
PMR-000007,Imported - Pending Verification,TDK Corporation,PS1440P02BT,,AUD-THP-1-00,BUZZER PIEZO 3V 14MM TH,AUD,https://product.tdk.com/en/system/files?file=dam/doc/product/sw_piezo/sw_piezo/piezo-buzzer/catalog/piezoelectronic_buzzer_ps_en.pdf,AIPN Parts Master.xlsx,My Lists Worksheet,No,tdkcorporation | ps1440p02bt,8,"[{""source_row"":8,""values"":{""AIPN"":"""",""Family"":""AUD"",""Value"":""3"",""Case"":""THT"",""Image"":"""",""Description"":""BUZZER PIEZO 3V 14MM TH"",""Manufacturer Name"":""TDK Corporation"",""Manufacturer Part Number"":""PS1440P02BT"",""Lifecycle"":""Active"",""Leadtime(WKS)"":""8"",""Case2"":""THT"",""Case3"":""THP"",""Case Displayed as"":""THP"",""Param #1"":""1"",""Param #2"":"""",""Param #3"":"""",""Param #4"":"""",""Rev"":""0"",""Params used"":""4"",""AIPN Occurrence"":""1"",""AIPN - OLD"":""AUD-THP-1-00"",""LEN"":""12"",""Datasheet"":""https://product.tdk.com/en/system/files?file=dam/doc/product/sw_piezo/sw_piezo/piezo-buzzer/catalog/piezoelectronic_buzzer_ps_en.pdf"",""RoHS Status"":""ROHS3 Compliant"",""Moisture Sensitivity Level (MSL)"":""Active"",""ECCN"":""EAR99"",""HTSUS"":""8531.80.9041"",""Country of Origin"":""China""}}]"
PMR-000008,Imported - Pending Verification,MPD (Memory Protection Devices),BK-920,,BAT-SMD-Holder-2032-2-00,BATTERY RETAINER COIN 20MM SMD,BAT,https://www.memoryprotectiondevices.com/datasheets/BK-920/BK-920-datasheet.pdf,AIPN Parts Master.xlsx,My Lists Worksheet,No,mpdmemoryprotectiondevices | bk-920,9,"[{""source_row"":9,""values"":{""AIPN"":"""",""Family"":""BAT"",""Value"":""20"",""Case"":""SMD"",""Image"":"""",""Description"":""BATTERY RETAINER COIN 20MM SMD"",""Manufacturer Name"":""MPD (Memory Protection Devices)"",""Manufacturer Part Number"":""BK-920"",""Lifecycle"":""Active"",""Leadtime(WKS)"":""20"",""Case2"":""SMD"",""Case3"":""SMD"",""Case Displayed as"":""SMD"",""Param #1"":""Holder"",""Param #2"":""2032"",""Param #3"":""2"",""Param #4"":"""",""Rev"":""0"",""Params used"":""6"",""AIPN Occurrence"":""1"",""AIPN - OLD"":""BAT-SMD-Holder-2032-2-00"",""LEN"":""24"",""Datasheet"":""https://www.memoryprotectiondevices.com/datasheets/BK-920/BK-920-datasheet.pdf"",""RoHS Status"":""RoHS Compliant"",""Moisture Sensitivity Level (MSL)"":""Active"",""ECCN"":""EAR99"",""HTSUS"":""8536.69.8000"",""Country of Origin"":""China""}}]"
PMR-000009,Imported - Pending Verification,TE Connectivity,BAT-HLD-001-THM,,BAT-THP-Holder-2032-1-00,BATT RETAINER COIN 20MM PC PIN,BAT,https://www.te.com/commerce/DocumentDelivery/DDEController?Action=srchrtrv&DocNm=BAT-HLD-001-THM&DocType=Data+Sheet&DocLang=English&DocFormat=pdf&PartCntxt=BAT-HLD-001-THM,AIPN Parts Master.xlsx,My Lists Worksheet,No,teconnectivity | bat-hld-001-thm,10,"[{""source_row"":10,""values"":{""AIPN"":"""",""Family"":""BAT"",""Value"":""20"",""Case"":""THT"",""Image"":"""",""Description"":""BATT RETAINER COIN 20MM PC PIN"",""Manufacturer Name"":""TE Connectivity"",""Manufacturer Part Number"":""BAT-HLD-001-THM"",""Lifecycle"":""Active"",""Leadtime(WKS)"":""11"",""Case2"":""THT"",""Case3"":""THP"",""Case Displayed as"":""THP"",""Param #1"":""Holder"",""Param #2"":""2032"",""Param #3"":""1"",""Param #4"":"""",""Rev"":""0"",""Params used"":""6"",""AIPN Occurrence"":""1"",""AIPN - OLD"":""BAT-THP-Holder-2032-1-00"",""LEN"":""24"",""Datasheet"":""https://www.te.com/commerce/DocumentDelivery/DDEController?Action=srchrtrv&DocNm=BAT-HLD-001-THM&DocType=Data+Sheet&DocLang=English&DocFormat=pdf&PartCntxt=BAT-HLD-001-THM"",""RoHS Status"":""RoHS Compliant"",""Moisture Sensitivity Level (MSL)"":""Active"",""ECCN"":""EAR99"",""HTSUS"":""8536.69.4040"",""Country of Origin"":""Taiwan""}}]"
PMR-000010,Imported - Pending Verification,onsemi,BC847BLT3G,,BJT-SMD-NPN-45v-0A1-00,TRANS NPN 45V 0.1A SOT23-3,BJT,https://www.onsemi.com/pub/Collateral/BC846ALT1-D.PDF,AIPN Parts Master.xlsx,My Lists Worksheet,No,onsemi | bc847blt3g,11,"[{""source_row"":11,""values"":{""AIPN"":"""",""Family"":""BJT"",""Value"":""45"",""Case"":""SOT-23-3"",""Image"":"""",""Description"":""TRANS NPN 45V 0.1A SOT23-3"",""Manufacturer Name"":""onsemi"",""Manufacturer Part Number"":""BC847BLT3G"",""Lifecycle"":""Active"",""Leadtime(WKS)"":""52"",""Case2"":""SOT-23-3"",""Case3"":""SMD"",""Case Displayed as"":""SMD"",""Param #1"":""NPN"",""Param #2"":""45v"",""Param #3"":""0A1"",""Param #4"":"""",""Rev"":""0"",""Params used"":""6"",""AIPN Occurrence"":""1"",""AIPN - OLD"":""BJT-SMD-NPN-45v-0A1-00"",""LEN"":""22"",""Datasheet"":""https://www.onsemi.com/pub/Collateral/BC846ALT1-D.PDF"",""RoHS Status"":""ROHS3 Compliant"",""Moisture Sensitivity Level (MSL)"":""Active"",""ECCN"":""EAR99"",""HTSUS"":""8541.21.0075"",""Country of Origin"":""China""}}]"
PMR-000011,Imported - Pending Verification,Wurth,885012006004,,CAP-0603-22p-10v-C0G/NP0-5%-00,CAP CER 22PF 10V C0G/NP0 0603,CAP,https://www.we-online.com/components/products/datasheet/885012006004.pdf,AIPN Parts Master.xlsx,My Lists Worksheet,No,wurth | 885012006004,12,"[{""source_row"":12,""values"":{""AIPN"":"""",""Family"":""CAP"",""Value"":""2.2000000000000002E-11"",""Case"":""0603"",""Image"":"""",""Description"":""CAP CER 22PF 10V C0G/NP0 0603"",""Manufacturer Name"":""Wurth"",""Manufacturer Part Number"":""885012006004"",""Lifecycle"":""Active"",""Leadtime(WKS)"":""24"",""Case2"":""603"",""Case3"":""SMD"",""Case Displayed as"":""0603"",""Param #1"":""22p"",""Param #2"":""10v"",""Param #3"":""C0G/NP0"",""Param #4"":""5%"",""Rev"":""0"",""Params used"":""7"",""AIPN Occurrence"":""1"",""AIPN - OLD"":""CAP-0603-22p-10v-C0G/NP0-5%-00"",""LEN"":""30"",""Datasheet"":""https://www.we-online.com/components/products/datasheet/885012006004.pdf"",""RoHS Status"":""ROHS3 Compliant"",""Moisture Sensitivity Level (MSL)"":""Active"",""ECCN"":""EAR99"",""HTSUS"":""8532.24.0020"",""Country of Origin"":""Taiwan""}}]"
PMR-000012,Imported - Pending Verification,Würth Elektronik,885012007002,,CAP-0805-22p-10v-C0G/NP0-5%-00,CAP CER 22PF 10V C0G/NP0 0805,CAP,https://www.we-online.com/components/products/datasheet/885012007002.pdf,AIPN Parts Master.xlsx,My Lists Worksheet,No,wurthelektronik | 885012007002,13,"[{""source_row"":13,""values"":{""AIPN"":"""",""Family"":""CAP"",""Value"":""2.2000000000000002E-11"",""Case"":""0805"",""Image"":"""",""Description"":""CAP CER 22PF 10V C0G/NP0 0805"",""Manufacturer Name"":""Würth Elektronik"",""Manufacturer Part Number"":""885012007002"",""Lifecycle"":""Active"",""Leadtime(WKS)"":""28"",""Case2"":""805"",""Case3"":""SMD"",""Case Displayed as"":""0805"",""Param #1"":""22p"",""Param #2"":""10v"",""Param #3"":""C0G/NP0"",""Param #4"":""5%"",""Rev"":""0"",""Params used"":""7"",""AIPN Occurrence"":""1"",""AIPN - OLD"":""CAP-0805-22p-10v-C0G/NP0-5%-00"",""LEN"":""30"",""Datasheet"":""https://www.we-online.com/components/products/datasheet/885012007002.pdf"",""RoHS Status"":""ROHS3 Compliant"",""Moisture Sensitivity Level (MSL)"":""Active"",""ECCN"":""EAR99"",""HTSUS"":""8532.24.0020"",""Country of Origin"":""Taiwan""}}]"
PMR-000013,Imported - Pending Verification,Samsung Electro-Mechanics,CL10C270JB8NNNC,,CAP-0603-27p-50v-C0G/NP0-5%-00,CAP CER 27PF 50V C0G/NP0 0603,CAP,https://www.samsungsem.com/resources/file/global/support/product_catalog/MLCC_2512.pdf,AIPN Parts Master.xlsx,My Lists Worksheet,No,samsungelectromechanics | cl10c270jb8nnnc,14,"[{""source_row"":14,""values"":{""AIPN"":"""",""Family"":""CAP"",""Value"":""2.7E-11"",""Case"":""0603"",""Image"":"""",""Description"":""CAP CER 27PF 50V C0G/NP0 0603"",""Manufacturer Name"":""Samsung Electro-Mechanics"",""Manufacturer Part Number"":""CL10C270JB8NNNC"",""Lifecycle"":""Active"",""Leadtime(WKS)"":""31"",""Case2"":""603"",""Case3"":""SMD"",""Case Displayed as"":""0603"",""Param #1"":""27p"",""Param #2"":""50v"",""Param #3"":""C0G/NP0"",""Param #4"":""5%"",""Rev"":""0"",""Params used"":""7"",""AIPN Occurrence"":""1"",""AIPN - OLD"":""CAP-0603-27p-50v-C0G/NP0-5%-00"",""LEN"":""30"",""Datasheet"":""https://www.samsungsem.com/resources/file/global/support/product_catalog/MLCC_2512.pdf"",""RoHS Status"":""ROHS3 Compliant"",""Moisture Sensitivity Level (MSL)"":""Active"",""ECCN"":""EAR99"",""HTSUS"":""8532.24.0020"",""Country of Origin"":""Philippines""}}]"
PMR-000014,Imported - Pending Verification,Wurth,885012006054,,CAP-0603-33p-50v-C0G/NP0-5%-00,CAP CER 33PF 50V C0G/NP0 0603,CAP,https://www.we-online.com/components/products/datasheet/885012006054.pdf,AIPN Parts Master.xlsx,My Lists Worksheet,No,wurth | 885012006054,15,"[{""source_row"":15,""values"":{""AIPN"":"""",""Family"":""CAP"",""Value"":""3.3000000000000002E-11"",""Case"":""0603"",""Image"":"""",""Description"":""CAP CER 33PF 50V C0G/NP0 0603"",""Manufacturer Name"":""Wurth"",""Manufacturer Part Number"":""885012006054"",""Lifecycle"":""Active"",""Leadtime(WKS)"":""24"",""Case2"":""603"",""Case3"":""SMD"",""Case Displayed as"":""0603"",""Param #1"":""33p"",""Param #2"":""50v"",""Param #3"":""C0G/NP0"",""Param #4"":""5%"",""Rev"":""0"",""Params used"":""7"",""AIPN Occurrence"":""1"",""AIPN - OLD"":""CAP-0603-33p-50v-C0G/NP0-5%-00"",""LEN"":""30"",""Datasheet"":""https://www.we-online.com/components/products/datasheet/885012006054.pdf"",""RoHS Status"":""ROHS3 Compliant"",""Moisture Sensitivity Level (MSL)"":""Active"",""ECCN"":""EAR99"",""HTSUS"":""8532.24.0020"",""Country of Origin"":""Taiwan""}}]"
PMR-000015,Imported - Pending Verification,Murata,GRM1555C1H470JA01D,,,CAP CER 47PF 50V C0G/NP0 0402,CAP,https://mm.digikey.com/Volume0/opasdata/d220001/medias/docus/8942/490_Chip_Multilayer_CAT2021_MLCC.pdf,AIPN Parts Master.xlsx,My Lists Worksheet,No,murata | grm1555c1h470ja01d,16,"[{""source_row"":16,""values"":{""AIPN"":"""",""Family"":""CAP"",""Value"":""4.6999999999999999E-11"",""Case"":""0402"",""Image"":"""",""Description"":""CAP CER 47PF 50V C0G/NP0 0402"",""Manufacturer Name"":""Murata"",""Manufacturer Part Number"":""GRM1555C1H470JA01D"",""Lifecycle"":""Active"",""Leadtime(WKS)"":""17"",""Case2"":"""",""Case3"":"""",""Case Displayed as"":"""",""Param #1"":"""",""Param #2"":"""",""Param #3"":"""",""Param #4"":"""",""Rev"":""0"",""Params used"":""2"",""AIPN Occurrence"":""30"",""AIPN - OLD"":"""",""LEN"":""5"",""Datasheet"":""https://mm.digikey.com/Volume0/opasdata/d220001/medias/docus/8942/490_Chip_Multilayer_CAT2021_MLCC.pdf"",""RoHS Status"":""ROHS3 Compliant"",""Moisture Sensitivity Level (MSL)"":""Active"",""ECCN"":""EAR99"",""HTSUS"":""8532.24.0020"",""Country of Origin"":""Japan""}}]"
PMR-000016,Imported - Pending Verification,Wurth,885012206077,,CAP-0603-100p-50v-X7R-10%-00,CAP CER 100PF 50V X7R 0603,CAP,https://www.we-online.com/components/products/datasheet/885012206077.pdf,AIPN Parts Master.xlsx,My Lists Worksheet,No,wurth | 885012206077,17,"[{""source_row"":17,""values"":{""AIPN"":"""",""Family"":""CAP"",""Value"":""1E-10"",""Case"":""0603"",""Image"":"""",""Description"":""CAP CER 100PF 50V X7R 0603"",""Manufacturer Name"":""Wurth"",""Manufacturer Part Number"":""885012206077"",""Lifecycle"":""Active"",""Leadtime(WKS)"":""24"",""Case2"":""603"",""Case3"":""SMD"",""Case Displayed as"":""0603"",""Param #1"":""100p"",""Param #2"":""50v"",""Param #3"":""X7R"",""Param #4"":""10%"",""Rev"":""0"",""Params used"":""7"",""AIPN Occurrence"":""1"",""AIPN - OLD"":""CAP-0603-100p-50v-X7R-10%-00"",""LEN"":""28"",""Datasheet"":""https://www.we-online.com/components/products/datasheet/885012206077.pdf"",""RoHS Status"":""ROHS3 Compliant"",""Moisture Sensitivity Level (MSL)"":""Active"",""ECCN"":""EAR99"",""HTSUS"":""8532.24.0020"",""Country of Origin"":""Taiwan""}}]"
PMR-000017,Imported - Pending Verification,Yageo,CC0805JRNPO9BN101,,CAP-0805-100p-50v-C0G/NP0-5%-00,CAP CER 100PF 50V C0G/NPO 0805,CAP,https://www.yageo.com/en/Chart/Download/pdf/CC0805JRNPO9BN101,AIPN Parts Master.xlsx,My Lists Worksheet,No,yageo | cc0805jrnpo9bn101,18,"[{""source_row"":18,""values"":{""AIPN"":"""",""Family"":""CAP"",""Value"":""1E-10"",""Case"":""0805"",""Image"":"""",""Description"":""CAP CER 100PF 50V C0G/NPO 0805"",""Manufacturer Name"":""Yageo"",""Manufacturer Part Number"":""CC0805JRNPO9BN101"",""Lifecycle"":""Active"",""Leadtime(WKS)"":""16"",""Case2"":""805"",""Case3"":""SMD"",""Case Displayed as"":""0805"",""Param #1"":""100p"",""Param #2"":""50v"",""Param #3"":""C0G/NP0"",""Param #4"":""5%"",""Rev"":""0"",""Params used"":""7"",""AIPN Occurrence"":""1"",""AIPN - OLD"":""CAP-0805-100p-50v-C0G/NP0-5%-00"",""LEN"":""31"",""Datasheet"":""https://www.yageo.com/en/Chart/Download/pdf/CC0805JRNPO9BN101"",""RoHS Status"":""ROHS3 Compliant"",""Moisture Sensitivity Level (MSL)"":""Active"",""ECCN"":""EAR99"",""HTSUS"":""8532.24.0020"",""Country of Origin"":""Taiwan""}}]"
PMR-000018,Imported - Pending Verification,Wurth,885012006010,,CAP-0603-220p-10v-C0G/NP0-5%-00,CAP CER 220PF 10V C0G/NP0 0603,CAP,https://www.we-online.com/components/products/datasheet/885012006010.pdf,AIPN Parts Master.xlsx,My Lists Worksheet,No,wurth | 885012006010,19,"[{""source_row"":19,""values"":{""AIPN"":"""",""Family"":""CAP"",""Value"":""2.1999999999999999E-10"",""Case"":""0603"",""Image"":"""",""Description"":""CAP CER 220PF 10V C0G/NP0 0603"",""Manufacturer Name"":""Wurth"",""Manufacturer Part Number"":""885012006010"",""Lifecycle"":""Active"",""Leadtime(WKS)"":""24"",""Case2"":""603"",""Case3"":""SMD"",""Case Displayed as"":""0603"",""Param #1"":""220p"",""Param #2"":""10v"",""Param #3"":""C0G/NP0"",""Param #4"":""5%"",""Rev"":""0"",""Params used"":""7"",""AIPN Occurrence"":""1"",""AIPN - OLD"":""CAP-0603-220p-10v-C0G/NP0-5%-00"",""LEN"":""31"",""Datasheet"":""https://www.we-online.com/components/products/datasheet/885012006010.pdf"",""RoHS Status"":""ROHS3 Compliant"",""Moisture Sensitivity Level (MSL)"":""Active"",""ECCN"":""EAR99"",""HTSUS"":""8532.24.0020"",""Country of Origin"":""Taiwan""}}]"
PMR-000019,Imported - Pending Verification,Walsin Technology Corporation,0603B561J100CT,,CAP-0603-560p-10v-X7R-5%-00,CAP CER 560PF 10V X7R 0603,CAP,https://www.passivecomponent.com/wp-content/uploads/datasheet/WTC_MLCC_General_Purpose.pdf,AIPN Parts Master.xlsx,My Lists Worksheet,No,walsintechnologycorporation | 0603b561j100ct,20,"[{""source_row"":20,""values"":{""AIPN"":"""",""Family"":""CAP"",""Value"":""5.6000000000000003E-10"",""Case"":""0603"",""Image"":"""",""Description"":""CAP CER 560PF 10V X7R 0603"",""Manufacturer Name"":""Walsin Technology Corporation"",""Manufacturer Part Number"":""0603B561J100CT"",""Lifecycle"":""Active"",""Leadtime(WKS)"":""20"",""Case2"":""603"",""Case3"":""SMD"",""Case Displayed as"":""0603"",""Param #1"":""560p"",""Param #2"":""10v"",""Param #3"":""X7R"",""Param #4"":""5%"",""Rev"":""0"",""Params used"":""7"",""AIPN Occurrence"":""1"",""AIPN - OLD"":""CAP-0603-560p-10v-X7R-5%-00"",""LEN"":""27"",""Datasheet"":""https://www.passivecomponent.com/wp-content/uploads/datasheet/WTC_MLCC_General_Purpose.pdf"",""RoHS Status"":""ROHS3 Compliant"",""Moisture Sensitivity Level (MSL)"":""Active"",""ECCN"":""EAR99"",""HTSUS"":""8532.24.0020"",""Country of Origin"":""Taiwan""}}]"
PMR-000020,Imported - Pending Verification,KEMET,C0805C561J4HAC7800,,CAP-0805-560p-16v-X8R-5%-00,CAP CER 560pF 16V X8R 0805,CAP,,AIPN Parts Master.xlsx,My Lists Worksheet,No,kemet | c0805c561j4hac7800,21,"[{""source_row"":21,""values"":{""AIPN"":"""",""Family"":""CAP"",""Value"":""5.6000000000000003E-10"",""Case"":""0805"",""Image"":"""",""Description"":""CAP CER 560pF 16V X8R 0805"",""Manufacturer Name"":""KEMET"",""Manufacturer Part Number"":""C0805C561J4HAC7800"",""Lifecycle"":"""",""Leadtime(WKS)"":"""",""Case2"":""805"",""Case3"":""SMD"",""Case Displayed as"":""0805"",""Param #1"":""560p"",""Param #2"":""16v"",""Param #3"":""X8R"",""Param #4"":""5%"",""Rev"":""0"",""Params used"":""7"",""AIPN Occurrence"":""1"",""AIPN - OLD"":""CAP-0805-560p-16v-X8R-5%-00"",""LEN"":""27"",""Datasheet"":"""",""RoHS Status"":"""",""Moisture Sensitivity Level (MSL)"":"""",""ECCN"":"""",""HTSUS"":"""",""Country of Origin"":""""}}]"
PMR-000021,Imported - Pending Verification,Wurth,885012206034,,CAP-0603-1n-16v-X7R-10%-00,CAP CER 1000PF 16V X7R 0603,CAP,https://www.we-online.com/components/products/datasheet/885012206034.pdf,AIPN Parts Master.xlsx,My Lists Worksheet,No,wurth | 885012206034,22,"[{""source_row"":22,""values"":{""AIPN"":"""",""Family"":""CAP"",""Value"":""1.0000000000000001E-9"",""Case"":""0603"",""Image"":"""",""Description"":""CAP CER 1000PF 16V X7R 0603"",""Manufacturer Name"":""Wurth"",""Manufacturer Part Number"":""885012206034"",""Lifecycle"":""Active"",""Leadtime(WKS)"":""24"",""Case2"":""603"",""Case3"":""SMD"",""Case Displayed as"":""0603"",""Param #1"":""1n"",""Param #2"":""16v"",""Param #3"":""X7R"",""Param #4"":""10%"",""Rev"":""0"",""Params used"":""7"",""AIPN Occurrence"":""1"",""AIPN - OLD"":""CAP-0603-1n-16v-X7R-10%-00"",""LEN"":""26"",""Datasheet"":""https://www.we-online.com/components/products/datasheet/885012206034.pdf"",""RoHS Status"":""ROHS3 Compliant"",""Moisture Sensitivity Level (MSL)"":""Active"",""ECCN"":""EAR99"",""HTSUS"":""8532.24.0020"",""Country of Origin"":""Taiwan""}}]"
PMR-000022,Imported - Pending Verification,Würth Elektronik,885012007008,,CAP-0805-1n-10v-C0G/NP0-5%-00,CAP CER 1000PF 10V C0G/NP0 0805,CAP,https://www.we-online.com/components/products/datasheet/885012007008.pdf,AIPN Parts Master.xlsx,My Lists Worksheet,No,wurthelektronik | 885012007008,23,"[{""source_row"":23,""values"":{""AIPN"":"""",""Family"":""CAP"",""Value"":""1.0000000000000001E-9"",""Case"":""0805"",""Image"":"""",""Description"":""CAP CER 1000PF 10V C0G/NP0 0805"",""Manufacturer Name"":""Würth Elektronik"",""Manufacturer Part Number"":""885012007008"",""Lifecycle"":""Active"",""Leadtime(WKS)"":""28"",""Case2"":""805"",""Case3"":""SMD"",""Case Displayed as"":""0805"",""Param #1"":""1n"",""Param #2"":""10v"",""Param #3"":""C0G/NP0"",""Param #4"":""5%"",""Rev"":""0"",""Params used"":""7"",""AIPN Occurrence"":""1"",""AIPN - OLD"":""CAP-0805-1n-10v-C0G/NP0-5%-00"",""LEN"":""29"",""Datasheet"":""https://www.we-online.com/components/products/datasheet/885012007008.pdf"",""RoHS Status"":""ROHS3 Compliant"",""Moisture Sensitivity Level (MSL)"":""Active"",""ECCN"":""EAR99"",""HTSUS"":""8532.24.0020"",""Country of Origin"":""Taiwan""}}]"
PMR-000023,Imported - Pending Verification,EPCOS - TDK Electronics,B32529C8102K289,,CAP-P5.00-1n-630vdc-PET-10%-00,CAP FILM 1000PF 10% 630VDC RAD,CAP,https://product.tdk.com/en/system/files/dam/doc/product/capacitor/film/mkt/data_sheet/20/20/db/fc_2009/b32520_529.pdf,AIPN Parts Master.xlsx,My Lists Worksheet,No,epcostdkelectronics | b32529c8102k289,24,"[{""source_row"":24,""values"":{""AIPN"":"""",""Family"":""CAP"",""Value"":""1.0000000000000001E-9"",""Case"":"""",""Image"":"""",""Description"":""CAP FILM 1000PF 10% 630VDC RAD"",""Manufacturer Name"":""EPCOS - TDK Electronics"",""Manufacturer Part Number"":""B32529C8102K289"",""Lifecycle"":""Active"",""Leadtime(WKS)"":""15"",""Case2"":""THT"",""Case3"":""P5.00"",""Case Displayed as"":""P5.00"",""Param #1"":""1n"",""Param #2"":""630vdc"",""Param #3"":""PET"",""Param #4"":""10%"",""Rev"":""0"",""Params used"":""7"",""AIPN Occurrence"":""1"",""AIPN - OLD"":""CAP-P5.00-1n-630vdc-PET-10%-00"",""LEN"":""30"",""Datasheet"":""https://product.tdk.com/en/system/files/dam/doc/product/capacitor/film/mkt/data_sheet/20/20/db/fc_2009/b32520_529.pdf"",""RoHS Status"":""ROHS3 Compliant"",""Moisture Sensitivity Level (MSL)"":""Active"",""ECCN"":""EAR99"",""HTSUS"":""8532.25.0070"",""Country of Origin"":""Brazil""}}]"
PMR-000024,Imported - Pending Verification,Würth Elektronik,885012207062,,CAP-0805-2n2-25v-X7R-10%-00,CAP CER 2200PF 25V X7R 0805,CAP,https://www.we-online.com/components/products/datasheet/885012207062.pdf,AIPN Parts Master.xlsx,My Lists Worksheet,No,wurthelektronik | 885012207062,25,"[{""source_row"":25,""values"":{""AIPN"":"""",""Family"":""CAP"",""Value"":""2.1999999999999998E-9"",""Case"":""0805"",""Image"":"""",""Description"":""CAP CER 2200PF 25V X7R 0805"",""Manufacturer Name"":""Würth Elektronik"",""Manufacturer Part Number"":""885012207062"",""Lifecycle"":""Active"",""Leadtime(WKS)"":""28"",""Case2"":""805"",""Case3"":""SMD"",""Case Displayed as"":""0805"",""Param #1"":""2n2"",""Param #2"":""25v"",""Param #3"":""X7R"",""Param #4"":""10%"",""Rev"":""0"",""Params used"":""7"",""AIPN Occurrence"":""1"",""AIPN - OLD"":""CAP-0805-2n2-25v-X7R-10%-00"",""LEN"":""27"",""Datasheet"":""https://www.we-online.com/components/products/datasheet/885012207062.pdf"",""RoHS Status"":""ROHS3 Compliant"",""Moisture Sensitivity Level (MSL)"":""Active"",""ECCN"":""EAR99"",""HTSUS"":""8532.24.0020"",""Country of Origin"":""Taiwan""}}]"
PMR-000025,Imported - Pending Verification,YAGEO,CC0402KRX7R9BB103,,,CAP CER 10000PF 50V X7R 0402,CAP,https://yageogroup.com/content/datasheet/asset/file/UPY-GPHC_X7R_6_3V-TO-250V,AIPN Parts Master.xlsx,My Lists Worksheet,No,yageo | cc0402krx7r9bb103,26,"[{""source_row"":26,""values"":{""AIPN"":"""",""Family"":""CAP"",""Value"":""1E-8"",""Case"":""0402"",""Image"":"""",""Description"":""CAP CER 10000PF 50V X7R 0402"",""Manufacturer Name"":""YAGEO"",""Manufacturer Part Number"":""CC0402KRX7R9BB103"",""Lifecycle"":""Active"",""Leadtime(WKS)"":""16"",""Case2"":"""",""Case3"":"""",""Case Displayed as"":"""",""Param #1"":"""",""Param #2"":"""",""Param #3"":"""",""Param #4"":"""",""Rev"":""0"",""Params used"":""2"",""AIPN Occurrence"":""30"",""AIPN - OLD"":"""",""LEN"":""5"",""Datasheet"":""https://yageogroup.com/content/datasheet/asset/file/UPY-GPHC_X7R_6_3V-TO-250V"",""RoHS Status"":""ROHS3 Compliant"",""Moisture Sensitivity Level (MSL)"":""Active"",""ECCN"":""EAR99"",""HTSUS"":""8532.24.0020"",""Country of Origin"":""Taiwan""}}]"
PMR-000026,Imported - Pending Verification,Wurth,885012206014,,CAP-0603-10n-10v-X7R-10%-00,CAP CER 10000PF 10V X7R 0603,CAP,https://www.we-online.com/components/products/datasheet/885012206014.pdf,AIPN Parts Master.xlsx,My Lists Worksheet,No,wurth | 885012206014,27,"[{""source_row"":27,""values"":{""AIPN"":"""",""Family"":""CAP"",""Value"":""1E-8"",""Case"":""0603"",""Image"":"""",""Description"":""CAP CER 10000PF 10V X7R 0603"",""Manufacturer Name"":""Wurth"",""Manufacturer Part Number"":""885012206014"",""Lifecycle"":""Active"",""Leadtime(WKS)"":""24"",""Case2"":""603"",""Case3"":""SMD"",""Case Displayed as"":""0603"",""Param #1"":""10n"",""Param #2"":""10v"",""Param #3"":""X7R"",""Param #4"":""10%"",""Rev"":""0"",""Params used"":""7"",""AIPN Occurrence"":""1"",""AIPN - OLD"":""CAP-0603-10n-10v-X7R-10%-00"",""LEN"":""27"",""Datasheet"":""https://www.we-online.com/components/products/datasheet/885012206014.pdf"",""RoHS Status"":""ROHS3 Compliant"",""Moisture Sensitivity Level (MSL)"":""Active"",""ECCN"":""EAR99"",""HTSUS"":""8532.24.0020"",""Country of Origin"":""Taiwan""}}]"
PMR-000027,Imported - Pending Verification,KEMET,C0805C103J4RECAUTO7210,,CAP-0805-10n-16v-X7R-5%-00,CAP CER 0805 10NF 16V X7R 5%,CAP,https://yageogroup.com/content/datasheet/asset/file/KEM_C1090_X7R_ESD,AIPN Parts Master.xlsx,My Lists Worksheet,No,kemet | c0805c103j4recauto7210,28,"[{""source_row"":28,""values"":{""AIPN"":"""",""Family"":""CAP"",""Value"":""1E-8"",""Case"":""0805"",""Image"":"""",""Description"":""CAP CER 0805 10NF 16V X7R 5%"",""Manufacturer Name"":""KEMET"",""Manufacturer Part Number"":""C0805C103J4RECAUTO7210"",""Lifecycle"":""Active"",""Leadtime(WKS)"":""21"",""Case2"":""805"",""Case3"":""SMD"",""Case Displayed as"":""0805"",""Param #1"":""10n"",""Param #2"":""16v"",""Param #3"":""X7R"",""Param #4"":""5%"",""Rev"":""0"",""Params used"":""7"",""AIPN Occurrence"":""1"",""AIPN - OLD"":""CAP-0805-10n-16v-X7R-5%-00"",""LEN"":""26"",""Datasheet"":""https://yageogroup.com/content/datasheet/asset/file/KEM_C1090_X7R_ESD"",""RoHS Status"":""ROHS3 Compliant"",""Moisture Sensitivity Level (MSL)"":""Active"",""ECCN"":""EAR99"",""HTSUS"":""8532.24.0020"",""Country of Origin"":""Mexico""}}]"
PMR-000028,Imported - Pending Verification,KEMET,R413I21000000M,,CAP-P15.0mm-10n-1kv-Film-20%-00,CAP FILM 10000PF 20% 1KVDC RAD,CAP,https://yageogroup.com/content/datasheet/asset/file/KEM_F3100_R41_Y2_300,AIPN Parts Master.xlsx,My Lists Worksheet,No,kemet | r413i21000000m,29,"[{""source_row"":29,""values"":{""AIPN"":"""",""Family"":""CAP"",""Value"":""1E-8"",""Case"":"""",""Image"":"""",""Description"":""CAP FILM 10000PF 20% 1KVDC RAD"",""Manufacturer Name"":""KEMET"",""Manufacturer Part Number"":""R413I21000000M"",""Lifecycle"":""Active"",""Leadtime(WKS)"":""27"",""Case2"":""THT"",""Case3"":""THP"",""Case Displayed as"":""P15.0mm"",""Param #1"":""10n"",""Param #2"":""1kv"",""Param #3"":""Film"",""Param #4"":""20%"",""Rev"":""0"",""Params used"":""7"",""AIPN Occurrence"":""1"",""AIPN - OLD"":""CAP-P15.0mm-10n-1kv-Film-20%-00"",""LEN"":""31"",""Datasheet"":""https://yageogroup.com/content/datasheet/asset/file/KEM_F3100_R41_Y2_300"",""RoHS Status"":""ROHS3 Compliant"",""Moisture Sensitivity Level (MSL)"":""Active"",""ECCN"":""EAR99"",""HTSUS"":""8532.25.0020"",""Country of Origin"":""China""}}]"
PMR-000029,Imported - Pending Verification,YAGEO,CC0402KRX7R9BB104,,,CAP CER 0.1UF 50V X7R 0402,CAP,https://yageogroup.com/content/datasheet/asset/file/UPY-GPHC_X7R_6_3V-TO-250V,AIPN Parts Master.xlsx,My Lists Worksheet,No,yageo | cc0402krx7r9bb104,30,"[{""source_row"":30,""values"":{""AIPN"":"""",""Family"":""CAP"",""Value"":""9.9999999999999995E-8"",""Case"":""0402"",""Image"":"""",""Description"":""CAP CER 0.1UF 50V X7R 0402"",""Manufacturer Name"":""YAGEO"",""Manufacturer Part Number"":""CC0402KRX7R9BB104"",""Lifecycle"":""Active"",""Leadtime(WKS)"":""16"",""Case2"":"""",""Case3"":"""",""Case Displayed as"":"""",""Param #1"":"""",""Param #2"":"""",""Param #3"":"""",""Param #4"":"""",""Rev"":""0"",""Params used"":""2"",""AIPN Occurrence"":""30"",""AIPN - OLD"":"""",""LEN"":""5"",""Datasheet"":""https://yageogroup.com/content/datasheet/asset/file/UPY-GPHC_X7R_6_3V-TO-250V"",""RoHS Status"":""ROHS3 Compliant"",""Moisture Sensitivity Level (MSL)"":""Active"",""ECCN"":""EAR99"",""HTSUS"":""8532.24.0020"",""Country of Origin"":""Taiwan""}}]"
PMR-000030,Imported - Pending Verification,Wurth,885012206071,,CAP-0603-100n-25v-X7R-10%-00,CAP CER 0.1UF 25V X7R 0603,CAP,https://www.we-online.com/components/products/datasheet/885012206071.pdf,AIPN Parts Master.xlsx,My Lists Worksheet,No,wurth | 885012206071,31,"[{""source_row"":31,""values"":{""AIPN"":"""",""Family"":""CAP"",""Value"":""9.9999999999999995E-8"",""Case"":""0603"",""Image"":"""",""Description"":""CAP CER 0.1UF 25V X7R 0603"",""Manufacturer Name"":""Wurth"",""Manufacturer Part Number"":""885012206071"",""Lifecycle"":""Active"",""Leadtime(WKS)"":""24"",""Case2"":""603"",""Case3"":""SMD"",""Case Displayed as"":""0603"",""Param #1"":""100n"",""Param #2"":""25v"",""Param #3"":""X7R"",""Param #4"":""10%"",""Rev"":""0"",""Params used"":""7"",""AIPN Occurrence"":""1"",""AIPN - OLD"":""CAP-0603-100n-25v-X7R-10%-00"",""LEN"":""28"",""Datasheet"":""https://www.we-online.com/components/products/datasheet/885012206071.pdf"",""RoHS Status"":""ROHS3 Compliant"",""Moisture Sensitivity Level (MSL)"":""Active"",""ECCN"":""EAR99"",""HTSUS"":""8532.24.0020"",""Country of Origin"":""Taiwan""}}]"
PMR-000031,Imported - Pending Verification,YAGEO,CC0805JRX7R7BB104,,CAP-0805-100n-16v-X7R-5%-00,CAP CER 0.1UF 16V X7R 0805,CAP,https://yageogroup.com/content/datasheet/asset/file/UPY-GPHC_X7R_6_3V-TO-250V,AIPN Parts Master.xlsx,My Lists Worksheet,No,yageo | cc0805jrx7r7bb104,32,"[{""source_row"":32,""values"":{""AIPN"":"""",""Family"":""CAP"",""Value"":""9.9999999999999995E-8"",""Case"":""0805"",""Image"":"""",""Description"":""CAP CER 0.1UF 16V X7R 0805"",""Manufacturer Name"":""YAGEO"",""Manufacturer Part Number"":""CC0805JRX7R7BB104"",""Lifecycle"":""Active"",""Leadtime(WKS)"":""16"",""Case2"":""805"",""Case3"":""SMD"",""Case Displayed as"":""0805"",""Param #1"":""100n"",""Param #2"":""16v"",""Param #3"":""X7R"",""Param #4"":""5%"",""Rev"":""0"",""Params used"":""7"",""AIPN Occurrence"":""1"",""AIPN - OLD"":""CAP-0805-100n-16v-X7R-5%-00"",""LEN"":""27"",""Datasheet"":""https://yageogroup.com/content/datasheet/asset/file/UPY-GPHC_X7R_6_3V-TO-250V"",""RoHS Status"":""ROHS3 Compliant"",""Moisture Sensitivity Level (MSL)"":""Active"",""ECCN"":""EAR99"",""HTSUS"":""8532.24.0020"",""Country of Origin"":""Taiwan""}}]"
PMR-000032,Imported - Pending Verification,Würth Elektronik,885012207098,,CAP-0805-100n-50v-X7R-10%-00,CAP CER 0.1UF 50V X7R 0805,CAP,https://www.we-online.com/components/products/datasheet/885012207098.pdf,AIPN Parts Master.xlsx,My Lists Worksheet,No,wurthelektronik | 885012207098,33,"[{""source_row"":33,""values"":{""AIPN"":"""",""Family"":""CAP"",""Value"":""9.9999999999999995E-8"",""Case"":""0805"",""Image"":"""",""Description"":""CAP CER 0.1UF 50V X7R 0805"",""Manufacturer Name"":""Würth Elektronik"",""Manufacturer Part Number"":""885012207098"",""Lifecycle"":""Active"",""Leadtime(WKS)"":""28"",""Case2"":""805"",""Case3"":""SMD"",""Case Displayed as"":""0805"",""Param #1"":""100n"",""Param #2"":""50v"",""Param #3"":""X7R"",""Param #4"":""10%"",""Rev"":""0"",""Params used"":""7"",""AIPN Occurrence"":""1"",""AIPN - OLD"":""CAP-0805-100n-50v-X7R-10%-00"",""LEN"":""28"",""Datasheet"":""https://www.we-online.com/components/products/datasheet/885012207098.pdf"",""RoHS Status"":""ROHS3 Compliant"",""Moisture Sensitivity Level (MSL)"":""Active"",""ECCN"":""EAR99"",""HTSUS"":""8532.24.0020"",""Country of Origin"":""Taiwan""}}]"
PMR-000033,Imported - Pending Verification,KYOCERA AVX,TPSA224K035R6000,,CAP-1206-220n-35v-Tant-10%-00,CAP TANT 0.22UF 10% 35V 1206,CAP,https://datasheets.kyocera-avx.com/TPS.pdf,AIPN Parts Master.xlsx,My Lists Worksheet,No,kyoceraavx | tpsa224k035r6000,34,"[{""source_row"":34,""values"":{""AIPN"":"""",""Family"":""CAP"",""Value"":""2.2000000000000001E-7"",""Case"":""1206"",""Image"":"""",""Description"":""CAP TANT 0.22UF 10% 35V 1206"",""Manufacturer Name"":""KYOCERA AVX"",""Manufacturer Part Number"":""TPSA224K035R6000"",""Lifecycle"":""Active"",""Leadtime(WKS)"":""13"",""Case2"":""1206"",""Case3"":""SMD"",""Case Displayed as"":""1206"",""Param #1"":""220n"",""Param #2"":""35v"",""Param #3"":""Tant"",""Param #4"":""10%"",""Rev"":""0"",""Params used"":""7"",""AIPN Occurrence"":""1"",""AIPN - OLD"":""CAP-1206-220n-35v-Tant-10%-00"",""LEN"":""29"",""Datasheet"":""https://datasheets.kyocera-avx.com/TPS.pdf"",""RoHS Status"":""ROHS3 Compliant"",""Moisture Sensitivity Level (MSL)"":""Active"",""ECCN"":""EAR99"",""HTSUS"":""8532.21.0050"",""Country of Origin"":""Czech Republic""}}]"
PMR-000034,Imported - Pending Verification,Samsung Electro-Mechanics,CL10B105KO8NNNC,,CAP-0603-1u-16v-X7R-10%-00,CAP CER 1UF 16V X7R 0603,CAP,https://weblib.samsungsem.com/mlcc/mlcc-ec-data-sheet.do?partNumber=CL10B105KO8NNN,AIPN Parts Master.xlsx,My Lists Worksheet,No,samsungelectromechanics | cl10b105ko8nnnc,35,"[{""source_row"":35,""values"":{""AIPN"":"""",""Family"":""CAP"",""Value"":""9.9999999999999995E-7"",""Case"":""0603"",""Image"":"""",""Description"":""CAP CER 1UF 16V X7R 0603"",""Manufacturer Name"":""Samsung Electro-Mechanics"",""Manufacturer Part Number"":""CL10B105KO8NNNC"",""Lifecycle"":""Active"",""Leadtime(WKS)"":""31"",""Case2"":""603"",""Case3"":""SMD"",""Case Displayed as"":""0603"",""Param #1"":""1u"",""Param #2"":""16v"",""Param #3"":""X7R"",""Param #4"":""10%"",""Rev"":""0"",""Params used"":""7"",""AIPN Occurrence"":""1"",""AIPN - OLD"":""CAP-0603-1u-16v-X7R-10%-00"",""LEN"":""26"",""Datasheet"":""https://weblib.samsungsem.com/mlcc/mlcc-ec-data-sheet.do?partNumber=CL10B105KO8NNN"",""RoHS Status"":""ROHS3 Compliant"",""Moisture Sensitivity Level (MSL)"":""Active"",""ECCN"":""EAR99"",""HTSUS"":""8532.24.0020"",""Country of Origin"":""Philippines""}}]"
PMR-000035,Imported - Pending Verification,Murata Electronics,NFM18PC105R0J3D,,CAP-0603-1u-6v3-FDT-20%-00,CAP FEEDTHRU 1UF 20% 6.3V 0603,CAP,https://search.murata.co.jp/Ceramy/image/img/A01X/G101/ENG/NFM18PC105R0J3-01.pdf,AIPN Parts Master.xlsx,My Lists Worksheet,No,murataelectronics | nfm18pc105r0j3d,36,"[{""source_row"":36,""values"":{""AIPN"":"""",""Family"":""CAP"",""Value"":""9.9999999999999995E-7"",""Case"":""0603"",""Image"":"""",""Description"":""CAP FEEDTHRU 1UF 20% 6.3V 0603"",""Manufacturer Name"":""Murata Electronics"",""Manufacturer Part Number"":""NFM18PC105R0J3D"",""Lifecycle"":""Active"",""Leadtime(WKS)"":""17"",""Case2"":""603"",""Case3"":""SMD"",""Case Displayed as"":""0603"",""Param #1"":""1u"",""Param #2"":""6v3"",""Param #3"":""FDT"",""Param #4"":""20%"",""Rev"":""0"",""Params used"":""7"",""AIPN Occurrence"":""1"",""AIPN - OLD"":""CAP-0603-1u-6v3-FDT-20%-00"",""LEN"":""26"",""Datasheet"":""https://search.murata.co.jp/Ceramy/image/img/A01X/G101/ENG/NFM18PC105R0J3-01.pdf"",""RoHS Status"":""ROHS3 Compliant"",""Moisture Sensitivity Level (MSL)"":""Active"",""ECCN"":""EAR99"",""HTSUS"":""8532.24.0020"",""Country of Origin"":""Japan""}}]"
PMR-000036,Imported - Pending Verification,Würth Elektronik,885012207051,,CAP-0805-1u-16v-X7R-10%-00,CAP CER 1UF 16V X7R 0805,CAP,https://www.we-online.com/components/products/datasheet/885012207051.pdf,AIPN Parts Master.xlsx,My Lists Worksheet,No,wurthelektronik | 885012207051,37,"[{""source_row"":37,""values"":{""AIPN"":"""",""Family"":""CAP"",""Value"":""9.9999999999999995E-7"",""Case"":""0805"",""Image"":"""",""Description"":""CAP CER 1UF 16V X7R 0805"",""Manufacturer Name"":""Würth Elektronik"",""Manufacturer Part Number"":""885012207051"",""Lifecycle"":""Active"",""Leadtime(WKS)"":""28"",""Case2"":""805"",""Case3"":""SMD"",""Case Displayed as"":""0805"",""Param #1"":""1u"",""Param #2"":""16v"",""Param #3"":""X7R"",""Param #4"":""10%"",""Rev"":""0"",""Params used"":""7"",""AIPN Occurrence"":""1"",""AIPN - OLD"":""CAP-0805-1u-16v-X7R-10%-00"",""LEN"":""26"",""Datasheet"":""https://www.we-online.com/components/products/datasheet/885012207051.pdf"",""RoHS Status"":""ROHS3 Compliant"",""Moisture Sensitivity Level (MSL)"":""Active"",""ECCN"":""EAR99"",""HTSUS"":""8532.24.0020"",""Country of Origin"":""Taiwan""}}]"
PMR-000037,Imported - Pending Verification,Würth Elektronik,885012207078,,CAP-0805-1u-25v-X7R-10%-00,CAP CER 1UF 25V X7R 0805,CAP,https://www.we-online.com/components/products/datasheet/885012207078.pdf,AIPN Parts Master.xlsx,My Lists Worksheet,No,wurthelektronik | 885012207078,38,"[{""source_row"":38,""values"":{""AIPN"":"""",""Family"":""CAP"",""Value"":""9.9999999999999995E-7"",""Case"":""0805"",""Image"":"""",""Description"":""CAP CER 1UF 25V X7R 0805"",""Manufacturer Name"":""Würth Elektronik"",""Manufacturer Part Number"":""885012207078"",""Lifecycle"":""Active"",""Leadtime(WKS)"":""28"",""Case2"":""805"",""Case3"":""SMD"",""Case Displayed as"":""0805"",""Param #1"":""1u"",""Param #2"":""25v"",""Param #3"":""X7R"",""Param #4"":""10%"",""Rev"":""0"",""Params used"":""7"",""AIPN Occurrence"":""1"",""AIPN - OLD"":""CAP-0805-1u-25v-X7R-10%-00"",""LEN"":""26"",""Datasheet"":""https://www.we-online.com/components/products/datasheet/885012207078.pdf"",""RoHS Status"":""ROHS3 Compliant"",""Moisture Sensitivity Level (MSL)"":""Active"",""ECCN"":""EAR99"",""HTSUS"":""8532.24.0020"",""Country of Origin"":""Taiwan""}}]"
PMR-000038,Imported - Pending Verification,Murata,GRM155C61E475ME15J,,,CAP CER 4.7UF 25V X5S 0402,CAP,https://search.murata.co.jp/Ceramy/image/img/A01X/G101/ENG/GRM155C61E475ME15-01A.pdf,AIPN Parts Master.xlsx,My Lists Worksheet,No,murata | grm155c61e475me15j,39,"[{""source_row"":39,""values"":{""AIPN"":"""",""Family"":""CAP"",""Value"":""4.6999999999999999E-6"",""Case"":""0402"",""Image"":"""",""Description"":""CAP CER 4.7UF 25V X5S 0402"",""Manufacturer Name"":""Murata"",""Manufacturer Part Number"":""GRM155C61E475ME15J"",""Lifecycle"":""Active"",""Leadtime(WKS)"":""17"",""Case2"":"""",""Case3"":"""",""Case Displayed as"":"""",""Param #1"":"""",""Param #2"":"""",""Param #3"":"""",""Param #4"":"""",""Rev"":""0"",""Params used"":""2"",""AIPN Occurrence"":""30"",""AIPN - OLD"":"""",""LEN"":""5"",""Datasheet"":""https://search.murata.co.jp/Ceramy/image/img/A01X/G101/ENG/GRM155C61E475ME15-01A.pdf"",""RoHS Status"":""ROHS3 Compliant"",""Moisture Sensitivity Level (MSL)"":""Active"",""ECCN"":""EAR99"",""HTSUS"":""8532.24.0020"",""Country of Origin"":""Japan""}}]"
PMR-000039,Imported - Pending Verification,Vishay Sprague,298D475X9010M2T,,CAP-0603-4u7-10v-Tant-10%-00,CAP TANT 4.7UF 10% 10V 0603,CAP,https://www.vishay.com/docs/40065/298d298w.pdf,AIPN Parts Master.xlsx,My Lists Worksheet,No,vishaysprague | 298d475x9010m2t,40,"[{""source_row"":40,""values"":{""AIPN"":"""",""Family"":""CAP"",""Value"":""4.6999999999999999E-6"",""Case"":""0603"",""Image"":"""",""Description"":""CAP TANT 4.7UF 10% 10V 0603"",""Manufacturer Name"":""Vishay Sprague"",""Manufacturer Part Number"":""298D475X9010M2T"",""Lifecycle"":""Active"",""Leadtime(WKS)"":""23"",""Case2"":""603"",""Case3"":""SMD"",""Case Displayed as"":""0603"",""Param #1"":""4u7"",""Param #2"":""10v"",""Param #3"":""Tant"",""Param #4"":""10%"",""Rev"":""0"",""Params used"":""7"",""AIPN Occurrence"":""1"",""AIPN - OLD"":""CAP-0603-4u7-10v-Tant-10%-00"",""LEN"":""28"",""Datasheet"":""https://www.vishay.com/docs/40065/298d298w.pdf"",""RoHS Status"":""ROHS3 Compliant"",""Moisture Sensitivity Level (MSL)"":""Active"",""ECCN"":""EAR99"",""HTSUS"":""8532.21.0050"",""Country of Origin"":""Israel""}}]"
PMR-000040,Imported - Pending Verification,Murata Electronics,GRM188Z71C475KE21D,,CAP-0603-4u7-16v-X7R-10%-00,CAP CER 4.7UF 16V X7R 0603,CAP,https://search.murata.co.jp/Ceramy/image/img/A01X/G101/ENG/GRM188Z71C475KE21-01A.pdf,AIPN Parts Master.xlsx,My Lists Worksheet,No,murataelectronics | grm188z71c475ke21d,41,"[{""source_row"":41,""values"":{""AIPN"":"""",""Family"":""CAP"",""Value"":""4.6999999999999999E-6"",""Case"":""0603"",""Image"":"""",""Description"":""CAP CER 4.7UF 16V X7R 0603"",""Manufacturer Name"":""Murata Electronics"",""Manufacturer Part Number"":""GRM188Z71C475KE21D"",""Lifecycle"":""Active"",""Leadtime(WKS)"":""17"",""Case2"":""603"",""Case3"":""SMD"",""Case Displayed as"":""0603"",""Param #1"":""4u7"",""Param #2"":""16v"",""Param #3"":""X7R"",""Param #4"":""10%"",""Rev"":""0"",""Params used"":""7"",""AIPN Occurrence"":""1"",""AIPN - OLD"":""CAP-0603-4u7-16v-X7R-10%-00"",""LEN"":""27"",""Datasheet"":""https://search.murata.co.jp/Ceramy/image/img/A01X/G101/ENG/GRM188Z71C475KE21-01A.pdf"",""RoHS Status"":""ROHS3 Compliant"",""Moisture Sensitivity Level (MSL)"":""Active"",""ECCN"":""EAR99"",""HTSUS"":""8532.24.0020"",""Country of Origin"":""Japan""}}]"
PMR-000041,Imported - Pending Verification,Wurth,885012207053,,CAP-0805-4u7-16v-X7R-10%-00,CAP CER 4.7UF 16V X7R 0805,CAP,https://www.we-online.com/components/products/datasheet/885012207053.pdf,AIPN Parts Master.xlsx,My Lists Worksheet,No,wurth | 885012207053,42,"[{""source_row"":42,""values"":{""AIPN"":"""",""Family"":""CAP"",""Value"":""4.6999999999999999E-6"",""Case"":""0805"",""Image"":"""",""Description"":""CAP CER 4.7UF 16V X7R 0805"",""Manufacturer Name"":""Wurth"",""Manufacturer Part Number"":""885012207053"",""Lifecycle"":""Active"",""Leadtime(WKS)"":""28"",""Case2"":""805"",""Case3"":""SMD"",""Case Displayed as"":""0805"",""Param #1"":""4u7"",""Param #2"":""16v"",""Param #3"":""X7R"",""Param #4"":""10%"",""Rev"":""0"",""Params used"":""7"",""AIPN Occurrence"":""1"",""AIPN - OLD"":""CAP-0805-4u7-16v-X7R-10%-00"",""LEN"":""27"",""Datasheet"":""https://www.we-online.com/components/products/datasheet/885012207053.pdf"",""RoHS Status"":""ROHS3 Compliant"",""Moisture Sensitivity Level (MSL)"":""Active"",""ECCN"":""EAR99"",""HTSUS"":""8532.24.0020"",""Country of Origin"":""Taiwan""}}]"
PMR-000042,Imported - Pending Verification,Murata,GRM155R61A106ME11D,,,CAP CER 10UF 10V X5R 0402,CAP,https://mm.digikey.com/Volume0/opasdata/d220001/medias/docus/8942/490_Chip_Multilayer_CAT2021_MLCC.pdf,AIPN Parts Master.xlsx,My Lists Worksheet,No,murata | grm155r61a106me11d,43,"[{""source_row"":43,""values"":{""AIPN"":"""",""Family"":""CAP"",""Value"":""1.0000000000000001E-5"",""Case"":""0402"",""Image"":"""",""Description"":""CAP CER 10UF 10V X5R 0402"",""Manufacturer Name"":""Murata"",""Manufacturer Part Number"":""GRM155R61A106ME11D"",""Lifecycle"":""Active"",""Leadtime(WKS)"":""17"",""Case2"":"""",""Case3"":"""",""Case Displayed as"":"""",""Param #1"":"""",""Param #2"":"""",""Param #3"":"""",""Param #4"":"""",""Rev"":""0"",""Params used"":""2"",""AIPN Occurrence"":""30"",""AIPN - OLD"":"""",""LEN"":""5"",""Datasheet"":""https://mm.digikey.com/Volume0/opasdata/d220001/medias/docus/8942/490_Chip_Multilayer_CAT2021_MLCC.pdf"",""RoHS Status"":""ROHS3 Compliant"",""Moisture Sensitivity Level (MSL)"":""Active"",""ECCN"":""EAR99"",""HTSUS"":""8532.24.0020"",""Country of Origin"":""Japan""}}]"
PMR-000043,Imported - Pending Verification,KYOCERA AVX,TCM1A106M8R-02,,CAP-0603-10u-10v-Tant-20%-00,CAP TANT 10UF 20% 10V 0603,CAP,https://datasheets.kyocera-avx.com/tc-series.pdf,AIPN Parts Master.xlsx,My Lists Worksheet,No,kyoceraavx | tcm1a106m8r-02,44,"[{""source_row"":44,""values"":{""AIPN"":"""",""Family"":""CAP"",""Value"":""1.0000000000000001E-5"",""Case"":""0603"",""Image"":"""",""Description"":""CAP TANT 10UF 20% 10V 0603"",""Manufacturer Name"":""KYOCERA AVX"",""Manufacturer Part Number"":""TCM1A106M8R-02"",""Lifecycle"":""Active"",""Leadtime(WKS)"":""48"",""Case2"":""603"",""Case3"":""SMD"",""Case Displayed as"":""0603"",""Param #1"":""10u"",""Param #2"":""10v"",""Param #3"":""Tant"",""Param #4"":""20%"",""Rev"":""0"",""Params used"":""7"",""AIPN Occurrence"":""1"",""AIPN - OLD"":""CAP-0603-10u-10v-Tant-20%-00"",""LEN"":""28"",""Datasheet"":""https://datasheets.kyocera-avx.com/tc-series.pdf"",""RoHS Status"":""ROHS3 Compliant"",""Moisture Sensitivity Level (MSL)"":""Active"",""ECCN"":""EAR99"",""HTSUS"":""8532.21.0050"",""Country of Origin"":""Thailand""}}]"
PMR-000044,Imported - Pending Verification,Samsung Electro-Mechanics,CL10A106MP8NNNC,,CAP-0603-10u-10v-X5R-20%-00,CAP CER 10UF 10V X5R 0603,CAP,https://www.samsungsem.com/resources/file/global/support/product_catalog/MLCC_2512.pdf,AIPN Parts Master.xlsx,My Lists Worksheet,No,samsungelectromechanics | cl10a106mp8nnnc,45,"[{""source_row"":45,""values"":{""AIPN"":"""",""Family"":""CAP"",""Value"":""1.0000000000000001E-5"",""Case"":""0603"",""Image"":"""",""Description"":""CAP CER 10UF 10V X5R 0603"",""Manufacturer Name"":""Samsung Electro-Mechanics"",""Manufacturer Part Number"":""CL10A106MP8NNNC"",""Lifecycle"":""Active"",""Leadtime(WKS)"":""31"",""Case2"":""603"",""Case3"":""SMD"",""Case Displayed as"":""0603"",""Param #1"":""10u"",""Param #2"":""10v"",""Param #3"":""X5R"",""Param #4"":""20%"",""Rev"":""0"",""Params used"":""7"",""AIPN Occurrence"":""1"",""AIPN - OLD"":""CAP-0603-10u-10v-X5R-20%-00"",""LEN"":""27"",""Datasheet"":""https://www.samsungsem.com/resources/file/global/support/product_catalog/MLCC_2512.pdf"",""RoHS Status"":""ROHS3 Compliant"",""Moisture Sensitivity Level (MSL)"":""Active"",""ECCN"":""EAR99"",""HTSUS"":""8532.24.0020"",""Country of Origin"":""Philippines""}}]"
PMR-000045,Imported - Pending Verification,Wurth,885012106006,,CAP-0603-10u-6v3-X5R-20%-00,CAP CER 10UF 6.3V X5R 0603,CAP,https://www.we-online.com/components/products/datasheet/885012106006.pdf,AIPN Parts Master.xlsx,My Lists Worksheet,No,wurth | 885012106006,46,"[{""source_row"":46,""values"":{""AIPN"":"""",""Family"":""CAP"",""Value"":""1.0000000000000001E-5"",""Case"":""0603"",""Image"":"""",""Description"":""CAP CER 10UF 6.3V X5R 0603"",""Manufacturer Name"":""Wurth"",""Manufacturer Part Number"":""885012106006"",""Lifecycle"":""Active"",""Leadtime(WKS)"":""24"",""Case2"":""603"",""Case3"":""SMD"",""Case Displayed as"":""0603"",""Param #1"":""10u"",""Param #2"":""6v3"",""Param #3"":""X5R"",""Param #4"":""20%"",""Rev"":""0"",""Params used"":""7"",""AIPN Occurrence"":""1"",""AIPN - OLD"":""CAP-0603-10u-6v3-X5R-20%-00"",""LEN"":""27"",""Datasheet"":""https://www.we-online.com/components/products/datasheet/885012106006.pdf"",""RoHS Status"":""ROHS3 Compliant"",""Moisture Sensitivity Level (MSL)"":""Active"",""ECCN"":""EAR99"",""HTSUS"":""8532.24.0020"",""Country of Origin"":""Taiwan""}}]"
PMR-000046,Imported - Pending Verification,Würth Elektronik,885012207026,,CAP-0805-10u-10v-X7R-10%-00,CAP CER 10UF 10V X7R 0805,CAP,https://www.we-online.com/components/products/datasheet/885012207026.pdf,AIPN Parts Master.xlsx,My Lists Worksheet,No,wurthelektronik | 885012207026,47,"[{""source_row"":47,""values"":{""AIPN"":"""",""Family"":""CAP"",""Value"":""1.0000000000000001E-5"",""Case"":""0805"",""Image"":"""",""Description"":""CAP CER 10UF 10V X7R 0805"",""Manufacturer Name"":""Würth Elektronik"",""Manufacturer Part Number"":""885012207026"",""Lifecycle"":""Active"",""Leadtime(WKS)"":""28"",""Case2"":""805"",""Case3"":""SMD"",""Case Displayed as"":""0805"",""Param #1"":""10u"",""Param #2"":""10v"",""Param #3"":""X7R"",""Param #4"":""10%"",""Rev"":""0"",""Params used"":""7"",""AIPN Occurrence"":""1"",""AIPN - OLD"":""CAP-0805-10u-10v-X7R-10%-00"",""LEN"":""27"",""Datasheet"":""https://www.we-online.com/components/products/datasheet/885012207026.pdf"",""RoHS Status"":""ROHS3 Compliant"",""Moisture Sensitivity Level (MSL)"":""Active"",""ECCN"":""EAR99"",""HTSUS"":""8532.24.0020"",""Country of Origin"":""Taiwan""}}]"
PMR-000047,Imported - Pending Verification,Samsung Electro-Mechanics,CL21B106KOQNNNE,,CAP-0805-10u-16v-X7R-10%-00,CAP CER 10UF 16V X7R 0805,CAP,https://mm.digikey.com/Volume0/opasdata/d220001/medias/docus/926/CL_Series_MLCC_ds.pdf,AIPN Parts Master.xlsx,My Lists Worksheet,No,samsungelectromechanics | cl21b106koqnnne,48,"[{""source_row"":48,""values"":{""AIPN"":"""",""Family"":""CAP"",""Value"":""1.0000000000000001E-5"",""Case"":""0805"",""Image"":"""",""Description"":""CAP CER 10UF 16V X7R 0805"",""Manufacturer Name"":""Samsung Electro-Mechanics"",""Manufacturer Part Number"":""CL21B106KOQNNNE"",""Lifecycle"":""Active"",""Leadtime(WKS)"":""31"",""Case2"":""805"",""Case3"":""SMD"",""Case Displayed as"":""0805"",""Param #1"":""10u"",""Param #2"":""16v"",""Param #3"":""X7R"",""Param #4"":""10%"",""Rev"":""0"",""Params used"":""7"",""AIPN Occurrence"":""1"",""AIPN - OLD"":""CAP-0805-10u-16v-X7R-10%-00"",""LEN"":""27"",""Datasheet"":""https://mm.digikey.com/Volume0/opasdata/d220001/medias/docus/926/CL_Series_MLCC_ds.pdf"",""RoHS Status"":""ROHS3 Compliant"",""Moisture Sensitivity Level (MSL)"":""Active"",""ECCN"":""EAR99"",""HTSUS"":""8532.24.0020"",""Country of Origin"":""Philippines""}}]"
PMR-000048,Imported - Pending Verification,YAGEO,CC0805KPX5R5BB106,,CAP-0805-10u-6v3-X5R-10%-00,CAP CER 10UF 6.3V X5R 0805,CAP,https://yageogroup.com/content/datasheet/asset/file/UPY-GPHC_X5R_4V-TO-50V,AIPN Parts Master.xlsx,My Lists Worksheet,No,yageo | cc0805kpx5r5bb106,49,"[{""source_row"":49,""values"":{""AIPN"":"""",""Family"":""CAP"",""Value"":""1.0000000000000001E-5"",""Case"":""0805"",""Image"":"""",""Description"":""CAP CER 10UF 6.3V X5R 0805"",""Manufacturer Name"":""YAGEO"",""Manufacturer Part Number"":""CC0805KPX5R5BB106"",""Lifecycle"":""Active"",""Leadtime(WKS)"":""64"",""Case2"":""805"",""Case3"":""SMD"",""Case Displayed as"":""0805"",""Param #1"":""10u"",""Param #2"":""6v3"",""Param #3"":""X5R"",""Param #4"":""10%"",""Rev"":""0"",""Params used"":""7"",""AIPN Occurrence"":""1"",""AIPN - OLD"":""CAP-0805-10u-6v3-X5R-10%-00"",""LEN"":""27"",""Datasheet"":""https://yageogroup.com/content/datasheet/asset/file/UPY-GPHC_X5R_4V-TO-50V"",""RoHS Status"":""ROHS3 Compliant"",""Moisture Sensitivity Level (MSL)"":""Active"",""ECCN"":""EAR99"",""HTSUS"":""8532.24.0020"",""Country of Origin"":""Taiwan""}}]"
PMR-000049,Imported - Pending Verification,KYOCERA AVX,TAJA106K010RNJ,,CAP-1206-10u-10v-Tant-10%-00,CAP TANT 10UF 10% 10V 1206,CAP,https://datasheets.kyocera-avx.com/TAJ.pdf,AIPN Parts Master.xlsx,My Lists Worksheet,No,kyoceraavx | taja106k010rnj,50,"[{""source_row"":50,""values"":{""AIPN"":"""",""Family"":""CAP"",""Value"":""1.0000000000000001E-5"",""Case"":""1206"",""Image"":"""",""Description"":""CAP TANT 10UF 10% 10V 1206"",""Manufacturer Name"":""KYOCERA AVX"",""Manufacturer Part Number"":""TAJA106K010RNJ"",""Lifecycle"":""Active"",""Leadtime(WKS)"":""13"",""Case2"":""1206"",""Case3"":""SMD"",""Case Displayed as"":""1206"",""Param #1"":""10u"",""Param #2"":""10v"",""Param #3"":""Tant"",""Param #4"":""10%"",""Rev"":""0"",""Params used"":""7"",""AIPN Occurrence"":""1"",""AIPN - OLD"":""CAP-1206-10u-10v-Tant-10%-00"",""LEN"":""28"",""Datasheet"":""https://datasheets.kyocera-avx.com/TAJ.pdf"",""RoHS Status"":""ROHS3 Compliant"",""Moisture Sensitivity Level (MSL)"":""Active"",""ECCN"":""EAR99"",""HTSUS"":""8532.21.0050"",""Country of Origin"":""El Salvador""}}]"
PMR-000050,Imported - Pending Verification,Samsung Electro-Mechanics,CL31B106KOHNFNE,,CAP-1206-10u-16v-X7R-10%-00,CAP CER 10UF 16V X7R 1206,CAP,https://mm.digikey.com/Volume0/opasdata/d220001/medias/docus/658/CL31B106KOHNFNE_Spec.pdf,AIPN Parts Master.xlsx,My Lists Worksheet,No,samsungelectromechanics | cl31b106kohnfne,51,"[{""source_row"":51,""values"":{""AIPN"":"""",""Family"":""CAP"",""Value"":""1.0000000000000001E-5"",""Case"":""1206"",""Image"":"""",""Description"":""CAP CER 10UF 16V X7R 1206"",""Manufacturer Name"":""Samsung Electro-Mechanics"",""Manufacturer Part Number"":""CL31B106KOHNFNE"",""Lifecycle"":""Active"",""Leadtime(WKS)"":""31"",""Case2"":""1206"",""Case3"":""SMD"",""Case Displayed as"":""1206"",""Param #1"":""10u"",""Param #2"":""16v"",""Param #3"":""X7R"",""Param #4"":""10%"",""Rev"":""0"",""Params used"":""7"",""AIPN Occurrence"":""1"",""AIPN - OLD"":""CAP-1206-10u-16v-X7R-10%-00"",""LEN"":""27"",""Datasheet"":""https://mm.digikey.com/Volume0/opasdata/d220001/medias/docus/658/CL31B106KOHNFNE_Spec.pdf"",""RoHS Status"":""ROHS3 Compliant"",""Moisture Sensitivity Level (MSL)"":""Active"",""ECCN"":""EAR99"",""HTSUS"":""8532.24.0020"",""Country of Origin"":""Philippines""}}]"
PMR-000051,Imported - Pending Verification,Würth Elektronik,875105240001,,CAP-SMD-10u-10v-PELE-20%-00,CAP ALUM POLY 10UF 20% 10V SMD,CAP,https://www.we-online.com/components/products/datasheet/875105240001.pdf,AIPN Parts Master.xlsx,My Lists Worksheet,No,wurthelektronik | 875105240001,52,"[{""source_row"":52,""values"":{""AIPN"":"""",""Family"":""CAP"",""Value"":""1.0000000000000001E-5"",""Case"":""D4.00, H5.50"",""Image"":"""",""Description"":""CAP ALUM POLY 10UF 20% 10V SMD"",""Manufacturer Name"":""Würth Elektronik"",""Manufacturer Part Number"":""875105240001"",""Lifecycle"":""Active"",""Leadtime(WKS)"":""26"",""Case2"":""SMD"",""Case3"":""SMD"",""Case Displayed as"":""SMD"",""Param #1"":""10u"",""Param #2"":""10v"",""Param #3"":""PELE"",""Param #4"":""20%"",""Rev"":""0"",""Params used"":""7"",""AIPN Occurrence"":""1"",""AIPN - OLD"":""CAP-SMD-10u-10v-PELE-20%-00"",""LEN"":""27"",""Datasheet"":""https://www.we-online.com/components/products/datasheet/875105240001.pdf"",""RoHS Status"":""ROHS3 Compliant"",""Moisture Sensitivity Level (MSL)"":""Active"",""ECCN"":""EAR99"",""HTSUS"":""8532.22.0020"",""Country of Origin"":""China""}}]"
PMR-000052,Imported - Pending Verification,KYOCERA AVX,TLCL226M006XTA,,CAP-0603-22u-6v3-Tant-20%-00,CAP TANT 22UF 20% 6.3V 0603,CAP,https://datasheets.kyocera-avx.com/TLC.pdf,AIPN Parts Master.xlsx,My Lists Worksheet,No,kyoceraavx | tlcl226m006xta,53,"[{""source_row"":53,""values"":{""AIPN"":"""",""Family"":""CAP"",""Value"":""2.1999999999999999E-5"",""Case"":""0603"",""Image"":"""",""Description"":""CAP TANT 22UF 20% 6.3V 0603"",""Manufacturer Name"":""KYOCERA AVX"",""Manufacturer Part Number"":""TLCL226M006XTA"",""Lifecycle"":""Active"",""Leadtime(WKS)"":""23"",""Case2"":""603"",""Case3"":""SMD"",""Case Displayed as"":""0603"",""Param #1"":""22u"",""Param #2"":""6v3"",""Param #3"":""Tant"",""Param #4"":""20%"",""Rev"":""0"",""Params used"":""7"",""AIPN Occurrence"":""1"",""AIPN - OLD"":""CAP-0603-22u-6v3-Tant-20%-00"",""LEN"":""28"",""Datasheet"":""https://datasheets.kyocera-avx.com/TLC.pdf"",""RoHS Status"":""ROHS3 Compliant"",""Moisture Sensitivity Level (MSL)"":""Active"",""ECCN"":""EAR99"",""HTSUS"":""8532.21.0050"",""Country of Origin"":""Czech Republic""}}]"
PMR-000053,Imported - Pending Verification,Walsin Technology Corporation,0603X226M6R3CT,,CAP-0603-22u-6v3-X7R-20%-00,CAP CER 22UF 6.3V X5R 0603,CAP,https://www.passivecomponent.com/wp-content/uploads/datasheet/WTC_MLCC_General_Purpose.pdf,AIPN Parts Master.xlsx,My Lists Worksheet,No,walsintechnologycorporation | 0603x226m6r3ct,54,"[{""source_row"":54,""values"":{""AIPN"":"""",""Family"":""CAP"",""Value"":""2.1999999999999999E-5"",""Case"":""0603"",""Image"":"""",""Description"":""CAP CER 22UF 6.3V X5R 0603"",""Manufacturer Name"":""Walsin Technology Corporation"",""Manufacturer Part Number"":""0603X226M6R3CT"",""Lifecycle"":""Active"",""Leadtime(WKS)"":""20"",""Case2"":""603"",""Case3"":""SMD"",""Case Displayed as"":""0603"",""Param #1"":""22u"",""Param #2"":""6v3"",""Param #3"":""X7R"",""Param #4"":""20%"",""Rev"":""0"",""Params used"":""7"",""AIPN Occurrence"":""1"",""AIPN - OLD"":""CAP-0603-22u-6v3-X7R-20%-00"",""LEN"":""27"",""Datasheet"":""https://www.passivecomponent.com/wp-content/uploads/datasheet/WTC_MLCC_General_Purpose.pdf"",""RoHS Status"":""ROHS3 Compliant"",""Moisture Sensitivity Level (MSL)"":""Active"",""ECCN"":""EAR99"",""HTSUS"":""8532.24.0020"",""Country of Origin"":""Taiwan""}}]"
PMR-000054,Imported - Pending Verification,KYOCERA AVX,TAJA226K010RNJ,,CAP-1206-22u-10v-Tant-10%-00,CAP TANT 22UF 10% 10V 1206,CAP,https://datasheets.kyocera-avx.com/TAJ.pdf,AIPN Parts Master.xlsx,My Lists Worksheet,No,kyoceraavx | taja226k010rnj,55,"[{""source_row"":55,""values"":{""AIPN"":"""",""Family"":""CAP"",""Value"":""2.1999999999999999E-5"",""Case"":""1206"",""Image"":"""",""Description"":""CAP TANT 22UF 10% 10V 1206"",""Manufacturer Name"":""KYOCERA AVX"",""Manufacturer Part Number"":""TAJA226K010RNJ"",""Lifecycle"":""Active"",""Leadtime(WKS)"":""13"",""Case2"":""1206"",""Case3"":""SMD"",""Case Displayed as"":""1206"",""Param #1"":""22u"",""Param #2"":""10v"",""Param #3"":""Tant"",""Param #4"":""10%"",""Rev"":""0"",""Params used"":""7"",""AIPN Occurrence"":""1"",""AIPN - OLD"":""CAP-1206-22u-10v-Tant-10%-00"",""LEN"":""28"",""Datasheet"":""https://datasheets.kyocera-avx.com/TAJ.pdf"",""RoHS Status"":""ROHS3 Compliant"",""Moisture Sensitivity Level (MSL)"":""Active"",""ECCN"":""EAR99"",""HTSUS"":""8532.21.0050"",""Country of Origin"":""El Salvador""}}]"
PMR-000055,Imported - Pending Verification,Walsin Technology Corporation,1206B226K6R3CT,,CAP-1206-22u-6v3-X7R-10%-00,CAP CER 22UF 6.3V X7R 1206,CAP,https://www.passivecomponent.com/wp-content/uploads/datasheet/WTC_MLCC_General_Purpose.pdf,AIPN Parts Master.xlsx,My Lists Worksheet,No,walsintechnologycorporation | 1206b226k6r3ct,56,"[{""source_row"":56,""values"":{""AIPN"":"""",""Family"":""CAP"",""Value"":""2.1999999999999999E-5"",""Case"":""1206"",""Image"":"""",""Description"":""CAP CER 22UF 6.3V X7R 1206"",""Manufacturer Name"":""Walsin Technology Corporation"",""Manufacturer Part Number"":""1206B226K6R3CT"",""Lifecycle"":""Active"",""Leadtime(WKS)"":""20"",""Case2"":""1206"",""Case3"":""SMD"",""Case Displayed as"":""1206"",""Param #1"":""22u"",""Param #2"":""6v3"",""Param #3"":""X7R"",""Param #4"":""10%"",""Rev"":""0"",""Params used"":""7"",""AIPN Occurrence"":""1"",""AIPN - OLD"":""CAP-1206-22u-6v3-X7R-10%-00"",""LEN"":""27"",""Datasheet"":""https://www.passivecomponent.com/wp-content/uploads/datasheet/WTC_MLCC_General_Purpose.pdf"",""RoHS Status"":""ROHS3 Compliant"",""Moisture Sensitivity Level (MSL)"":""Active"",""ECCN"":""EAR99"",""HTSUS"":""8532.24.0020"",""Country of Origin"":""Taiwan""}}]"
PMR-000056,Imported - Pending Verification,Würth Elektronik,865060453006,,CAP-SMD-150u-25v-AELE-20%-00,CAP ALUM 150UF 20% 25V SMD,CAP,https://www.we-online.com/components/products/datasheet/865060453006.pdf,AIPN Parts Master.xlsx,My Lists Worksheet,No,wurthelektronik | 865060453006,57,"[{""source_row"":57,""values"":{""AIPN"":"""",""Family"":""CAP"",""Value"":""1.4999999999999999E-4"",""Case"":"""",""Image"":"""",""Description"":""CAP ALUM 150UF 20% 25V SMD"",""Manufacturer Name"":""Würth Elektronik"",""Manufacturer Part Number"":""865060453006"",""Lifecycle"":""Active"",""Leadtime(WKS)"":""24"",""Case2"":""SMD"",""Case3"":""SMD"",""Case Displayed as"":""SMD"",""Param #1"":""150u"",""Param #2"":""25v"",""Param #3"":""AELE"",""Param #4"":""20%"",""Rev"":""0"",""Params used"":""7"",""AIPN Occurrence"":""1"",""AIPN - OLD"":""CAP-SMD-150u-25v-AELE-20%-00"",""LEN"":""28"",""Datasheet"":""https://www.we-online.com/components/products/datasheet/865060453006.pdf"",""RoHS Status"":""ROHS3 Compliant"",""Moisture Sensitivity Level (MSL)"":""Active"",""ECCN"":""EAR99"",""HTSUS"":""8532.22.0020"",""Country of Origin"":""China""}}]"
PMR-000057,Imported - Pending Verification,KEMET,T520D337M006ATE045,,CAP-2917-330u-6v3-Tant-20%-00,CAP TANT POLY 330UF 6.3V 2917,CAP,https://yageogroup.com/content/datasheet/asset/file/KEM_T2076_T52X-530,AIPN Parts Master.xlsx,My Lists Worksheet,No,kemet | t520d337m006ate045,58,"[{""source_row"":58,""values"":{""AIPN"":"""",""Family"":""CAP"",""Value"":""3.3E-4"",""Case"":""2917"",""Image"":"""",""Description"":""CAP TANT POLY 330UF 6.3V 2917"",""Manufacturer Name"":""KEMET"",""Manufacturer Part Number"":""T520D337M006ATE045"",""Lifecycle"":""Active"",""Leadtime(WKS)"":""27"",""Case2"":""2917"",""Case3"":""SMD"",""Case Displayed as"":""2917"",""Param #1"":""330u"",""Param #2"":""6v3"",""Param #3"":""Tant"",""Param #4"":""20%"",""Rev"":""0"",""Params used"":""7"",""AIPN Occurrence"":""1"",""AIPN - OLD"":""CAP-2917-330u-6v3-Tant-20%-00"",""LEN"":""29"",""Datasheet"":""https://yageogroup.com/content/datasheet/asset/file/KEM_T2076_T52X-530"",""RoHS Status"":""ROHS3 Compliant"",""Moisture Sensitivity Level (MSL)"":""Active"",""ECCN"":""EAR99"",""HTSUS"":""8532.21.0050"",""Country of Origin"":""Mexico""}}]"
PMR-000058,Imported - Pending Verification,Wurth,62000211622,,CON-P2.00-W2B-4Shroud-2pin-v-00,WR-WTB WIRE-TO-BOARD CONNECTORS,CON,https://www.we-online.com/catalog/datasheet/62000211622.pdf,AIPN Parts Master.xlsx,My Lists Worksheet,No,wurth | 62000211622,59,"[{""source_row"":59,""values"":{""AIPN"":"""",""Family"":""CON"",""Value"":""2"",""Case"":"""",""Image"":"""",""Description"":""WR-WTB WIRE-TO-BOARD CONNECTORS"",""Manufacturer Name"":""Wurth"",""Manufacturer Part Number"":""62000211622"",""Lifecycle"":""Active"",""Leadtime(WKS)"":""18"",""Case2"":""THT-2.00"",""Case3"":""P2.00"",""Case Displayed as"":""P2.00"",""Param #1"":""W2B"",""Param #2"":""4Shroud"",""Param #3"":""2pin"",""Param #4"":""v"",""Rev"":""0"",""Params used"":""7"",""AIPN Occurrence"":""1"",""AIPN - OLD"":""CON-P2.00-W2B-4Shroud-2pin-v-00"",""LEN"":""31"",""Datasheet"":""https://www.we-online.com/catalog/datasheet/62000211622.pdf"",""RoHS Status"":""ROHS3 Compliant"",""Moisture Sensitivity Level (MSL)"":""Active"",""ECCN"":""EAR99"",""HTSUS"":""8536.69.4040"",""Country of Origin"":""Taiwan""}}]"
PMR-000059,Imported - Pending Verification,Würth Elektronik,61900211121,,CON-P2.54-Hdr-2pin-Vert-Lock-00,CONN HEADER VERT 2POS 2.54MM,CON,https://www.we-online.com/catalog/datasheet/61900211121.pdf,AIPN Parts Master.xlsx,My Lists Worksheet,No,wurthelektronik | 61900211121,60,"[{""source_row"":60,""values"":{""AIPN"":"""",""Family"":""CON"",""Value"":""2"",""Case"":"""",""Image"":"""",""Description"":""CONN HEADER VERT 2POS 2.54MM"",""Manufacturer Name"":""Würth Elektronik"",""Manufacturer Part Number"":""61900211121"",""Lifecycle"":""Active"",""Leadtime(WKS)"":""16"",""Case2"":""THT-2.54"",""Case3"":""P2.54"",""Case Displayed as"":""P2.54"",""Param #1"":""Hdr"",""Param #2"":""2pin"",""Param #3"":""Vert"",""Param #4"":""Lock"",""Rev"":""0"",""Params used"":""7"",""AIPN Occurrence"":""1"",""AIPN - OLD"":""CON-P2.54-Hdr-2pin-Vert-Lock-00"",""LEN"":""31"",""Datasheet"":""https://www.we-online.com/catalog/datasheet/61900211121.pdf"",""RoHS Status"":""ROHS3 Compliant"",""Moisture Sensitivity Level (MSL)"":""Active"",""ECCN"":""EAR99"",""HTSUS"":""8536.69.4040"",""Country of Origin"":""Taiwan""}}]"
PMR-000060,Imported - Pending Verification,Sullins Connector Solutions,NPTC021KFXC-RC,,CON-SMD-B2B-Fvert-P2.54-2pin-00,CONN HDR 2POS 0.1 TIN SMD,CON,https://mm.digikey.com/Volume0/opasdata/d220001/medias/docus/2900/NPxCxx1KFXx-RC%2010487-D.pdf,AIPN Parts Master.xlsx,My Lists Worksheet,No,sullinsconnectorsolutions | nptc021kfxc-rc,61,"[{""source_row"":61,""values"":{""AIPN"":"""",""Family"":""CON"",""Value"":""2"",""Case"":"""",""Image"":"""",""Description"":""CONN HDR 2POS 0.1 TIN SMD"",""Manufacturer Name"":""Sullins Connector Solutions"",""Manufacturer Part Number"":""NPTC021KFXC-RC"",""Lifecycle"":""Active"",""Leadtime(WKS)"":""11"",""Case2"":""SMD-2.54"",""Case3"":""SMD"",""Case Displayed as"":""SMD"",""Param #1"":""B2B"",""Param #2"":""Fvert"",""Param #3"":""P2.54"",""Param #4"":""2pin"",""Rev"":""0"",""Params used"":""7"",""AIPN Occurrence"":""1"",""AIPN - OLD"":""CON-SMD-B2B-Fvert-P2.54-2pin-00"",""LEN"":""31"",""Datasheet"":""https://mm.digikey.com/Volume0/opasdata/d220001/medias/docus/2900/NPxCxx1KFXx-RC%2010487-D.pdf"",""RoHS Status"":""ROHS3 Compliant"",""Moisture Sensitivity Level (MSL)"":""Active"",""ECCN"":""EAR99"",""HTSUS"":""8536.69.4040"",""Country of Origin"":""Taiwan""}}]"
PMR-000061,Imported - Pending Verification,Wurth,653102124022,,CON-SMD-W2B-P1.25-2pin-v-00,CONN HEADER SMD 2POS 1.25MM,CON,https://www.we-online.com/catalog/datasheet/653102124022.pdf,AIPN Parts Master.xlsx,My Lists Worksheet,No,wurth | 653102124022,62,"[{""source_row"":62,""values"":{""AIPN"":"""",""Family"":""CON"",""Value"":""2"",""Case"":"""",""Image"":"""",""Description"":""CONN HEADER SMD 2POS 1.25MM"",""Manufacturer Name"":""Wurth"",""Manufacturer Part Number"":""653102124022"",""Lifecycle"":""Active"",""Leadtime(WKS)"":""18"",""Case2"":""SMD"",""Case3"":""SMD"",""Case Displayed as"":""SMD"",""Param #1"":""W2B"",""Param #2"":""P1.25"",""Param #3"":""2pin"",""Param #4"":""v"",""Rev"":""0"",""Params used"":""7"",""AIPN Occurrence"":""1"",""AIPN - OLD"":""CON-SMD-W2B-P1.25-2pin-v-00"",""LEN"":""27"",""Datasheet"":""https://www.we-online.com/catalog/datasheet/653102124022.pdf"",""RoHS Status"":""ROHS3 Compliant"",""Moisture Sensitivity Level (MSL)"":""Active"",""ECCN"":""EAR99"",""HTSUS"":""8536.69.4040"",""Country of Origin"":""Taiwan""}}]"
PMR-000062,Imported - Pending Verification,SameSky,PJ-102AH,,CON-THP-DC_Jack-ID2.0-OD5.5-1-00,CONN PWR JACK 2X5.5MM SOLDER,CON,https://www.cuidevices.com/product/resource/pj-102ah.pdf,AIPN Parts Master.xlsx,My Lists Worksheet,No,samesky | pj-102ah,63,"[{""source_row"":63,""values"":{""AIPN"":"""",""Family"":""CON"",""Value"":""2"",""Case"":"""",""Image"":"""",""Description"":""CONN PWR JACK 2X5.5MM SOLDER"",""Manufacturer Name"":""SameSky"",""Manufacturer Part Number"":""PJ-102AH"",""Lifecycle"":""Active"",""Leadtime(WKS)"":""17"",""Case2"":""THT"",""Case3"":""THP"",""Case Displayed as"":""THP"",""Param #1"":""DC_Jack"",""Param #2"":""ID2.0"",""Param #3"":""OD5.5"",""Param #4"":""1"",""Rev"":""0"",""Params used"":""7"",""AIPN Occurrence"":""1"",""AIPN - OLD"":""CON-THP-DC_Jack-ID2.0-OD5.5-1-00"",""LEN"":""32"",""Datasheet"":""https://www.cuidevices.com/product/resource/pj-102ah.pdf"",""RoHS Status"":""ROHS3 Compliant"",""Moisture Sensitivity Level (MSL)"":""Active"",""ECCN"":""EAR99"",""HTSUS"":""8536.69.4040"",""Country of Origin"":""China""}}]"
PMR-000063,Imported - Pending Verification,JST Sales America Inc.,B3B-ZR,,CON-P1.50-W2B-4S-3pin-00,CONN HEADER VERT 3POS 1.5MM,CON,https://www.jst-mfg.com/product/pdf/eng/eZH.pdf,AIPN Parts Master.xlsx,My Lists Worksheet,No,jstsalesamericainc | b3b-zr,64,"[{""source_row"":64,""values"":{""AIPN"":"""",""Family"":""CON"",""Value"":""3"",""Case"":""`P1.5"",""Image"":"""",""Description"":""CONN HEADER VERT 3POS 1.5MM"",""Manufacturer Name"":""JST Sales America Inc."",""Manufacturer Part Number"":""B3B-ZR"",""Lifecycle"":""Active"",""Leadtime(WKS)"":""16"",""Case2"":""THT-1.50"",""Case3"":""P1.50"",""Case Displayed as"":""P1.50"",""Param #1"":""W2B"",""Param #2"":""4S"",""Param #3"":""3pin"",""Param #4"":"""",""Rev"":""0"",""Params used"":""6"",""AIPN Occurrence"":""1"",""AIPN - OLD"":""CON-P1.50-W2B-4S-3pin-00"",""LEN"":""24"",""Datasheet"":""https://www.jst-mfg.com/product/pdf/eng/eZH.pdf"",""RoHS Status"":""ROHS3 Compliant"",""Moisture Sensitivity Level (MSL)"":""Active"",""ECCN"":""EAR99"",""HTSUS"":""8536.69.4040"",""Country of Origin"":""South Korea""}}]"
PMR-000064,Imported - Pending Verification,Wurth,62000311622,,CON-P2.00-W2B-4Shroud-3pin-v-00,WR-WTB WIRE-TO-BOARD CONNECTORS,CON,https://www.we-online.com/catalog/datasheet/62000311622.pdf,AIPN Parts Master.xlsx,My Lists Worksheet,No,wurth | 62000311622,65,"[{""source_row"":65,""values"":{""AIPN"":"""",""Family"":""CON"",""Value"":""3"",""Case"":"""",""Image"":"""",""Description"":""WR-WTB WIRE-TO-BOARD CONNECTORS"",""Manufacturer Name"":""Wurth"",""Manufacturer Part Number"":""62000311622"",""Lifecycle"":""Active"",""Leadtime(WKS)"":""18"",""Case2"":""THT-2.00"",""Case3"":""P2.00"",""Case Displayed as"":""P2.00"",""Param #1"":""W2B"",""Param #2"":""4Shroud"",""Param #3"":""3pin"",""Param #4"":""v"",""Rev"":""0"",""Params used"":""7"",""AIPN Occurrence"":""1"",""AIPN - OLD"":""CON-P2.00-W2B-4Shroud-3pin-v-00"",""LEN"":""31"",""Datasheet"":""https://www.we-online.com/catalog/datasheet/62000311622.pdf"",""RoHS Status"":""ROHS3 Compliant"",""Moisture Sensitivity Level (MSL)"":""Active"",""ECCN"":""EAR99"",""HTSUS"":""8536.69.4040"",""Country of Origin"":""Taiwan""}}]"
PMR-000065,Imported - Pending Verification,JST Sales America Inc.,B3B-XH-A,,CON-P2.50-W2B-4Shroud-3pin-00,CONN HEADER VERT 3POS 2.5MM,CON,https://www.jst-mfg.com/product/pdf/eng/eXH.pdf,AIPN Parts Master.xlsx,My Lists Worksheet,No,jstsalesamericainc | b3b-xh-a,66,"[{""source_row"":66,""values"":{""AIPN"":"""",""Family"":""CON"",""Value"":""3"",""Case"":"""",""Image"":"""",""Description"":""CONN HEADER VERT 3POS 2.5MM"",""Manufacturer Name"":""JST Sales America Inc."",""Manufacturer Part Number"":""B3B-XH-A"",""Lifecycle"":""Active"",""Leadtime(WKS)"":""16"",""Case2"":""THT-5.00"",""Case3"":""P2.50"",""Case Displayed as"":""P2.50"",""Param #1"":""W2B"",""Param #2"":""4Shroud"",""Param #3"":""3pin"",""Param #4"":"""",""Rev"":""0"",""Params used"":""6"",""AIPN Occurrence"":""1"",""AIPN - OLD"":""CON-P2.50-W2B-4Shroud-3pin-00"",""LEN"":""29"",""Datasheet"":""https://www.jst-mfg.com/product/pdf/eng/eXH.pdf"",""RoHS Status"":""ROHS3 Compliant"",""Moisture Sensitivity Level (MSL)"":""Active"",""ECCN"":""EAR99"",""HTSUS"":""8536.69.4040"",""Country of Origin"":""South Korea""}}]"
PMR-000066,Imported - Pending Verification,Würth Elektronik,649003013322,,CON-P4.20-W2B-3pin-Plug-1-00,CONN RCPT HSG 3POS 4.20MM,CON,https://www.we-online.com/components/products/datasheet/649003013322.pdf,AIPN Parts Master.xlsx,My Lists Worksheet,No,wurthelektronik | 649003013322,67,"[{""source_row"":67,""values"":{""AIPN"":"""",""Family"":""CON"",""Value"":""3"",""Case"":"""",""Image"":"""",""Description"":""CONN RCPT HSG 3POS 4.20MM"",""Manufacturer Name"":""Würth Elektronik"",""Manufacturer Part Number"":""649003013322"",""Lifecycle"":""Active"",""Leadtime(WKS)"":""16"",""Case2"":""CBL-4.20"",""Case3"":""P4.20"",""Case Displayed as"":""P4.20"",""Param #1"":""W2B"",""Param #2"":""3pin"",""Param #3"":""Plug"",""Param #4"":""1"",""Rev"":""0"",""Params used"":""7"",""AIPN Occurrence"":""1"",""AIPN - OLD"":""CON-P4.20-W2B-3pin-Plug-1-00"",""LEN"":""28"",""Datasheet"":""https://www.we-online.com/components/products/datasheet/649003013322.pdf"",""RoHS Status"":""ROHS3 Compliant"",""Moisture Sensitivity Level (MSL)"":""Active"",""ECCN"":""EAR99"",""HTSUS"":""8536.69.8000"",""Country of Origin"":""Taiwan""}}]"
PMR-000067,Imported - Pending Verification,Würth Elektronik,64900311122,,CON-P4.20-W2B-3pin-V-1-00,CONN HEADER VERT 3POS 4.2MM,CON,https://www.we-online.com/components/products/datasheet/64900311122.pdf,AIPN Parts Master.xlsx,My Lists Worksheet,No,wurthelektronik | 64900311122,68,"[{""source_row"":68,""values"":{""AIPN"":"""",""Family"":""CON"",""Value"":""3"",""Case"":"""",""Image"":"""",""Description"":""CONN HEADER VERT 3POS 4.2MM"",""Manufacturer Name"":""Würth Elektronik"",""Manufacturer Part Number"":""64900311122"",""Lifecycle"":""Active"",""Leadtime(WKS)"":""16"",""Case2"":""THT-4.20"",""Case3"":""P4.20"",""Case Displayed as"":""P4.20"",""Param #1"":""W2B"",""Param #2"":""3pin"",""Param #3"":""V"",""Param #4"":""1"",""Rev"":""0"",""Params used"":""7"",""AIPN Occurrence"":""1"",""AIPN - OLD"":""CON-P4.20-W2B-3pin-V-1-00"",""LEN"":""25"",""Datasheet"":""https://www.we-online.com/components/products/datasheet/64900311122.pdf"",""RoHS Status"":""ROHS3 Compliant"",""Moisture Sensitivity Level (MSL)"":""Active"",""ECCN"":""EAR99"",""HTSUS"":""8536.69.4040"",""Country of Origin"":""Taiwan""}}]"
PMR-000068,Imported - Pending Verification,Würth Elektronik,638263122003,,CON-P5.08-Blade-3pin-RA-00,WR-FAST_THT MALE RIGHT ANGLED HE,CON,https://www.we-online.com/catalog/datasheet/638263122003.pdf,AIPN Parts Master.xlsx,My Lists Worksheet,No,wurthelektronik | 638263122003,69,"[{""source_row"":69,""values"":{""AIPN"":"""",""Family"":""CON"",""Value"":""3"",""Case"":"""",""Image"":"""",""Description"":""WR-FAST_THT MALE RIGHT ANGLED HE"",""Manufacturer Name"":""Würth Elektronik"",""Manufacturer Part Number"":""638263122003"",""Lifecycle"":""Active"",""Leadtime(WKS)"":""19"",""Case2"":""THT-5.08"",""Case3"":""P5.08"",""Case Displayed as"":""P5.08"",""Param #1"":""Blade"",""Param #2"":""3pin"",""Param #3"":""RA"",""Param #4"":"""",""Rev"":""0"",""Params used"":""6"",""AIPN Occurrence"":""1"",""AIPN - OLD"":""CON-P5.08-Blade-3pin-RA-00"",""LEN"":""26"",""Datasheet"":""https://www.we-online.com/catalog/datasheet/638263122003.pdf"",""RoHS Status"":""ROHS3 Compliant"",""Moisture Sensitivity Level (MSL)"":""Active"",""ECCN"":""EAR99"",""HTSUS"":""8536.90.4000"",""Country of Origin"":""Romania""}}]"
PMR-000069,Imported - Pending Verification,Wurth,638263222003,,CON-P5.08-Blade-3pin-V-00,WR-FAST_THT MALE VERTICAL HEADER,CON,https://www.we-online.com/catalog/datasheet/638263222003.pdf,AIPN Parts Master.xlsx,My Lists Worksheet,No,wurth | 638263222003,70,"[{""source_row"":70,""values"":{""AIPN"":"""",""Family"":""CON"",""Value"":""3"",""Case"":"""",""Image"":"""",""Description"":""WR-FAST_THT MALE VERTICAL HEADER"",""Manufacturer Name"":""Wurth"",""Manufacturer Part Number"":""638263222003"",""Lifecycle"":""Active"",""Leadtime(WKS)"":""19"",""Case2"":""THT-5.08"",""Case3"":""P5.08"",""Case Displayed as"":""P5.08"",""Param #1"":""Blade"",""Param #2"":""3pin"",""Param #3"":""V"",""Param #4"":"""",""Rev"":""0"",""Params used"":""6"",""AIPN Occurrence"":""1"",""AIPN - OLD"":""CON-P5.08-Blade-3pin-V-00"",""LEN"":""25"",""Datasheet"":""https://www.we-online.com/catalog/datasheet/638263222003.pdf"",""RoHS Status"":""ROHS3 Compliant"",""Moisture Sensitivity Level (MSL)"":""Active"",""ECCN"":""EAR99"",""HTSUS"":""8536.90.4000"",""Country of Origin"":""Romania""}}]"
PMR-000070,Imported - Pending Verification,Wurth,620303124022,,CON-SMD-W2B-P2.00-3pin-v-00,CONN HEADER SMD 3POS 2MM,CON,https://www.we-online.com/catalog/datasheet/620303124022.pdf,AIPN Parts Master.xlsx,My Lists Worksheet,No,wurth | 620303124022,71,"[{""source_row"":71,""values"":{""AIPN"":"""",""Family"":""CON"",""Value"":""3"",""Case"":"""",""Image"":"""",""Description"":""CONN HEADER SMD 3POS 2MM"",""Manufacturer Name"":""Wurth"",""Manufacturer Part Number"":""620303124022"",""Lifecycle"":""Active"",""Leadtime(WKS)"":""13"",""Case2"":""SMD"",""Case3"":""SMD"",""Case Displayed as"":""SMD"",""Param #1"":""W2B"",""Param #2"":""P2.00"",""Param #3"":""3pin"",""Param #4"":""v"",""Rev"":""0"",""Params used"":""7"",""AIPN Occurrence"":""1"",""AIPN - OLD"":""CON-SMD-W2B-P2.00-3pin-v-00"",""LEN"":""27"",""Datasheet"":""https://www.we-online.com/catalog/datasheet/620303124022.pdf"",""RoHS Status"":""ROHS3 Compliant"",""Moisture Sensitivity Level (MSL)"":""Active"",""ECCN"":""EAR99"",""HTSUS"":""8536.69.4040"",""Country of Origin"":""China""}}]"
PMR-000071,Imported - Pending Verification,Würth Elektronik,691210910004,,CON-P2.54-TB-4pin-Clamp-00,TERM BLOCK 4P HORIZON 2.54MM PCB,CON,https://www.we-online.com/catalog/datasheet/691210910004.pdf,AIPN Parts Master.xlsx,My Lists Worksheet,No,wurthelektronik | 691210910004,72,"[{""source_row"":72,""values"":{""AIPN"":"""",""Family"":""CON"",""Value"":""4"",""Case"":"""",""Image"":"""",""Description"":""TERM BLOCK 4P HORIZON 2.54MM PCB"",""Manufacturer Name"":""Würth Elektronik"",""Manufacturer Part Number"":""691210910004"",""Lifecycle"":""Active"",""Leadtime(WKS)"":""13"",""Case2"":""THT-2.54"",""Case3"":""P2.54"",""Case Displayed as"":""P2.54"",""Param #1"":""TB"",""Param #2"":""4pin"",""Param #3"":""Clamp"",""Param #4"":"""",""Rev"":""0"",""Params used"":""6"",""AIPN Occurrence"":""1"",""AIPN - OLD"":""CON-P2.54-TB-4pin-Clamp-00"",""LEN"":""26"",""Datasheet"":""https://www.we-online.com/catalog/datasheet/691210910004.pdf"",""RoHS Status"":""ROHS3 Compliant"",""Moisture Sensitivity Level (MSL)"":""Active"",""ECCN"":""EAR99"",""HTSUS"":""8536.90.4000"",""Country of Origin"":""China""}}]"
PMR-000072,Imported - Pending Verification,Wurth,620304124022,,CON-SMD-W2B-P2.00-4pin-v-00,CONN HEADER SMD 4POS 2MM,CON,https://www.we-online.com/catalog/datasheet/620304124022.pdf,AIPN Parts Master.xlsx,My Lists Worksheet,No,wurth | 620304124022,73,"[{""source_row"":73,""values"":{""AIPN"":"""",""Family"":""CON"",""Value"":""4"",""Case"":"""",""Image"":"""",""Description"":""CONN HEADER SMD 4POS 2MM"",""Manufacturer Name"":""Wurth"",""Manufacturer Part Number"":""620304124022"",""Lifecycle"":""Active"",""Leadtime(WKS)"":""13"",""Case2"":""SMD-2.00"",""Case3"":""SMD"",""Case Displayed as"":""SMD"",""Param #1"":""W2B"",""Param #2"":""P2.00"",""Param #3"":""4pin"",""Param #4"":""v"",""Rev"":""0"",""Params used"":""7"",""AIPN Occurrence"":""1"",""AIPN - OLD"":""CON-SMD-W2B-P2.00-4pin-v-00"",""LEN"":""27"",""Datasheet"":""https://www.we-online.com/catalog/datasheet/620304124022.pdf"",""RoHS Status"":""ROHS3 Compliant"",""Moisture Sensitivity Level (MSL)"":""Active"",""ECCN"":""EAR99"",""HTSUS"":""8536.69.4040"",""Country of Origin"":""China""}}]"
PMR-000073,Imported - Pending Verification,Wurth,614104190121,,CON-THT-USBA-4p-H-1-00,CONN RCP USB2.0 TYPEA 4POS TH RA,CON,https://www.we-online.com/catalog/datasheet/614104190121.pdf,AIPN Parts Master.xlsx,My Lists Worksheet,No,wurth | 614104190121,74,"[{""source_row"":74,""values"":{""AIPN"":"""",""Family"":""CON"",""Value"":""4"",""Case"":"""",""Image"":"""",""Description"":""CONN RCP USB2.0 TYPEA 4POS TH RA"",""Manufacturer Name"":""Wurth"",""Manufacturer Part Number"":""614104190121"",""Lifecycle"":""Active"",""Leadtime(WKS)"":""13"",""Case2"":""SMD"",""Case3"":""THT"",""Case Displayed as"":""THT"",""Param #1"":""USBA"",""Param #2"":""4p"",""Param #3"":""H"",""Param #4"":""1"",""Rev"":""0"",""Params used"":""7"",""AIPN Occurrence"":""1"",""AIPN - OLD"":""CON-THT-USBA-4p-H-1-00"",""LEN"":""22"",""Datasheet"":""https://www.we-online.com/catalog/datasheet/614104190121.pdf"",""RoHS Status"":""ROHS3 Compliant"",""Moisture Sensitivity Level (MSL)"":""Active"",""ECCN"":""EAR99"",""HTSUS"":""8536.69.4040"",""Country of Origin"":""China""}}]"
PMR-000074,Imported - Pending Verification,Würth Elektronik,61300511121,,CON-P2.54-B2B-5pin-V-1-00,CONN HEADER VERT 5POS 2.54MM,CON,https://www.we-online.com/components/products/datasheet/61300511121.pdf,AIPN Parts Master.xlsx,My Lists Worksheet,No,wurthelektronik | 61300511121,75,"[{""source_row"":75,""values"":{""AIPN"":"""",""Family"":""CON"",""Value"":""5"",""Case"":"""",""Image"":"""",""Description"":""CONN HEADER VERT 5POS 2.54MM"",""Manufacturer Name"":""Würth Elektronik"",""Manufacturer Part Number"":""61300511121"",""Lifecycle"":""Active"",""Leadtime(WKS)"":""18"",""Case2"":""THT-2.54"",""Case3"":""P2.54"",""Case Displayed as"":""P2.54"",""Param #1"":""B2B"",""Param #2"":""5pin"",""Param #3"":""V"",""Param #4"":""1"",""Rev"":""0"",""Params used"":""7"",""AIPN Occurrence"":""1"",""AIPN - OLD"":""CON-P2.54-B2B-5pin-V-1-00"",""LEN"":""25"",""Datasheet"":""https://www.we-online.com/components/products/datasheet/61300511121.pdf"",""RoHS Status"":""ROHS3 Compliant"",""Moisture Sensitivity Level (MSL)"":""Active"",""ECCN"":""EAR99"",""HTSUS"":""8536.69.4040"",""Country of Origin"":""Taiwan""}}]"
PMR-000075,Imported - Pending Verification,AMP,20021121-00006C4LF,,,CONN HEADER SMD 6POS 1.27MM,CON,https://cdn.amphenol-cs.com/media/wysiwyg/files/documentation/datasheet/boardwiretoboard/bwb_minitek127_btb.pdf,AIPN Parts Master.xlsx,My Lists Worksheet,No,amp | 20021121-00006c4lf,76,"[{""source_row"":76,""values"":{""AIPN"":"""",""Family"":""CON"",""Value"":""6"",""Case"":""P1.27"",""Image"":"""",""Description"":""CONN HEADER SMD 6POS 1.27MM"",""Manufacturer Name"":""AMP"",""Manufacturer Part Number"":""20021121-00006C4LF"",""Lifecycle"":""Active"",""Leadtime(WKS)"":""10"",""Case2"":"""",""Case3"":"""",""Case Displayed as"":"""",""Param #1"":"""",""Param #2"":"""",""Param #3"":"""",""Param #4"":"""",""Rev"":""0"",""Params used"":""2"",""AIPN Occurrence"":""30"",""AIPN - OLD"":"""",""LEN"":""5"",""Datasheet"":""https://cdn.amphenol-cs.com/media/wysiwyg/files/documentation/datasheet/boardwiretoboard/bwb_minitek127_btb.pdf"",""RoHS Status"":""ROHS3 Compliant"",""Moisture Sensitivity Level (MSL)"":""Active"",""ECCN"":""EAR99"",""HTSUS"":""8536.69.4040"",""Country of Origin"":""China""}}]"
PMR-000076,Imported - Pending Verification,Sullins Connector Solutions,NPTC061KFXC-RC,,CON-SMD-B2B-Fvert-P2.54-6pin-00,CONN HDR 6POS 0.1 TIN SMD,CON,https://mm.digikey.com/Volume0/opasdata/d220001/medias/docus/2900/NPxCxx1KFXx-RC%2010487-D.pdf,AIPN Parts Master.xlsx,My Lists Worksheet,No,sullinsconnectorsolutions | nptc061kfxc-rc,77,"[{""source_row"":77,""values"":{""AIPN"":"""",""Family"":""CON"",""Value"":""6"",""Case"":"""",""Image"":"""",""Description"":""CONN HDR 6POS 0.1 TIN SMD"",""Manufacturer Name"":""Sullins Connector Solutions"",""Manufacturer Part Number"":""NPTC061KFXC-RC"",""Lifecycle"":""Active"",""Leadtime(WKS)"":""11"",""Case2"":""SMD-2.54"",""Case3"":""SMD"",""Case Displayed as"":""SMD"",""Param #1"":""B2B"",""Param #2"":""Fvert"",""Param #3"":""P2.54"",""Param #4"":""6pin"",""Rev"":""0"",""Params used"":""7"",""AIPN Occurrence"":""1"",""AIPN - OLD"":""CON-SMD-B2B-Fvert-P2.54-6pin-00"",""LEN"":""31"",""Datasheet"":""https://mm.digikey.com/Volume0/opasdata/d220001/medias/docus/2900/NPxCxx1KFXx-RC%2010487-D.pdf"",""RoHS Status"":""ROHS3 Compliant"",""Moisture Sensitivity Level (MSL)"":""Active"",""ECCN"":""EAR99"",""HTSUS"":""8536.69.4040"",""Country of Origin"":""Taiwan""}}]"
PMR-000077,Imported - Pending Verification,Wurth,692122030100,,CON-SMD-USBA-9p-H-1-00,CONN RCPT USB3.0 TYPEA 9P SMD RA,CON,https://www.we-online.com/catalog/datasheet/692122030100.pdf,AIPN Parts Master.xlsx,My Lists Worksheet,No,wurth | 692122030100,78,"[{""source_row"":78,""values"":{""AIPN"":"""",""Family"":""CON"",""Value"":""9"",""Case"":"""",""Image"":"""",""Description"":""CONN RCPT USB3.0 TYPEA 9P SMD RA"",""Manufacturer Name"":""Wurth"",""Manufacturer Part Number"":""692122030100"",""Lifecycle"":""Active"",""Leadtime(WKS)"":""14"",""Case2"":""SMD"",""Case3"":""SMD"",""Case Displayed as"":""SMD"",""Param #1"":""USBA"",""Param #2"":""9p"",""Param #3"":""H"",""Param #4"":""1"",""Rev"":""0"",""Params used"":""7"",""AIPN Occurrence"":""1"",""AIPN - OLD"":""CON-SMD-USBA-9p-H-1-00"",""LEN"":""22"",""Datasheet"":""https://www.we-online.com/catalog/datasheet/692122030100.pdf"",""RoHS Status"":""ROHS3 Compliant"",""Moisture Sensitivity Level (MSL)"":""Active"",""ECCN"":""EAR99"",""HTSUS"":""8536.69.4040"",""Country of Origin"":""China""}}]"
PMR-000078,Imported - Pending Verification,GCT,USB4105-GF-A,,CON-SMD-USBC-Top-16+8-00,CONN RCP USB2.0 TYP C 16P SMD RA,CON,https://gct.co/files/specs/usb4105-spec.pdf,AIPN Parts Master.xlsx,My Lists Worksheet,No,gct | usb4105-gf-a,79,"[{""source_row"":79,""values"":{""AIPN"":"""",""Family"":""CON"",""Value"":""16"",""Case"":"""",""Image"":"""",""Description"":""CONN RCP USB2.0 TYP C 16P SMD RA"",""Manufacturer Name"":""GCT"",""Manufacturer Part Number"":""USB4105-GF-A"",""Lifecycle"":""Active"",""Leadtime(WKS)"":""7"",""Case2"":""SMD"",""Case3"":""SMD"",""Case Displayed as"":""SMD"",""Param #1"":""USBC"",""Param #2"":""Top"",""Param #3"":""16+8"",""Param #4"":"""",""Rev"":""0"",""Params used"":""6"",""AIPN Occurrence"":""1"",""AIPN - OLD"":""CON-SMD-USBC-Top-16+8-00"",""LEN"":""24"",""Datasheet"":""https://gct.co/files/specs/usb4105-spec.pdf"",""RoHS Status"":""ROHS3 Compliant"",""Moisture Sensitivity Level (MSL)"":""Active"",""ECCN"":""EAR99"",""HTSUS"":""8536.69.4040"",""Country of Origin"":""China""}}]"
PMR-000079,Imported - Pending Verification,GCT,USB4920-00-A,,CON-SMD-USBC-Top-16+8-2-00,"USB TYPE C, 2.0, 16P, RECEPTACLE",CON,https://mm.digikey.com/Volume0/opasdata/d220001/medias/docus/8945/usb4920-spec.pdf,AIPN Parts Master.xlsx,My Lists Worksheet,No,gct | usb4920-00-a,80,"[{""source_row"":80,""values"":{""AIPN"":"""",""Family"":""CON"",""Value"":""16"",""Case"":"""",""Image"":"""",""Description"":""USB TYPE C, 2.0, 16P, RECEPTACLE"",""Manufacturer Name"":""GCT"",""Manufacturer Part Number"":""USB4920-00-A"",""Lifecycle"":""Active"",""Leadtime(WKS)"":""7"",""Case2"":""SMD"",""Case3"":""SMD"",""Case Displayed as"":""SMD"",""Param #1"":""USBC"",""Param #2"":""Top"",""Param #3"":""16+8"",""Param #4"":""2"",""Rev"":""0"",""Params used"":""7"",""AIPN Occurrence"":""1"",""AIPN - OLD"":""CON-SMD-USBC-Top-16+8-2-00"",""LEN"":""26"",""Datasheet"":""https://mm.digikey.com/Volume0/opasdata/d220001/medias/docus/8945/usb4920-spec.pdf"",""RoHS Status"":""ROHS3 Compliant"",""Moisture Sensitivity Level (MSL)"":""Active"",""ECCN"":""EAR99"",""HTSUS"":""8536.69.4040"",""Country of Origin"":""China""}}]"
PMR-000080,Imported - Pending Verification,Wurth,61002011921,,CON-SMD-B2B-Fvert-P2.54-20pin-00,"B2B Header (F), 2.54mm 1x20, SMD",CON,,AIPN Parts Master.xlsx,My Lists Worksheet,No,wurth | 61002011921,81,"[{""source_row"":81,""values"":{""AIPN"":"""",""Family"":""CON"",""Value"":""20"",""Case"":"""",""Image"":"""",""Description"":""B2B Header (F), 2.54mm 1x20, SMD"",""Manufacturer Name"":""Wurth"",""Manufacturer Part Number"":""61002011921"",""Lifecycle"":"""",""Leadtime(WKS)"":"""",""Case2"":""SMB"",""Case3"":""SMD"",""Case Displayed as"":""SMD"",""Param #1"":""B2B"",""Param #2"":""Fvert"",""Param #3"":""P2.54"",""Param #4"":""20pin"",""Rev"":""0"",""Params used"":""7"",""AIPN Occurrence"":""1"",""AIPN - OLD"":""CON-SMD-B2B-Fvert-P2.54-20pin-00"",""LEN"":""32"",""Datasheet"":"""",""RoHS Status"":"""",""Moisture Sensitivity Level (MSL)"":"""",""ECCN"":"""",""HTSUS"":"""",""Country of Origin"":""""}}]"
PMR-000081,Imported - Pending Verification,Hirose Electric Co Ltd,CX90MF-16P,,CON-SMD-USBC-MM-16+8-2-00,"USB-C (USB TYPE-C) USB 2.0 Receptacle Connector 24 (16+8 Dummy) Position Surface Mount, Right Angle",CON,https://www.hirose.com/en/product/document?clcode=CL0480-0985-0-00&productname=CX90MF-16P&series=CX&documenttype=SpecSheet&lang=en&documentid=CX90MF-16P_4800985000_Specsheet_ENG,AIPN Parts Master.xlsx,My Lists Worksheet,No,hiroseelectriccoltd | cx90mf-16p,82,"[{""source_row"":82,""values"":{""AIPN"":"""",""Family"":""CON"",""Value"":""24"",""Case"":""SMD"",""Image"":"""",""Description"":""USB-C (USB TYPE-C) USB 2.0 Receptacle Connector 24 (16+8 Dummy) Position Surface Mount, Right Angle"",""Manufacturer Name"":""Hirose Electric Co Ltd"",""Manufacturer Part Number"":""CX90MF-16P"",""Lifecycle"":""Active"",""Leadtime(WKS)"":""12"",""Case2"":""SMD"",""Case3"":""SMD"",""Case Displayed as"":""SMD"",""Param #1"":""USBC"",""Param #2"":""MM"",""Param #3"":""16+8"",""Param #4"":""2"",""Rev"":""0"",""Params used"":""7"",""AIPN Occurrence"":""1"",""AIPN - OLD"":""CON-SMD-USBC-MM-16+8-2-00"",""LEN"":""25"",""Datasheet"":""https://www.hirose.com/en/product/document?clcode=CL0480-0985-0-00&productname=CX90MF-16P&series=CX&documenttype=SpecSheet&lang=en&documentid=CX90MF-16P_4800985000_Specsheet_ENG"",""RoHS Status"":""Unknown"",""Moisture Sensitivity Level (MSL)"":""Active"",""ECCN"":""-"",""HTSUS"":""-"",""Country of Origin"":""South Korea""}}]"
PMR-000082,Imported - Pending Verification,GCT,USB4085-GF-A,,CON-THT-USBC-16+8-1-00 | CON-SMD-USBC-Top-16+8-1-00,CONN RCPT USB2.0 TYPE C 16+8POS,CON,https://gct.co/files/specs/usb4085-spec.pdf,AIPN Parts Master.xlsx,My Lists Worksheet,Yes,gct | usb4085-gf-a,"83, 87","[{""source_row"":83,""values"":{""AIPN"":"""",""Family"":""CON"",""Value"":""24"",""Case"":"""",""Image"":"""",""Description"":""CONN RCPT USB2.0 TYPE C 16+8POS"",""Manufacturer Name"":""GCT"",""Manufacturer Part Number"":""USB4085-GF-A"",""Lifecycle"":""Active"",""Leadtime(WKS)"":""7"",""Case2"":""THT"",""Case3"":""THT"",""Case Displayed as"":""THT"",""Param #1"":""USBC"",""Param #2"":""16+8"",""Param #3"":""1"",""Param #4"":"""",""Rev"":""0"",""Params used"":""6"",""AIPN Occurrence"":""1"",""AIPN - OLD"":""CON-THT-USBC-16+8-1-00"",""LEN"":""22"",""Datasheet"":""https://gct.co/files/specs/usb4085-spec.pdf"",""RoHS Status"":""ROHS3 Compliant"",""Moisture Sensitivity Level (MSL)"":""Active"",""ECCN"":""EAR99"",""HTSUS"":""8536.69.4040"",""Country of Origin"":""China""}},{""source_row"":87,""values"":{""AIPN"":"""",""Family"":""CON"",""Value"":""24"",""Case"":"""",""Image"":"""",""Description"":""CONN RCPT USB2.0 TYPE C 16+8POS"",""Manufacturer Name"":""GCT"",""Manufacturer Part Number"":""USB4085-GF-A"",""Lifecycle"":""Active"",""Leadtime(WKS)"":""7"",""Case2"":""SMD"",""Case3"":""SMD"",""Case Displayed as"":""SMD"",""Param #1"":""USBC"",""Param #2"":""Top"",""Param #3"":""16+8"",""Param #4"":""1"",""Rev"":""0"",""Params used"":""7"",""AIPN Occurrence"":""1"",""AIPN - OLD"":""CON-SMD-USBC-Top-16+8-1-00"",""LEN"":""26"",""Datasheet"":""https://gct.co/files/specs/usb4085-spec.pdf"",""RoHS Status"":""ROHS3 Compliant"",""Moisture Sensitivity Level (MSL)"":""Active"",""ECCN"":""EAR99"",""HTSUS"":""8536.69.4040"",""Country of Origin"":""China""}}]"
PMR-000083,Imported - Pending Verification,Amp,12401948E412A,,CON-SMD-USBC-24p-H-2-00,CONN RCP USB2.0 TYPC 24P BRD CUT,CON,https://cdn.amphenol-cs.com/media/wysiwyg/files/documentation/datasheet/inputoutput/io_usb_2_0_type_c_lite.pdf,AIPN Parts Master.xlsx,My Lists Worksheet,No,amp | 12401948e412a,84,"[{""source_row"":84,""values"":{""AIPN"":"""",""Family"":""CON"",""Value"":""24"",""Case"":"""",""Image"":"""",""Description"":""CONN RCP USB2.0 TYPC 24P BRD CUT"",""Manufacturer Name"":""Amp"",""Manufacturer Part Number"":""12401948E412A"",""Lifecycle"":""Active"",""Leadtime(WKS)"":""16"",""Case2"":""SMD"",""Case3"":""SMD"",""Case Displayed as"":""SMD"",""Param #1"":""USBC"",""Param #2"":""24p"",""Param #3"":""H"",""Param #4"":""2"",""Rev"":""0"",""Params used"":""7"",""AIPN Occurrence"":""1"",""AIPN - OLD"":""CON-SMD-USBC-24p-H-2-00"",""LEN"":""23"",""Datasheet"":""https://cdn.amphenol-cs.com/media/wysiwyg/files/documentation/datasheet/inputoutput/io_usb_2_0_type_c_lite.pdf"",""RoHS Status"":""RoHS Compliant"",""Moisture Sensitivity Level (MSL)"":""Active"",""ECCN"":""EAR99"",""HTSUS"":""8536.69.4040"",""Country of Origin"":""China""}}]"
PMR-000084,Imported - Pending Verification,SameSky,UJ32-C-V-G-FMT-2-P24,,CON-USBC-Strad-24p-H-PCB=0.8mm-00,CONN RCPT USB 3.2 TYPE C 24POS,CON,https://www.sameskydevices.com/product/resource/uj32-c-v-g-fmt-2-p24.pdf,AIPN Parts Master.xlsx,My Lists Worksheet,No,samesky | uj32-c-v-g-fmt-2-p24,85,"[{""source_row"":85,""values"":{""AIPN"":"""",""Family"":""CON"",""Value"":""24"",""Case"":"""",""Image"":"""",""Description"":""CONN RCPT USB 3.2 TYPE C 24POS"",""Manufacturer Name"":""SameSky"",""Manufacturer Part Number"":""UJ32-C-V-G-FMT-2-P24"",""Lifecycle"":""Active"",""Leadtime(WKS)"":""8"",""Case2"":""SMD"",""Case3"":""USBC"",""Case Displayed as"":""USBC"",""Param #1"":""Strad"",""Param #2"":""24p"",""Param #3"":""H"",""Param #4"":""PCB=0.8mm"",""Rev"":""0"",""Params used"":""7"",""AIPN Occurrence"":""1"",""AIPN - OLD"":""CON-USBC-Strad-24p-H-PCB=0.8mm-00"",""LEN"":""33"",""Datasheet"":""https://www.sameskydevices.com/product/resource/uj32-c-v-g-fmt-2-p24.pdf"",""RoHS Status"":""RoHS Compliant"",""Moisture Sensitivity Level (MSL)"":""Active"",""ECCN"":""EAR99"",""HTSUS"":""8536.69.4040"",""Country of Origin"":""China""}}]"
PMR-000085,Imported - Pending Verification,Molex,2169900001,,CON-SMD-USBC-MM-16+8-1-00,CONN RCP USB2.0 TYP C 24P SMD RA,CON,https://www.molex.com/webdocs/datasheets/pdf/en-us/2169900001_IO_CONNECTORS.pdf,AIPN Parts Master.xlsx,My Lists Worksheet,No,molex | 2169900001,86,"[{""source_row"":86,""values"":{""AIPN"":"""",""Family"":""CON"",""Value"":""24"",""Case"":"""",""Image"":"""",""Description"":""CONN RCP USB2.0 TYP C 24P SMD RA"",""Manufacturer Name"":""Molex"",""Manufacturer Part Number"":""2169900001"",""Lifecycle"":""Active"",""Leadtime(WKS)"":""14"",""Case2"":""SMD"",""Case3"":""SMD"",""Case Displayed as"":""SMD"",""Param #1"":""USBC"",""Param #2"":""MM"",""Param #3"":""16+8"",""Param #4"":""1"",""Rev"":""0"",""Params used"":""7"",""AIPN Occurrence"":""1"",""AIPN - OLD"":""CON-SMD-USBC-MM-16+8-1-00"",""LEN"":""25"",""Datasheet"":""https://www.molex.com/webdocs/datasheets/pdf/en-us/2169900001_IO_CONNECTORS.pdf"",""RoHS Status"":""ROHS3 Compliant"",""Moisture Sensitivity Level (MSL)"":""Active"",""ECCN"":""EAR99"",""HTSUS"":""8536.69.4040"",""Country of Origin"":""China""}}]"
PMR-000086,Imported - Pending Verification,GCT,USB4110-GF-A,,CON-SMD-USBC-Top-16-7.35mm-00,CONN RCP USB2.0 TYP C 24P SMD RA,CON,https://gct.co/files/specs/usb4110-spec.pdf,AIPN Parts Master.xlsx,My Lists Worksheet,No,gct | usb4110-gf-a,88,"[{""source_row"":88,""values"":{""AIPN"":"""",""Family"":""CON"",""Value"":""24"",""Case"":"""",""Image"":"""",""Description"":""CONN RCP USB2.0 TYP C 24P SMD RA"",""Manufacturer Name"":""GCT"",""Manufacturer Part Number"":""USB4110-GF-A"",""Lifecycle"":""Active"",""Leadtime(WKS)"":""7"",""Case2"":""SMD"",""Case3"":""SMD"",""Case Displayed as"":""SMD"",""Param #1"":""USBC"",""Param #2"":""Top"",""Param #3"":""16"",""Param #4"":""7.35mm"",""Rev"":""0"",""Params used"":""7"",""AIPN Occurrence"":""1"",""AIPN - OLD"":""CON-SMD-USBC-Top-16-7.35mm-00"",""LEN"":""29"",""Datasheet"":""https://gct.co/files/specs/usb4110-spec.pdf"",""RoHS Status"":""ROHS3 Compliant"",""Moisture Sensitivity Level (MSL)"":""Active"",""ECCN"":""EAR99"",""HTSUS"":""8536.69.4040"",""Country of Origin"":""China""}}]"
PMR-000087,Imported - Pending Verification,Hirose Electric Co Ltd,FH26W-45S-0.3SHW(60),,CON-SMD-FPC-45pin-P0.3mm-00,CONN FPC BOTTOM 45POS 0.3MM R/A,CON,https://www.hirose.com/product/document?clcode=CL0580-2401-1-60&productname=FH26W-13S-0.3SHW(60)&series=FH26&documenttype=Catalog&lang=en&documentid=D49355_en,AIPN Parts Master.xlsx,My Lists Worksheet,No,hiroseelectriccoltd | fh26w-45s-0.3shw(60),89,"[{""source_row"":89,""values"":{""AIPN"":"""",""Family"":""CON"",""Value"":""45"",""Case"":"""",""Image"":"""",""Description"":""CONN FPC BOTTOM 45POS 0.3MM R/A"",""Manufacturer Name"":""Hirose Electric Co Ltd"",""Manufacturer Part Number"":""FH26W-45S-0.3SHW(60)"",""Lifecycle"":""Active"",""Leadtime(WKS)"":""12"",""Case2"":""SMD-0.30"",""Case3"":""SMD"",""Case Displayed as"":""SMD"",""Param #1"":""FPC"",""Param #2"":""45pin"",""Param #3"":""P0.3mm"",""Param #4"":"""",""Rev"":""0"",""Params used"":""6"",""AIPN Occurrence"":""1"",""AIPN - OLD"":""CON-SMD-FPC-45pin-P0.3mm-00"",""LEN"":""27"",""Datasheet"":""https://www.hirose.com/product/document?clcode=CL0580-2401-1-60&productname=FH26W-13S-0.3SHW(60)&series=FH26&documenttype=Catalog&lang=en&documentid=D49355_en"",""RoHS Status"":""RoHS Compliant"",""Moisture Sensitivity Level (MSL)"":""Active"",""ECCN"":""EAR99"",""HTSUS"":""8536.69.4051"",""Country of Origin"":""Japan""}}]"
PMR-000088,Imported - Pending Verification,Molex,1040310811,,CON-SMD-uSDCage-10p-Push-Pull-1-00,CONN MICRO SD CARD R/A SMD,CON,https://www.molex.com/en-us/products/part-detail/1040310811?display=pdf,AIPN Parts Master.xlsx,My Lists Worksheet,No,molex | 1040310811,90,"[{""source_row"":90,""values"":{""AIPN"":"""",""Family"":""CON"",""Value"":"""",""Case"":"""",""Image"":"""",""Description"":""CONN MICRO SD CARD R/A SMD"",""Manufacturer Name"":""Molex"",""Manufacturer Part Number"":""1040310811"",""Lifecycle"":""Active"",""Leadtime(WKS)"":""15"",""Case2"":""SMD"",""Case3"":""SMD"",""Case Displayed as"":""SMD"",""Param #1"":""uSDCage"",""Param #2"":""10p"",""Param #3"":""Push-Pull"",""Param #4"":""1"",""Rev"":""0"",""Params used"":""7"",""AIPN Occurrence"":""1"",""AIPN - OLD"":""CON-SMD-uSDCage-10p-Push-Pull-1-00"",""LEN"":""34"",""Datasheet"":""https://www.molex.com/en-us/products/part-detail/1040310811?display=pdf"",""RoHS Status"":""ROHS3 Compliant"",""Moisture Sensitivity Level (MSL)"":""Active"",""ECCN"":""EAR99"",""HTSUS"":""8536.69.4040"",""Country of Origin"":""China""}}]"
PMR-000089,Imported - Pending Verification,Würth Elektronik,693071010811,,CON-SMD-uSDCage-8+1p-Push-Push-1-00,CONN MICRO SD CARD R/A SMD,CON,https://www.we-online.com/catalog/datasheet/693071010811.pdf,AIPN Parts Master.xlsx,My Lists Worksheet,No,wurthelektronik | 693071010811,91,"[{""source_row"":91,""values"":{""AIPN"":"""",""Family"":""CON"",""Value"":"""",""Case"":"""",""Image"":"""",""Description"":""CONN MICRO SD CARD R/A SMD"",""Manufacturer Name"":""Würth Elektronik"",""Manufacturer Part Number"":""693071010811"",""Lifecycle"":""Active"",""Leadtime(WKS)"":""17"",""Case2"":""SMD"",""Case3"":""SMD"",""Case Displayed as"":""SMD"",""Param #1"":""uSDCage"",""Param #2"":""8+1p"",""Param #3"":""Push-Push"",""Param #4"":""1"",""Rev"":""0"",""Params used"":""7"",""AIPN Occurrence"":""1"",""AIPN - OLD"":""CON-SMD-uSDCage-8+1p-Push-Push-1-00"",""LEN"":""35"",""Datasheet"":""https://www.we-online.com/catalog/datasheet/693071010811.pdf"",""RoHS Status"":""ROHS3 Compliant"",""Moisture Sensitivity Level (MSL)"":""Active"",""ECCN"":""EAR99"",""HTSUS"":""8536.69.4040"",""Country of Origin"":""China""}}]"
PMR-000090,Imported - Pending Verification,Würth Elektronik,693072010801,,CON-SMD-uSDCage-8p-Hing-1-00,CONN MICRO SD CARD R/A SMD,CON,https://www.we-online.com/catalog/datasheet/693072010801.pdf,AIPN Parts Master.xlsx,My Lists Worksheet,No,wurthelektronik | 693072010801,92,"[{""source_row"":92,""values"":{""AIPN"":"""",""Family"":""CON"",""Value"":"""",""Case"":"""",""Image"":"""",""Description"":""CONN MICRO SD CARD R/A SMD"",""Manufacturer Name"":""Würth Elektronik"",""Manufacturer Part Number"":""693072010801"",""Lifecycle"":""Active"",""Leadtime(WKS)"":""16"",""Case2"":""SMD"",""Case3"":""SMD"",""Case Displayed as"":""SMD"",""Param #1"":""uSDCage"",""Param #2"":""8p"",""Param #3"":""Hing"",""Param #4"":""1"",""Rev"":""0"",""Params used"":""7"",""AIPN Occurrence"":""1"",""AIPN - OLD"":""CON-SMD-uSDCage-8p-Hing-1-00"",""LEN"":""28"",""Datasheet"":""https://www.we-online.com/catalog/datasheet/693072010801.pdf"",""RoHS Status"":""ROHS3 Compliant"",""Moisture Sensitivity Level (MSL)"":""Active"",""ECCN"":""EAR99"",""HTSUS"":""8536.69.4040"",""Country of Origin"":""Taiwan""}}]"
PMR-000091,Imported - Pending Verification,Molex,5025700893,,CON-uSDCage-10p-PushPush-00,CONN MICRO SD CARD R/A SMD,CON,https://www.molex.com/pdm_docs/sd/5025700893_sd.pdf,AIPN Parts Master.xlsx,My Lists Worksheet,No,molex | 5025700893,93,"[{""source_row"":93,""values"":{""AIPN"":"""",""Family"":""CON"",""Value"":"""",""Case"":"""",""Image"":"""",""Description"":""CONN MICRO SD CARD R/A SMD"",""Manufacturer Name"":""Molex"",""Manufacturer Part Number"":""5025700893"",""Lifecycle"":""Active"",""Leadtime(WKS)"":""12"",""Case2"":""SMD"",""Case3"":""uSDCage"",""Case Displayed as"":""uSDCage"",""Param #1"":""10p"",""Param #2"":""PushPush"",""Param #3"":"""",""Param #4"":"""",""Rev"":""0"",""Params used"":""5"",""AIPN Occurrence"":""1"",""AIPN - OLD"":""CON-uSDCage-10p-PushPush-00"",""LEN"":""27"",""Datasheet"":""https://www.molex.com/pdm_docs/sd/5025700893_sd.pdf"",""RoHS Status"":""ROHS3 Compliant"",""Moisture Sensitivity Level (MSL)"":""Active"",""ECCN"":""EAR99"",""HTSUS"":""8536.69.4040"",""Country of Origin"":""Vietnam""}}]"
PMR-000092,Imported - Pending Verification,Wurth,632722200212,,CON-SMD-USBC-24p-H-1-00,WR-COM_USB 3.1_TYPE C_HORIZONTAL,CON,https://www.we-online.com/catalog/datasheet/632722200212.pdf,AIPN Parts Master.xlsx,My Lists Worksheet,No,wurth | 632722200212,94,"[{""source_row"":94,""values"":{""AIPN"":"""",""Family"":""CON"",""Value"":"""",""Case"":"""",""Image"":"""",""Description"":""WR-COM_USB 3.1_TYPE C_HORIZONTAL"",""Manufacturer Name"":""Wurth"",""Manufacturer Part Number"":""632722200212"",""Lifecycle"":""Active"",""Leadtime(WKS)"":""19"",""Case2"":""SMD"",""Case3"":""SMD"",""Case Displayed as"":""SMD"",""Param #1"":""USBC"",""Param #2"":""24p"",""Param #3"":""H"",""Param #4"":""1"",""Rev"":""0"",""Params used"":""7"",""AIPN Occurrence"":""1"",""AIPN - OLD"":""CON-SMD-USBC-24p-H-1-00"",""LEN"":""23"",""Datasheet"":""https://www.we-online.com/catalog/datasheet/632722200212.pdf"",""RoHS Status"":""ROHS3 Compliant"",""Moisture Sensitivity Level (MSL)"":""Active"",""ECCN"":""EAR99"",""HTSUS"":""8536.69.4040"",""Country of Origin"":""China""}}]"
PMR-000093,Imported - Pending Verification,Wurth,629722000214,,CON-SMD-USBC-Top-16-PCB=0.8mm-00,WR-COM_USB 2.0_TYPE C_HORIZONTAL,CON,https://www.we-online.com/catalog/datasheet/629722000214.pdf,AIPN Parts Master.xlsx,My Lists Worksheet,No,wurth | 629722000214,95,"[{""source_row"":95,""values"":{""AIPN"":"""",""Family"":""CON"",""Value"":"""",""Case"":"""",""Image"":"""",""Description"":""WR-COM_USB 2.0_TYPE C_HORIZONTAL"",""Manufacturer Name"":""Wurth"",""Manufacturer Part Number"":""629722000214"",""Lifecycle"":""Active"",""Leadtime(WKS)"":""19"",""Case2"":""SMD"",""Case3"":""SMD"",""Case Displayed as"":""SMD"",""Param #1"":""USBC"",""Param #2"":""Top"",""Param #3"":""16"",""Param #4"":""PCB=0.8mm"",""Rev"":""0"",""Params used"":""7"",""AIPN Occurrence"":""1"",""AIPN - OLD"":""CON-SMD-USBC-Top-16-PCB=0.8mm-00"",""LEN"":""32"",""Datasheet"":""https://www.we-online.com/catalog/datasheet/629722000214.pdf"",""RoHS Status"":""ROHS3 Compliant"",""Moisture Sensitivity Level (MSL)"":""Active"",""ECCN"":""EAR99"",""HTSUS"":""8536.69.4040"",""Country of Origin"":""China""}}]"
PMR-000094,Imported - Pending Verification,Microchip Technology,MCP4811-E/SN,,ICS-DAC10-1ch-spi-1-00,IC DAC 10BIT 8-SOIC,DAC,https://ww1.microchip.com/downloads/en/DeviceDoc/22244B.pdf,AIPN Parts Master.xlsx,My Lists Worksheet,No,microchiptechnology | mcp4811-e/sn,96,"[{""source_row"":96,""values"":{""AIPN"":"""",""Family"":""DAC"",""Value"":""10"",""Case"":""SOIC-8"",""Image"":"""",""Description"":""IC DAC 10BIT 8-SOIC"",""Manufacturer Name"":""Microchip Technology"",""Manufacturer Part Number"":""MCP4811-E/SN"",""Lifecycle"":""Active"",""Leadtime(WKS)"":""5"",""Case2"":""SOIC-8"",""Case3"":""SMD"",""Case Displayed as"":""SMD"",""Param #1"":""DAC10"",""Param #2"":""1ch"",""Param #3"":""spi"",""Param #4"":""1"",""Rev"":""0"",""Params used"":""7"",""AIPN Occurrence"":""1"",""AIPN - OLD"":""ICS-DAC10-1ch-spi-1-00"",""LEN"":""22"",""Datasheet"":""https://ww1.microchip.com/downloads/en/DeviceDoc/22244B.pdf"",""RoHS Status"":""ROHS3 Compliant"",""Moisture Sensitivity Level (MSL)"":""Active"",""ECCN"":""EAR99"",""HTSUS"":""8542.39.0040"",""Country of Origin"":""Thailand""}}]"
PMR-000095,Imported - Pending Verification,Microchip Technology,MCP4812-E/SN,,ICS-DAC10-2ch-spi-1-00,IC DAC 10BIT 8-SOIC,DAC,https://ww1.microchip.com/downloads/aemDocuments/documents/OTH/ProductDocuments/DataSheets/20002249B.pdf,AIPN Parts Master.xlsx,My Lists Worksheet,No,microchiptechnology | mcp4812-e/sn,97,"[{""source_row"":97,""values"":{""AIPN"":"""",""Family"":""DAC"",""Value"":""10"",""Case"":""SOIC-8"",""Image"":"""",""Description"":""IC DAC 10BIT 8-SOIC"",""Manufacturer Name"":""Microchip Technology"",""Manufacturer Part Number"":""MCP4812-E/SN"",""Lifecycle"":""Active"",""Leadtime(WKS)"":""6"",""Case2"":""SOIC-8"",""Case3"":""SMD"",""Case Displayed as"":""SMD"",""Param #1"":""DAC10"",""Param #2"":""2ch"",""Param #3"":""spi"",""Param #4"":""1"",""Rev"":""0"",""Params used"":""7"",""AIPN Occurrence"":""1"",""AIPN - OLD"":""ICS-DAC10-2ch-spi-1-00"",""LEN"":""22"",""Datasheet"":""https://ww1.microchip.com/downloads/aemDocuments/documents/OTH/ProductDocuments/DataSheets/20002249B.pdf"",""RoHS Status"":""ROHS3 Compliant"",""Moisture Sensitivity Level (MSL)"":""Active"",""ECCN"":""EAR99"",""HTSUS"":""8542.39.0040"",""Country of Origin"":""Thailand""}}]"
PMR-000096,Imported - Pending Verification,Analog Devices Inc./Maxim Integrated,LTC2630ISC6-LZ12#TRMPBF,,ICS-DAC12-1ch-spi-1-00,IC DAC 12BIT SC-70-6,DAC,https://www.analog.com/media/en/technical-documentation/data-sheets/2630fg.pdf,AIPN Parts Master.xlsx,My Lists Worksheet,No,analogdevicesincmaximintegrated | ltc2630isc6-lz12#trmpbf,98,"[{""source_row"":98,""values"":{""AIPN"":"""",""Family"":""DAC"",""Value"":""12"",""Case"":""SC-70-6"",""Image"":"""",""Description"":""IC DAC 12BIT SC-70-6"",""Manufacturer Name"":""Analog Devices Inc./Maxim Integrated"",""Manufacturer Part Number"":""LTC2630ISC6-LZ12#TRMPBF"",""Lifecycle"":""Active"",""Leadtime(WKS)"":""10"",""Case2"":""SC-70"",""Case3"":""SMD"",""Case Displayed as"":""SMD"",""Param #1"":""DAC12"",""Param #2"":""1ch"",""Param #3"":""i2c"",""Param #4"":""1"",""Rev"":""0"",""Params used"":""7"",""AIPN Occurrence"":""1"",""AIPN - OLD"":""ICS-DAC12-1ch-spi-1-00"",""LEN"":""22"",""Datasheet"":""https://www.analog.com/media/en/technical-documentation/data-sheets/2630fg.pdf"",""RoHS Status"":""ROHS3 Compliant"",""Moisture Sensitivity Level (MSL)"":""Active"",""ECCN"":""EAR99"",""HTSUS"":""8542.39.0040"",""Country of Origin"":""Thailand""}}]"
PMR-000097,Imported - Pending Verification,Microchip Technology,MCP4725A0T-E/CH,,ICS-DAC12-1ch-i2c-1-00,IC DAC 12BIT SOT-23-6,DAC,https://ww1.microchip.com/downloads/aemDocuments/documents/MSLD/ProductDocuments/DataSheets/MCP4725-Data-Sheet-20002039E.pdf,AIPN Parts Master.xlsx,My Lists Worksheet,No,microchiptechnology | mcp4725a0t-e/ch,99,"[{""source_row"":99,""values"":{""AIPN"":"""",""Family"":""DAC"",""Value"":""12"",""Case"":""SOT-23-6"",""Image"":"""",""Description"":""IC DAC 12BIT SOT-23-6"",""Manufacturer Name"":""Microchip Technology"",""Manufacturer Part Number"":""MCP4725A0T-E/CH"",""Lifecycle"":""Active"",""Leadtime(WKS)"":""32"",""Case2"":""SOT-23-6"",""Case3"":""SMD"",""Case Displayed as"":""SMD"",""Param #1"":""DAC12"",""Param #2"":""1ch"",""Param #3"":""i2c"",""Param #4"":""2"",""Rev"":""0"",""Params used"":""7"",""AIPN Occurrence"":""1"",""AIPN - OLD"":""ICS-DAC12-1ch-i2c-1-00"",""LEN"":""22"",""Datasheet"":""https://ww1.microchip.com/downloads/aemDocuments/documents/MSLD/ProductDocuments/DataSheets/MCP4725-Data-Sheet-20002039E.pdf"",""RoHS Status"":""ROHS3 Compliant"",""Moisture Sensitivity Level (MSL)"":""Active"",""ECCN"":""EAR99"",""HTSUS"":""8542.39.0040"",""Country of Origin"":""Thailand""}}]"
PMR-000098,Imported - Pending Verification,Diotec Semiconductor,1N4448W,,DIO-SMD-150mA-75v-GP-1-00,DIODE STANDARD 75V 150MA SOD123F,DIO,https://diotec.com/request/datasheet/1n4148w.pdf,AIPN Parts Master.xlsx,My Lists Worksheet,No,diotecsemiconductor | 1n4448w,100,"[{""source_row"":100,""values"":{""AIPN"":"""",""Family"":""DIO"",""Value"":""2"",""Case"":""SOD-123F"",""Image"":"""",""Description"":""DIODE STANDARD 75V 150MA SOD123F"",""Manufacturer Name"":""Diotec Semiconductor"",""Manufacturer Part Number"":""1N4448W"",""Lifecycle"":""Active"",""Leadtime(WKS)"":""10"",""Case2"":""SOD-123F"",""Case3"":""SMD"",""Case Displayed as"":""SMD"",""Param #1"":""150mA"",""Param #2"":""75v"",""Param #3"":""GP"",""Param #4"":""1"",""Rev"":""0"",""Params used"":""7"",""AIPN Occurrence"":""1"",""AIPN - OLD"":""DIO-SMD-150mA-75v-GP-1-00"",""LEN"":""25"",""Datasheet"":""https://diotec.com/request/datasheet/1n4148w.pdf"",""RoHS Status"":""ROHS3 Compliant"",""Moisture Sensitivity Level (MSL)"":""Active"",""ECCN"":""EAR99"",""HTSUS"":""8541.10.0070"",""Country of Origin"":""China""}}]"
PMR-000099,Imported - Pending Verification,Microchip Technology,SMBJ5361B/TR13,,DIO-SMB-Zen-27v-5w-5r-00,DIODE ZENER 27V 5W DO214AA,DIO,,AIPN Parts Master.xlsx,My Lists Worksheet,No,microchiptechnology | smbj5361b/tr13,101,"[{""source_row"":101,""values"":{""AIPN"":"""",""Family"":""DIO"",""Value"":""27"",""Case"":""DO-214AA"",""Image"":"""",""Description"":""DIODE ZENER 27V 5W DO214AA"",""Manufacturer Name"":""Microchip Technology"",""Manufacturer Part Number"":""SMBJ5361B/TR13"",""Lifecycle"":"""",""Leadtime(WKS)"":"""",""Case2"":""DO-214AA-2"",""Case3"":""SMB"",""Case Displayed as"":""SMB"",""Param #1"":""Zen"",""Param #2"":""27v"",""Param #3"":""5w"",""Param #4"":""5r"",""Rev"":""0"",""Params used"":""7"",""AIPN Occurrence"":""1"",""AIPN - OLD"":""DIO-SMB-Zen-27v-5w-5r-00"",""LEN"":""24"",""Datasheet"":"""",""RoHS Status"":"""",""Moisture Sensitivity Level (MSL)"":"""",""ECCN"":"""",""HTSUS"":"""",""Country of Origin"":""""}}]"
PMR-000100,Imported - Pending Verification,Comchip,CDBU40,,DIO-0603-40v-200mA-SBD-1-00,DIODE SCHOTTKY 40V 200MA 0603,DIO,https://mm.digikey.com/Volume0/opasdata/d220001/medias/docus/695/CDBU40_DS.pdf,AIPN Parts Master.xlsx,My Lists Worksheet,No,comchip | cdbu40,102,"[{""source_row"":102,""values"":{""AIPN"":"""",""Family"":""DIO"",""Value"":""40"",""Case"":""0603"",""Image"":"""",""Description"":""DIODE SCHOTTKY 40V 200MA 0603"",""Manufacturer Name"":""Comchip"",""Manufacturer Part Number"":""CDBU40"",""Lifecycle"":""Active"",""Leadtime(WKS)"":""16"",""Case2"":""603"",""Case3"":""SMD"",""Case Displayed as"":""0603"",""Param #1"":""40v"",""Param #2"":""200mA"",""Param #3"":""SBD"",""Param #4"":""1"",""Rev"":""0"",""Params used"":""7"",""AIPN Occurrence"":""1"",""AIPN - OLD"":""DIO-0603-40v-200mA-SBD-1-00"",""LEN"":""27"",""Datasheet"":""https://mm.digikey.com/Volume0/opasdata/d220001/medias/docus/695/CDBU40_DS.pdf"",""RoHS Status"":""ROHS3 Compliant"",""Moisture Sensitivity Level (MSL)"":""Active"",""ECCN"":""EAR99"",""HTSUS"":""8541.10.0070"",""Country of Origin"":""Taiwan""}}]"
PMR-000101,Imported - Pending Verification,OnSemi,SS14,,DIO-SMD-40v-1A-SBD-1-00,DIODE SCHOTTKY 40V 1A DO214AC,DIO,https://www.onsemi.com/pdf/datasheet/ss19-d.pdf,AIPN Parts Master.xlsx,My Lists Worksheet,No,onsemi | ss14,103,"[{""source_row"":103,""values"":{""AIPN"":"""",""Family"":""DIO"",""Value"":""40"",""Case"":""DO-214AC"",""Image"":"""",""Description"":""DIODE SCHOTTKY 40V 1A DO214AC"",""Manufacturer Name"":""OnSemi"",""Manufacturer Part Number"":""SS14"",""Lifecycle"":""Active"",""Leadtime(WKS)"":""8"",""Case2"":""SMA"",""Case3"":""SMD"",""Case Displayed as"":""SMD"",""Param #1"":""40v"",""Param #2"":""1A"",""Param #3"":""SBD"",""Param #4"":""1"",""Rev"":""0"",""Params used"":""7"",""AIPN Occurrence"":""1"",""AIPN - OLD"":""DIO-SMD-40v-1A-SBD-1-00"",""LEN"":""23"",""Datasheet"":""https://www.onsemi.com/pdf/datasheet/ss19-d.pdf"",""RoHS Status"":""ROHS3 Compliant"",""Moisture Sensitivity Level (MSL)"":""Active"",""ECCN"":""EAR99"",""HTSUS"":""8541.10.0080"",""Country of Origin"":""China""}}]"
PMR-000102,Imported - Pending Verification,Taiwan Semi,TS4148 RCG,,DIO-0603-100mA-75v-GP-1-00,DIODE STANDARD 75V 100MA 0603,DIO,https://services.ts.com.tw/storage/resources/datasheet/TS4148%20SERIES_A2301.pdf,AIPN Parts Master.xlsx,My Lists Worksheet,No,taiwansemi | ts4148 rcg,104,"[{""source_row"":104,""values"":{""AIPN"":"""",""Family"":""DIO"",""Value"":""75"",""Case"":""0603"",""Image"":"""",""Description"":""DIODE STANDARD 75V 100MA 0603"",""Manufacturer Name"":""Taiwan Semi"",""Manufacturer Part Number"":""TS4148 RCG"",""Lifecycle"":""Active"",""Leadtime(WKS)"":""16"",""Case2"":""603"",""Case3"":""SMD"",""Case Displayed as"":""0603"",""Param #1"":""100mA"",""Param #2"":""75v"",""Param #3"":""GP"",""Param #4"":""1"",""Rev"":""0"",""Params used"":""7"",""AIPN Occurrence"":""1"",""AIPN - OLD"":""DIO-0603-100mA-75v-GP-1-00"",""LEN"":""26"",""Datasheet"":""https://services.ts.com.tw/storage/resources/datasheet/TS4148%20SERIES_A2301.pdf"",""RoHS Status"":""ROHS3 Compliant"",""Moisture Sensitivity Level (MSL)"":""Active"",""ECCN"":""EAR99"",""HTSUS"":""8541.10.0070"",""Country of Origin"":""Taiwan""}}]"
PMR-000103,Imported - Pending Verification,onsemi,MMSD914T1G,,DIO-SMD-200mA-100v-00,DIODE STANDARD 100V 200MA SOD123,DIO,https://www.onsemi.com/pdf/datasheet/mmsd914t1-d.pdf,AIPN Parts Master.xlsx,My Lists Worksheet,No,onsemi | mmsd914t1g,105,"[{""source_row"":105,""values"":{""AIPN"":"""",""Family"":""DIO"",""Value"":""100"",""Case"":""SOD-123"",""Image"":"""",""Description"":""DIODE STANDARD 100V 200MA SOD123"",""Manufacturer Name"":""onsemi"",""Manufacturer Part Number"":""MMSD914T1G"",""Lifecycle"":""Active"",""Leadtime(WKS)"":""44"",""Case2"":""SOD-123"",""Case3"":""SMD"",""Case Displayed as"":""SMD"",""Param #1"":""200mA"",""Param #2"":""100v"",""Param #3"":"""",""Param #4"":"""",""Rev"":""0"",""Params used"":""5"",""AIPN Occurrence"":""1"",""AIPN - OLD"":""DIO-SMD-200mA-100v-00"",""LEN"":""21"",""Datasheet"":""https://www.onsemi.com/pdf/datasheet/mmsd914t1-d.pdf"",""RoHS Status"":""ROHS3 Compliant"",""Moisture Sensitivity Level (MSL)"":""Active"",""ECCN"":""EAR99"",""HTSUS"":""8541.10.0070"",""Country of Origin"":""China""}}]"
PMR-000104,Imported - Pending Verification,Vishay General Semiconductor - Diodes Division,MB4S-E3/80,,DIO-SMD-Bridge-400v-00,BRIDGE RECT 1P 400V 0.5A TO269AA,DIO,https://www.vishay.com/docs/88661/mb2s.pdf,AIPN Parts Master.xlsx,My Lists Worksheet,No,vishaygeneralsemiconductordiodesdivision | mb4s-e3/80,106,"[{""source_row"":106,""values"":{""AIPN"":"""",""Family"":""DIO"",""Value"":""400"",""Case"":""TO-269AA"",""Image"":"""",""Description"":""BRIDGE RECT 1P 400V 0.5A TO269AA"",""Manufacturer Name"":""Vishay General Semiconductor - Diodes Division"",""Manufacturer Part Number"":""MB4S-E3/80"",""Lifecycle"":""Active"",""Leadtime(WKS)"":""13"",""Case2"":""TO-269AA"",""Case3"":""SMD"",""Case Displayed as"":""SMD"",""Param #1"":""Bridge"",""Param #2"":""400v"",""Param #3"":"""",""Param #4"":"""",""Rev"":""0"",""Params used"":""5"",""AIPN Occurrence"":""1"",""AIPN - OLD"":""DIO-SMD-Bridge-400v-00"",""LEN"":""22"",""Datasheet"":""https://www.vishay.com/docs/88661/mb2s.pdf"",""RoHS Status"":""ROHS3 Compliant"",""Moisture Sensitivity Level (MSL)"":""Active"",""ECCN"":""EAR99"",""HTSUS"":""8541.10.0070"",""Country of Origin"":""China""}}]"
PMR-000105,Imported - Pending Verification,Würth Elektronik,742792625,,FBD-0603-120R-2A-50mR-00,FERRITE BEAD 120 OHM 0603 1LN,FBD,https://www.we-online.com/components/products/datasheet/742792625.pdf,AIPN Parts Master.xlsx,My Lists Worksheet,No,wurthelektronik | 742792625,107,"[{""source_row"":107,""values"":{""AIPN"":"""",""Family"":""FBD"",""Value"":""120"",""Case"":""0603"",""Image"":"""",""Description"":""FERRITE BEAD 120 OHM 0603 1LN"",""Manufacturer Name"":""Würth Elektronik"",""Manufacturer Part Number"":""742792625"",""Lifecycle"":""Active"",""Leadtime(WKS)"":""33"",""Case2"":""603"",""Case3"":""SMD"",""Case Displayed as"":""0603"",""Param #1"":""120R"",""Param #2"":""2A"",""Param #3"":""50mR"",""Param #4"":"""",""Rev"":""0"",""Params used"":""6"",""AIPN Occurrence"":""1"",""AIPN - OLD"":""FBD-0603-120R-2A-50mR-00"",""LEN"":""24"",""Datasheet"":""https://www.we-online.com/components/products/datasheet/742792625.pdf"",""RoHS Status"":""ROHS3 Compliant"",""Moisture Sensitivity Level (MSL)"":""Active"",""ECCN"":""EAR99"",""HTSUS"":""8548.00.0000"",""Country of Origin"":""Taiwan""}}]"
PMR-000106,Imported - Pending Verification,TDK Corporation,MPZ2012S331AT000,,FBD-0805-330R-2A5-50mR-00,FERRITE BEAD 330 OHM 0805 1LN,FBD,https://product.tdk.com/system/files/dam/doc/product/emc/emc/beads/catalog/beads_commercial_power_mpz2012_en.pdf?ref_disty=digikey,AIPN Parts Master.xlsx,My Lists Worksheet,No,tdkcorporation | mpz2012s331at000,108,"[{""source_row"":108,""values"":{""AIPN"":"""",""Family"":""FBD"",""Value"":""330"",""Case"":""0805"",""Image"":"""",""Description"":""FERRITE BEAD 330 OHM 0805 1LN"",""Manufacturer Name"":""TDK Corporation"",""Manufacturer Part Number"":""MPZ2012S331AT000"",""Lifecycle"":""Active"",""Leadtime(WKS)"":""15"",""Case2"":""805"",""Case3"":""SMD"",""Case Displayed as"":""0805"",""Param #1"":""330R"",""Param #2"":""2A5"",""Param #3"":""50mR"",""Param #4"":"""",""Rev"":""0"",""Params used"":""6"",""AIPN Occurrence"":""1"",""AIPN - OLD"":""FBD-0805-330R-2A5-50mR-00"",""LEN"":""25"",""Datasheet"":""https://product.tdk.com/system/files/dam/doc/product/emc/emc/beads/catalog/beads_commercial_power_mpz2012_en.pdf?ref_disty=digikey"",""RoHS Status"":""ROHS3 Compliant"",""Moisture Sensitivity Level (MSL)"":""Active"",""ECCN"":""EAR99"",""HTSUS"":""8548.00.0000"",""Country of Origin"":""Japan""}}]"
PMR-000107,Imported - Pending Verification,Wurth,742841160,,FBD-0402-600R-100mA-1R6-00,FERRITE BEAD 600 OHM 0402 1LN,FBD,https://www.we-online.com/components/products/datasheet/742841160.pdf,AIPN Parts Master.xlsx,My Lists Worksheet,No,wurth | 742841160,109,"[{""source_row"":109,""values"":{""AIPN"":"""",""Family"":""FBD"",""Value"":""600"",""Case"":""0402"",""Image"":"""",""Description"":""FERRITE BEAD 600 OHM 0402 1LN"",""Manufacturer Name"":""Wurth"",""Manufacturer Part Number"":""742841160"",""Lifecycle"":""Active"",""Leadtime(WKS)"":""16"",""Case2"":""402"",""Case3"":""SMD"",""Case Displayed as"":""0402"",""Param #1"":""600R"",""Param #2"":""100mA"",""Param #3"":""1R6"",""Param #4"":"""",""Rev"":""0"",""Params used"":""6"",""AIPN Occurrence"":""1"",""AIPN - OLD"":""FBD-0402-600R-100mA-1R6-00"",""LEN"":""26"",""Datasheet"":""https://www.we-online.com/components/products/datasheet/742841160.pdf"",""RoHS Status"":""ROHS3 Compliant"",""Moisture Sensitivity Level (MSL)"":""Active"",""ECCN"":""EAR99"",""HTSUS"":""8548.00.0000"",""Country of Origin"":""China""}}]"
PMR-000108,Imported - Pending Verification,OnSemi,FDMA1024NZ,,FET-SMD-NMOS-20v-5A-700mW-00,MOSFET 2N-CH 20V 5A 6MICROFET,FET,https://www.onsemi.com/pub/Collateral/FDMA1024NZ-D.PDF,AIPN Parts Master.xlsx,My Lists Worksheet,No,onsemi | fdma1024nz,110,"[{""source_row"":110,""values"":{""AIPN"":"""",""Family"":""FET"",""Value"":""20"",""Case"":""Microfet-6"",""Image"":"""",""Description"":""MOSFET 2N-CH 20V 5A 6MICROFET"",""Manufacturer Name"":""OnSemi"",""Manufacturer Part Number"":""FDMA1024NZ"",""Lifecycle"":""Active"",""Leadtime(WKS)"":""52"",""Case2"":""VDFN-6"",""Case3"":""SMD"",""Case Displayed as"":""SMD"",""Param #1"":""NMOS"",""Param #2"":""20v"",""Param #3"":""5A"",""Param #4"":""700mW"",""Rev"":""0"",""Params used"":""7"",""AIPN Occurrence"":""1"",""AIPN - OLD"":""FET-SMD-NMOS-20v-5A-700mW-00"",""LEN"":""28"",""Datasheet"":""https://www.onsemi.com/pub/Collateral/FDMA1024NZ-D.PDF"",""RoHS Status"":""ROHS3 Compliant"",""Moisture Sensitivity Level (MSL)"":""Active"",""ECCN"":""EAR99"",""HTSUS"":""8541.21.0095"",""Country of Origin"":""Thailand""}}]"
PMR-000109,Imported - Pending Verification,Nexperia,PMV65XPVL,,FET-SMD-PMOS-20v-2.8A-480mW-00,MOSFET P-CH 20V 2.8A TO236AB,FET,https://assets.nexperia.com/documents/data-sheet/PMV65XP.pdf,AIPN Parts Master.xlsx,My Lists Worksheet,No,nexperia | pmv65xpvl,111,"[{""source_row"":111,""values"":{""AIPN"":"""",""Family"":""FET"",""Value"":""20"",""Case"":""TO-236AB"",""Image"":"""",""Description"":""MOSFET P-CH 20V 2.8A TO236AB"",""Manufacturer Name"":""Nexperia"",""Manufacturer Part Number"":""PMV65XPVL"",""Lifecycle"":""Active"",""Leadtime(WKS)"":""30"",""Case2"":""SOT-23-3"",""Case3"":""SMD"",""Case Displayed as"":""SMD"",""Param #1"":""PMOS"",""Param #2"":""20v"",""Param #3"":""2.8A"",""Param #4"":""480mW"",""Rev"":""0"",""Params used"":""7"",""AIPN Occurrence"":""1"",""AIPN - OLD"":""FET-SMD-PMOS-20v-2.8A-480mW-00"",""LEN"":""30"",""Datasheet"":""https://assets.nexperia.com/documents/data-sheet/PMV65XP.pdf"",""RoHS Status"":""ROHS3 Compliant"",""Moisture Sensitivity Level (MSL)"":""Active"",""ECCN"":""EAR99"",""HTSUS"":""8541.21.0095"",""Country of Origin"":""China""}}]"
PMR-000110,Imported - Pending Verification,OnSemi,FDN340P,,FET-SMD-Pch-20v-2A-500mW-00,MOSFET P-CH 20V 2A SUPERSOT3,FET,https://www.onsemi.com/pdf/datasheet/fdn340p-d.pdf,AIPN Parts Master.xlsx,My Lists Worksheet,No,onsemi | fdn340p,112,"[{""source_row"":112,""values"":{""AIPN"":"""",""Family"":""FET"",""Value"":""20"",""Case"":"""",""Image"":"""",""Description"":""MOSFET P-CH 20V 2A SUPERSOT3"",""Manufacturer Name"":""OnSemi"",""Manufacturer Part Number"":""FDN340P"",""Lifecycle"":""Active"",""Leadtime(WKS)"":""30"",""Case2"":""SOT-23-3"",""Case3"":""SMD"",""Case Displayed as"":""SMD"",""Param #1"":""Pch"",""Param #2"":""20v"",""Param #3"":""2A"",""Param #4"":""500mW"",""Rev"":""0"",""Params used"":""7"",""AIPN Occurrence"":""1"",""AIPN - OLD"":""FET-SMD-Pch-20v-2A-500mW-00"",""LEN"":""27"",""Datasheet"":""https://www.onsemi.com/pdf/datasheet/fdn340p-d.pdf"",""RoHS Status"":""ROHS3 Compliant"",""Moisture Sensitivity Level (MSL)"":""Active"",""ECCN"":""EAR99"",""HTSUS"":""8541.21.0095"",""Country of Origin"":""Malaysia""}}]"
PMR-000111,Imported - Pending Verification,OnSemi,2N7002,,FET-SMD-Nch-60v-115mA-200mW-00,MOSFET N-CH 60V 280MA SOT23-3,FET,https://diotec.com/request/datasheet/2n7002.pdf,AIPN Parts Master.xlsx,My Lists Worksheet,No,onsemi | 2n7002,113,"[{""source_row"":113,""values"":{""AIPN"":"""",""Family"":""FET"",""Value"":""60"",""Case"":""SOT-23-3"",""Image"":"""",""Description"":""MOSFET N-CH 60V 280MA SOT23-3"",""Manufacturer Name"":""OnSemi"",""Manufacturer Part Number"":""2N7002"",""Lifecycle"":""Active"",""Leadtime(WKS)"":""10"",""Case2"":""SOT-23-3"",""Case3"":""SMD"",""Case Displayed as"":""SMD"",""Param #1"":""Nch"",""Param #2"":""60v"",""Param #3"":""115mA"",""Param #4"":""200mW"",""Rev"":""0"",""Params used"":""7"",""AIPN Occurrence"":""1"",""AIPN - OLD"":""FET-SMD-Nch-60v-115mA-200mW-00"",""LEN"":""30"",""Datasheet"":""https://diotec.com/request/datasheet/2n7002.pdf"",""RoHS Status"":""ROHS3 Compliant"",""Moisture Sensitivity Level (MSL)"":""Active"",""ECCN"":""EAR99"",""HTSUS"":""8541.21.0095"",""Country of Origin"":""China""}}]"
PMR-000112,Imported - Pending Verification,Bel Fuse Inc.,0ZAF0005FF28,,FUS-2920-PTC-50mA-240v-00,"Polymeric PTC Resettable Fuse 240V (250V Int) 50 mA Ih Surface Mount 2920 (7351 Metric), Concave",FUS,https://belfuse.com/media/datasheets/products/circuit-protection/ds-CP-0ZAF-series.pdf,AIPN Parts Master.xlsx,My Lists Worksheet,No,belfuseinc | 0zaf0005ff28,114,"[{""source_row"":114,""values"":{""AIPN"":"""",""Family"":""FUS"",""Value"":""0.05"",""Case"":""2920"",""Image"":"""",""Description"":""Polymeric PTC Resettable Fuse 240V (250V Int) 50 mA Ih Surface Mount 2920 (7351 Metric), Concave"",""Manufacturer Name"":""Bel Fuse Inc."",""Manufacturer Part Number"":""0ZAF0005FF28"",""Lifecycle"":""Active"",""Leadtime(WKS)"":""13"",""Case2"":""2920"",""Case3"":""SMD"",""Case Displayed as"":""2920"",""Param #1"":""PTC"",""Param #2"":""50mA"",""Param #3"":""240v"",""Param #4"":"""",""Rev"":""0"",""Params used"":""6"",""AIPN Occurrence"":""1"",""AIPN - OLD"":""FUS-2920-PTC-50mA-240v-00"",""LEN"":""25"",""Datasheet"":""https://belfuse.com/media/datasheets/products/circuit-protection/ds-CP-0ZAF-series.pdf"",""RoHS Status"":""ROHS3 Compliant"",""Moisture Sensitivity Level (MSL)"":""Active"",""ECCN"":""EAR99"",""HTSUS"":""8533.40.8070"",""Country of Origin"":""Taiwan""}}]"
PMR-000113,Imported - Pending Verification,Littelfuse Inc.,1206L110YR,,FUS-1206-Poly-6v-1A1-00,"FUSE, RESETTABLE, 1206L SERIES, PTC 8V POLYFUSE SMD THIN ,1.1A",FUS,,AIPN Parts Master.xlsx,My Lists Worksheet,No,littelfuseinc | 1206l110yr,115,"[{""source_row"":115,""values"":{""AIPN"":"""",""Family"":""FUS"",""Value"":""1.1000000000000001"",""Case"":""1206L"",""Image"":"""",""Description"":""FUSE, RESETTABLE, 1206L SERIES, PTC 8V POLYFUSE SMD THIN ,1.1A"",""Manufacturer Name"":""Littelfuse Inc."",""Manufacturer Part Number"":""1206L110YR"",""Lifecycle"":"""",""Leadtime(WKS)"":"""",""Case2"":""1206"",""Case3"":"""",""Case Displayed as"":""1206"",""Param #1"":""Poly"",""Param #2"":""6v"",""Param #3"":""1A1"",""Param #4"":"""",""Rev"":""0"",""Params used"":""6"",""AIPN Occurrence"":""1"",""AIPN - OLD"":""FUS-1206-Poly-6v-1A1-00"",""LEN"":""23"",""Datasheet"":"""",""RoHS Status"":"""",""Moisture Sensitivity Level (MSL)"":"""",""ECCN"":"""",""HTSUS"":"""",""Country of Origin"":""""}}]"
PMR-000114,Imported - Pending Verification,Littelfuse Inc.,36912000000,,FUS-P5.08-Rad-T-2A-300vac-00,FUSE BOARD MNT 2A 300VAC RADIAL,FUS,https://www.littelfuse.com/assetdocs/fuse-369-datasheet?assetguid=2d4d6025-892d-4199-9612-78de96bc2dfe,AIPN Parts Master.xlsx,My Lists Worksheet,No,littelfuseinc | 36912000000,116,"[{""source_row"":116,""values"":{""AIPN"":"""",""Family"":""FUS"",""Value"":""2"",""Case"":"""",""Image"":"""",""Description"":""FUSE BOARD MNT 2A 300VAC RADIAL"",""Manufacturer Name"":""Littelfuse Inc."",""Manufacturer Part Number"":""36912000000"",""Lifecycle"":""Active"",""Leadtime(WKS)"":""19"",""Case2"":""THT-5.08"",""Case3"":""P5.08"",""Case Displayed as"":""P5.08"",""Param #1"":""Rad"",""Param #2"":""T"",""Param #3"":""2A"",""Param #4"":""300vac"",""Rev"":""0"",""Params used"":""7"",""AIPN Occurrence"":""1"",""AIPN - OLD"":""FUS-P5.08-Rad-T-2A-300vac-00"",""LEN"":""28"",""Datasheet"":""https://www.littelfuse.com/assetdocs/fuse-369-datasheet?assetguid=2d4d6025-892d-4199-9612-78de96bc2dfe"",""RoHS Status"":""ROHS3 Compliant"",""Moisture Sensitivity Level (MSL)"":""Active"",""ECCN"":""EAR99"",""HTSUS"":""8536.10.0040"",""Country of Origin"":""Philippines""}}]"
PMR-000115,Imported - Pending Verification,Bourns Inc.,MF-MSMF250/16X-2,,FUS-1812-PTC-2A5-16v-00,PTC RESET FUSE 16V 2.5A 1812,FUS,https://www.bourns.com/docs/product-datasheets/mf-msmf.pdf,AIPN Parts Master.xlsx,My Lists Worksheet,No,bournsinc | mf-msmf250/16x-2,117,"[{""source_row"":117,""values"":{""AIPN"":"""",""Family"":""FUS"",""Value"":""2.5"",""Case"":""1812"",""Image"":"""",""Description"":""PTC RESET FUSE 16V 2.5A 1812"",""Manufacturer Name"":""Bourns Inc."",""Manufacturer Part Number"":""MF-MSMF250/16X-2"",""Lifecycle"":""Active"",""Leadtime(WKS)"":""14"",""Case2"":""1812"",""Case3"":""SMD"",""Case Displayed as"":""1812"",""Param #1"":""PTC"",""Param #2"":""2A5"",""Param #3"":""16v"",""Param #4"":"""",""Rev"":""0"",""Params used"":""6"",""AIPN Occurrence"":""1"",""AIPN - OLD"":""FUS-1812-PTC-2A5-16v-00"",""LEN"":""23"",""Datasheet"":""https://www.bourns.com/docs/product-datasheets/mf-msmf.pdf"",""RoHS Status"":""ROHS3 Compliant"",""Moisture Sensitivity Level (MSL)"":""Active"",""ECCN"":""EAR99"",""HTSUS"":""8533.40.8070"",""Country of Origin"":""China""}}]"
PMR-000116,Imported - Pending Verification,Bel Fuse Inc.,0683G5000-01,,FUS-4818-Cer-5A-350vac-00,FUSE CERM 5A 350VAC 125VDC 2SMD,FUS,https://belfuse.com/media/datasheets/products/circuit-protection/ds-CP-0683G-series.pdf,AIPN Parts Master.xlsx,My Lists Worksheet,No,belfuseinc | 0683g5000-01,118,"[{""source_row"":118,""values"":{""AIPN"":"""",""Family"":""FUS"",""Value"":""5"",""Case"":"""",""Image"":"""",""Description"":""FUSE CERM 5A 350VAC 125VDC 2SMD"",""Manufacturer Name"":""Bel Fuse Inc."",""Manufacturer Part Number"":""0683G5000-01"",""Lifecycle"":""Active"",""Leadtime(WKS)"":""10"",""Case2"":""4818"",""Case3"":""SMD"",""Case Displayed as"":""4818"",""Param #1"":""Cer"",""Param #2"":""5A"",""Param #3"":""350vac"",""Param #4"":"""",""Rev"":""0"",""Params used"":""6"",""AIPN Occurrence"":""1"",""AIPN - OLD"":""FUS-4818-Cer-5A-350vac-00"",""LEN"":""25"",""Datasheet"":""https://belfuse.com/media/datasheets/products/circuit-protection/ds-CP-0683G-series.pdf"",""RoHS Status"":""ROHS3 Compliant"",""Moisture Sensitivity Level (MSL)"":""Active"",""ECCN"":""EAR99"",""HTSUS"":""8536.10.0040"",""Country of Origin"":""China""}}]"
PMR-000117,Imported - Pending Verification,TI,ADPL62083UR30O+T,,,"3-PIN, SOT, LOW-POWER SUPERVISOR",ICS,https://www.analog.com/media/en/technical-documentation/data-sheets/adpl62083.pdf,AIPN Parts Master.xlsx,My Lists Worksheet,No,ti | adpl62083ur30o+t,119,"[{""source_row"":119,""values"":{""AIPN"":"""",""Family"":""ICS"",""Value"":""3"",""Case"":""SOT-23-3"",""Image"":"""",""Description"":""3-PIN, SOT, LOW-POWER SUPERVISOR"",""Manufacturer Name"":""TI"",""Manufacturer Part Number"":""ADPL62083UR30O+T"",""Lifecycle"":""Active"",""Leadtime(WKS)"":""10"",""Case2"":"""",""Case3"":"""",""Case Displayed as"":"""",""Param #1"":"""",""Param #2"":"""",""Param #3"":"""",""Param #4"":"""",""Rev"":""0"",""Params used"":""2"",""AIPN Occurrence"":""30"",""AIPN - OLD"":"""",""LEN"":""5"",""Datasheet"":""https://www.analog.com/media/en/technical-documentation/data-sheets/adpl62083.pdf"",""RoHS Status"":""ROHS3 Compliant"",""Moisture Sensitivity Level (MSL)"":""Active"",""ECCN"":""EAR99"",""HTSUS"":""8542.39.0090"",""Country of Origin"":""Thailand""}}]"
PMR-000118,Imported - Pending Verification,Microchip Technology,MCP121T-315E/TT,,ICS-SuperV-3v08-1ch-1-00,IC SUPERVISOR 1 CHANNEL SOT23-3,ICS,https://ww1.microchip.com/downloads/en/DeviceDoc/20001906D.pdf,AIPN Parts Master.xlsx,My Lists Worksheet,No,microchiptechnology | mcp121t-315e/tt,120,"[{""source_row"":120,""values"":{""AIPN"":"""",""Family"":""ICS"",""Value"":"""",""Case"":""SOT-23-3"",""Image"":"""",""Description"":""IC SUPERVISOR 1 CHANNEL SOT23-3"",""Manufacturer Name"":""Microchip Technology"",""Manufacturer Part Number"":""MCP121T-315E/TT"",""Lifecycle"":""Active"",""Leadtime(WKS)"":""5"",""Case2"":""SOT-23-3"",""Case3"":""SMD"",""Case Displayed as"":""SMD"",""Param #1"":""SuperV"",""Param #2"":""3v08"",""Param #3"":""1ch"",""Param #4"":""1"",""Rev"":""0"",""Params used"":""7"",""AIPN Occurrence"":""1"",""AIPN - OLD"":""ICS-SuperV-3v08-1ch-1-00"",""LEN"":""24"",""Datasheet"":""https://ww1.microchip.com/downloads/en/DeviceDoc/20001906D.pdf"",""RoHS Status"":""ROHS3 Compliant"",""Moisture Sensitivity Level (MSL)"":""Active"",""ECCN"":""EAR99"",""HTSUS"":""8542.39.0090"",""Country of Origin"":""Thailand""}}]"
PMR-000119,Imported - Pending Verification,Maxim,MAX17048G+T10,,ICS-Batt-Mon-LiIon-1c-1-00,IC BATT MON LI-ION 1CELL 8TDFN,ICS,https://www.analog.com/media/en/technical-documentation/data-sheets/MAX17048-MAX17049.pdf,AIPN Parts Master.xlsx,My Lists Worksheet,No,maxim | max17048g+t10,121,"[{""source_row"":121,""values"":{""AIPN"":"""",""Family"":""ICS"",""Value"":"""",""Case"":""TDFN-8"",""Image"":"""",""Description"":""IC BATT MON LI-ION 1CELL 8TDFN"",""Manufacturer Name"":""Maxim"",""Manufacturer Part Number"":""MAX17048G+T10"",""Lifecycle"":""Active"",""Leadtime(WKS)"":""22"",""Case2"":""TDFN-8"",""Case3"":""SMD"",""Case Displayed as"":""SMD"",""Param #1"":""Batt-Mon"",""Param #2"":""LiIon"",""Param #3"":""1c"",""Param #4"":""1"",""Rev"":""0"",""Params used"":""7"",""AIPN Occurrence"":""1"",""AIPN - OLD"":""ICS-Batt-Mon-LiIon-1c-1-00"",""LEN"":""26"",""Datasheet"":""https://www.analog.com/media/en/technical-documentation/data-sheets/MAX17048-MAX17049.pdf"",""RoHS Status"":""ROHS3 Compliant"",""Moisture Sensitivity Level (MSL)"":""Active"",""ECCN"":""EAR99"",""HTSUS"":""8542.39.0070"",""Country of Origin"":""Thailand""}}]"
PMR-000120,Imported - Pending Verification,Analog Devices Inc.,LTC4412ES6#TRMPBF,,ICS-OR_Ctrl-Pch-2to1-1-00,IC OR CTRLR SRC SELECT TSOT23-6,ICS,https://www.analog.com/media/en/technical-documentation/data-sheets/ltc4412.pdf,AIPN Parts Master.xlsx,My Lists Worksheet,No,analogdevicesinc | ltc4412es6#trmpbf,122,"[{""source_row"":122,""values"":{""AIPN"":"""",""Family"":""ICS"",""Value"":"""",""Case"":""TSOT-23-6"",""Image"":"""",""Description"":""IC OR CTRLR SRC SELECT TSOT23-6"",""Manufacturer Name"":""Analog Devices Inc."",""Manufacturer Part Number"":""LTC4412ES6#TRMPBF"",""Lifecycle"":""Active"",""Leadtime(WKS)"":""10"",""Case2"":""TDSOT-23-6"",""Case3"":""SMD"",""Case Displayed as"":""SMD"",""Param #1"":""OR_Ctrl"",""Param #2"":""P-Ch"",""Param #3"":""2to1"",""Param #4"":""1"",""Rev"":""0"",""Params used"":""7"",""AIPN Occurrence"":""1"",""AIPN - OLD"":""ICS-OR_Ctrl-Pch-2to1-1-00"",""LEN"":""25"",""Datasheet"":""https://www.analog.com/media/en/technical-documentation/data-sheets/ltc4412.pdf"",""RoHS Status"":""ROHS3 Compliant"",""Moisture Sensitivity Level (MSL)"":""Active"",""ECCN"":""EAR99"",""HTSUS"":""8542.39.0070"",""Country of Origin"":""Malaysia""}}]"
PMR-000121,Imported - Pending Verification,Nexperia,TXB0104QRUTRQ1,,ICS-SMD-LVLT-Bdir-4ch-00,IC XLTR VL BIDIR 12-UQFN,ICS,https://www.ti.com/general/docs/suppproductinfo.tsp?distId=10&gotoUrl=https%3A%2F%2Fwww.ti.com%2Flit%2Fgpn%2Ftxb0104-q1,AIPN Parts Master.xlsx,My Lists Worksheet,No,nexperia | txb0104qrutrq1,123,"[{""source_row"":123,""values"":{""AIPN"":"""",""Family"":""ICS"",""Value"":"""",""Case"":""UQFN-12"",""Image"":"""",""Description"":""IC XLTR VL BIDIR 12-UQFN"",""Manufacturer Name"":""Nexperia"",""Manufacturer Part Number"":""TXB0104QRUTRQ1"",""Lifecycle"":""Active"",""Leadtime(WKS)"":""16"",""Case2"":""UQFN-12"",""Case3"":""SMD"",""Case Displayed as"":""SMD"",""Param #1"":""LVLT"",""Param #2"":""Bdir"",""Param #3"":""4ch"",""Param #4"":"""",""Rev"":""0"",""Params used"":""6"",""AIPN Occurrence"":""1"",""AIPN - OLD"":""ICS-SMD-LVLT-Bdir-4ch-00"",""LEN"":""24"",""Datasheet"":""https://www.ti.com/general/docs/suppproductinfo.tsp?distId=10&gotoUrl=https%3A%2F%2Fwww.ti.com%2Flit%2Fgpn%2Ftxb0104-q1"",""RoHS Status"":""ROHS3 Compliant"",""Moisture Sensitivity Level (MSL)"":""Active"",""ECCN"":""EAR99"",""HTSUS"":""8542.39.0070"",""Country of Origin"":""Germany""}}]"
PMR-000122,Imported - Pending Verification,TI,TPS22965DSGR,,ICS-PwrSwi-NCh-6A-1-00,IC PWR SWITCH N-CHAN 1:1 8WSON,ICS,https://www.ti.com/lit/ds/symlink/tps22965.pdf,AIPN Parts Master.xlsx,My Lists Worksheet,No,ti | tps22965dsgr,124,"[{""source_row"":124,""values"":{""AIPN"":"""",""Family"":""ICS"",""Value"":"""",""Case"":""WSON-8"",""Image"":"""",""Description"":""IC PWR SWITCH N-CHAN 1:1 8WSON"",""Manufacturer Name"":""TI"",""Manufacturer Part Number"":""TPS22965DSGR"",""Lifecycle"":""Active"",""Leadtime(WKS)"":""9"",""Case2"":""WSON-8"",""Case3"":""PwrSwi"",""Case Displayed as"":""PwrSwi"",""Param #1"":""NCh"",""Param #2"":""6A"",""Param #3"":""1"",""Param #4"":"""",""Rev"":""0"",""Params used"":""6"",""AIPN Occurrence"":""1"",""AIPN - OLD"":""ICS-PwrSwi-NCh-6A-1-00"",""LEN"":""22"",""Datasheet"":""https://www.ti.com/lit/ds/symlink/tps22965.pdf"",""RoHS Status"":""ROHS3 Compliant"",""Moisture Sensitivity Level (MSL)"":""Active"",""ECCN"":""EAR99"",""HTSUS"":""8542.39.0090"",""Country of Origin"":""United States""}}]"
PMR-000123,Imported - Pending Verification,OnSemi,CM1624-08DE,,ICS-RLC-3ord-LP-400r-20n-12p-1-00,FILTER RLC 40 OHMS /20NH ESD SMD,ICS,https://www.onsemi.com/pub/Collateral/CM1624-D.PDF,AIPN Parts Master.xlsx,My Lists Worksheet,No,onsemi | cm1624-08de,125,"[{""source_row"":125,""values"":{""AIPN"":"""",""Family"":""ICS"",""Value"":"""",""Case"":"""",""Image"":"""",""Description"":""FILTER RLC 40 OHMS /20NH ESD SMD"",""Manufacturer Name"":""OnSemi"",""Manufacturer Part Number"":""CM1624-08DE"",""Lifecycle"":""Obsolete"",""Leadtime(WKS)"":""24"",""Case2"":""UFDFN-16"",""Case3"":""SMD"",""Case Displayed as"":""SMD"",""Param #1"":""RLC"",""Param #2"":""400r-20n-12p"",""Param #3"":""1"",""Param #4"":"""",""Rev"":""0"",""Params used"":""6"",""AIPN Occurrence"":""1"",""AIPN - OLD"":""ICS-RLC-3ord-LP-400r-20n-12p-1-00"",""LEN"":""33"",""Datasheet"":""https://www.onsemi.com/pub/Collateral/CM1624-D.PDF"",""RoHS Status"":""ROHS3 Compliant"",""Moisture Sensitivity Level (MSL)"":""Obsolete"",""ECCN"":""EAR99"",""HTSUS"":""8548.00.0000"",""Country of Origin"":""Malaysia""}}]"
PMR-000124,Imported - Pending Verification,TI,OPA4391PWR,,ICS-SMD-OpAmp-4-Ch-00,"QUAD, MICROPOWER, HIGH SPEED-TO- | Standard (General Purpose) Amplifier 4 Circuit Push-Pull, Rail-to-Rail 14-TSSOP",ICS | OPA,https://www.ti.com/lit/ds/symlink/opa391.pdf,AIPN Parts Master.xlsx,My Lists Worksheet,Yes,ti | opa4391pwr,"126, 157","[{""source_row"":126,""values"":{""AIPN"":"""",""Family"":""ICS"",""Value"":"""",""Case"":"""",""Image"":"""",""Description"":""QUAD, MICROPOWER, HIGH SPEED-TO-"",""Manufacturer Name"":""TI"",""Manufacturer Part Number"":""OPA4391PWR"",""Lifecycle"":""Active"",""Leadtime(WKS)"":""16"",""Case2"":""TSSOP-14"",""Case3"":""SMD"",""Case Displayed as"":""SMD"",""Param #1"":""OpAmp"",""Param #2"":""4-Ch"",""Param #3"":"""",""Param #4"":"""",""Rev"":""0"",""Params used"":""5"",""AIPN Occurrence"":""1"",""AIPN - OLD"":""ICS-SMD-OpAmp-4-Ch-00"",""LEN"":""21"",""Datasheet"":""https://www.ti.com/lit/ds/symlink/opa391.pdf"",""RoHS Status"":""ROHS3 Compliant"",""Moisture Sensitivity Level (MSL)"":""Active"",""ECCN"":""EAR99"",""HTSUS"":""8542.33.0001"",""Country of Origin"":""Malaysia""}},{""source_row"":157,""values"":{""AIPN"":"""",""Family"":""OPA"",""Value"":"""",""Case"":""TSSOP-14"",""Image"":"""",""Description"":""Standard (General Purpose) Amplifier 4 Circuit Push-Pull, Rail-to-Rail 14-TSSOP"",""Manufacturer Name"":""TI"",""Manufacturer Part Number"":""OPA4391PWR"",""Lifecycle"":""Active"",""Leadtime(WKS)"":""16"",""Case2"":"""",""Case3"":"""",""Case Displayed as"":"""",""Param #1"":"""",""Param #2"":"""",""Param #3"":"""",""Param #4"":"""",""Rev"":""0"",""Params used"":""2"",""AIPN Occurrence"":""30"",""AIPN - OLD"":"""",""LEN"":""5"",""Datasheet"":""https://www.ti.com/lit/ds/symlink/opa391.pdf"",""RoHS Status"":""ROHS3 Compliant"",""Moisture Sensitivity Level (MSL)"":""Active"",""ECCN"":""EAR99"",""HTSUS"":""8542.33.0001"",""Country of Origin"":""Malaysia""}}]"
PMR-000125,Imported - Pending Verification,Microchip Technology,MCP2515T-I/ML,,ICS-CAN-Ctrl-SPI-3-00,IC CAN CTLR W/SPI 2.0B 20-QFN,ICT,https://ww1.microchip.com/downloads/en/DeviceDoc/MCP2515-Stand-Alone-CAN-Controller-with-SPI-20001801J.pdf,AIPN Parts Master.xlsx,My Lists Worksheet,No,microchiptechnology | mcp2515t-i/ml,127,"[{""source_row"":127,""values"":{""AIPN"":"""",""Family"":""ICT"",""Value"":"""",""Case"":""QFN-20"",""Image"":"""",""Description"":""IC CAN CTLR W/SPI 2.0B 20-QFN"",""Manufacturer Name"":""Microchip Technology"",""Manufacturer Part Number"":""MCP2515T-I/ML"",""Lifecycle"":""Active"",""Leadtime(WKS)"":""4"",""Case2"":""QFN-20"",""Case3"":""SMD"",""Case Displayed as"":""SMD"",""Param #1"":""CAN"",""Param #2"":""Ctrl"",""Param #3"":""SPI"",""Param #4"":""3"",""Rev"":""0"",""Params used"":""7"",""AIPN Occurrence"":""1"",""AIPN - OLD"":""ICS-CAN-Ctrl-SPI-3-00"",""LEN"":""21"",""Datasheet"":""https://ww1.microchip.com/downloads/en/DeviceDoc/MCP2515-Stand-Alone-CAN-Controller-with-SPI-20001801J.pdf"",""RoHS Status"":""ROHS3 Compliant"",""Moisture Sensitivity Level (MSL)"":""Active"",""ECCN"":""EAR99"",""HTSUS"":""8542.39.0070"",""Country of Origin"":""Thailand""}}]"
PMR-000126,Imported - Pending Verification,Microchip Technology,MCP2515-I/SO,,ICS-CAN-Ctrl-SPI-1-00,IC CAN CONTROLLER W/SPI 18SOIC,ICT,https://ww1.microchip.com/downloads/en/DeviceDoc/MCP2515-Stand-Alone-CAN-Controller-with-SPI-20001801J.pdf,AIPN Parts Master.xlsx,My Lists Worksheet,No,microchiptechnology | mcp2515-i/so,128,"[{""source_row"":128,""values"":{""AIPN"":"""",""Family"":""ICT"",""Value"":"""",""Case"":""SOIC-18"",""Image"":"""",""Description"":""IC CAN CONTROLLER W/SPI 18SOIC"",""Manufacturer Name"":""Microchip Technology"",""Manufacturer Part Number"":""MCP2515-I/SO"",""Lifecycle"":""Active"",""Leadtime(WKS)"":""7"",""Case2"":""SOIC-18"",""Case3"":""SMD"",""Case Displayed as"":""SMD"",""Param #1"":""CAN"",""Param #2"":""Ctrl"",""Param #3"":""SPI"",""Param #4"":""1"",""Rev"":""0"",""Params used"":""7"",""AIPN Occurrence"":""1"",""AIPN - OLD"":""ICS-CAN-Ctrl-SPI-1-00"",""LEN"":""21"",""Datasheet"":""https://ww1.microchip.com/downloads/en/DeviceDoc/MCP2515-Stand-Alone-CAN-Controller-with-SPI-20001801J.pdf"",""RoHS Status"":""ROHS3 Compliant"",""Moisture Sensitivity Level (MSL)"":""Active"",""ECCN"":""EAR99"",""HTSUS"":""8542.31.0030"",""Country of Origin"":""Thailand""}}]"
PMR-000127,Imported - Pending Verification,Microchip Technology,MCP2561T-E/SN,,ICS-CAN-Trans-00,IC TRANSCEIVER HALF 1/1 8SOIC,ICT,https://ww1.microchip.com/downloads/en/DeviceDoc/20005167C.pdf,AIPN Parts Master.xlsx,My Lists Worksheet,No,microchiptechnology | mcp2561t-e/sn,129,"[{""source_row"":129,""values"":{""AIPN"":"""",""Family"":""ICT"",""Value"":"""",""Case"":""SOIC-8"",""Image"":"""",""Description"":""IC TRANSCEIVER HALF 1/1 8SOIC"",""Manufacturer Name"":""Microchip Technology"",""Manufacturer Part Number"":""MCP2561T-E/SN"",""Lifecycle"":""Active"",""Leadtime(WKS)"":""4"",""Case2"":""SOIC-8"",""Case3"":""SMD"",""Case Displayed as"":""SMD"",""Param #1"":""CAN"",""Param #2"":""Trans"",""Param #3"":"""",""Param #4"":"""",""Rev"":""0"",""Params used"":""5"",""AIPN Occurrence"":""1"",""AIPN - OLD"":""ICS-CAN-Trans-00"",""LEN"":""16"",""Datasheet"":""https://ww1.microchip.com/downloads/en/DeviceDoc/20005167C.pdf"",""RoHS Status"":""ROHS3 Compliant"",""Moisture Sensitivity Level (MSL)"":""Active"",""ECCN"":""EAR99"",""HTSUS"":""8542.39.0090"",""Country of Origin"":""Thailand""}}]"
PMR-000128,Imported - Pending Verification,Texas Instruments,LM311DR,,ICS-Comp-1ch-1-00,"Comparator Standard (General Purpose) MOS, Open-Collector, Open-Emitter, TTL 8-SOIC",ICT,,AIPN Parts Master.xlsx,My Lists Worksheet,No,texasinstruments | lm311dr,130,"[{""source_row"":130,""values"":{""AIPN"":"""",""Family"":""ICT"",""Value"":"""",""Case"":""SOIC-8"",""Image"":"""",""Description"":""Comparator Standard (General Purpose) MOS, Open-Collector, Open-Emitter, TTL 8-SOIC"",""Manufacturer Name"":""Texas Instruments"",""Manufacturer Part Number"":""LM311DR"",""Lifecycle"":"""",""Leadtime(WKS)"":"""",""Case2"":""SOIC-8"",""Case3"":""SMD"",""Case Displayed as"":""SMD"",""Param #1"":""Comp"",""Param #2"":""1ch"",""Param #3"":""1"",""Param #4"":"""",""Rev"":""0"",""Params used"":""6"",""AIPN Occurrence"":""1"",""AIPN - OLD"":""ICS-Comp-1ch-1-00"",""LEN"":""17"",""Datasheet"":"""",""RoHS Status"":"""",""Moisture Sensitivity Level (MSL)"":"""",""ECCN"":"""",""HTSUS"":"""",""Country of Origin"":""""}}]"
PMR-000129,Imported - Pending Verification,Texas Instruments,LM2903BIDR,,ICS-Comp-2ch-1-00,IC COMPARATOR 2CH 8-SOIC,ICT,https://www.ti.com/general/docs/suppproductinfo.tsp?distId=10&gotoUrl=https%3A%2F%2Fwww.ti.com%2Flit%2Fgpn%2Flm2903,AIPN Parts Master.xlsx,My Lists Worksheet,No,texasinstruments | lm2903bidr,131,"[{""source_row"":131,""values"":{""AIPN"":"""",""Family"":""ICT"",""Value"":"""",""Case"":""SOIC-8"",""Image"":"""",""Description"":""IC COMPARATOR 2CH 8-SOIC"",""Manufacturer Name"":""Texas Instruments"",""Manufacturer Part Number"":""LM2903BIDR"",""Lifecycle"":""Active"",""Leadtime(WKS)"":""9"",""Case2"":""SOIC-8"",""Case3"":""SMD"",""Case Displayed as"":""SMD"",""Param #1"":""Comp"",""Param #2"":""2ch"",""Param #3"":""1"",""Param #4"":"""",""Rev"":""0"",""Params used"":""6"",""AIPN Occurrence"":""1"",""AIPN - OLD"":""ICS-Comp-2ch-1-00"",""LEN"":""17"",""Datasheet"":""https://www.ti.com/general/docs/suppproductinfo.tsp?distId=10&gotoUrl=https%3A%2F%2Fwww.ti.com%2Flit%2Fgpn%2Flm2903"",""RoHS Status"":""ROHS3 Compliant"",""Moisture Sensitivity Level (MSL)"":""Active"",""ECCN"":""EAR99"",""HTSUS"":""8542.39.0090"",""Country of Origin"":""China""}}]"
PMR-000130,Imported - Pending Verification,Allegro MicroSystems,ACS71240LLCBTR-010B3,,ICS-Curr-sense-10A-00,CURRENT SENSOR HE/OL 10A 8-SOIC,ICT,https://www.allegromicro.com/~/media/files/datasheets/acs71240-datasheet.pdf,AIPN Parts Master.xlsx,My Lists Worksheet,No,allegromicrosystems | acs71240llcbtr-010b3,132,"[{""source_row"":132,""values"":{""AIPN"":"""",""Family"":""ICT"",""Value"":"""",""Case"":""SOIC-8"",""Image"":"""",""Description"":""CURRENT SENSOR HE/OL 10A 8-SOIC"",""Manufacturer Name"":""Allegro MicroSystems"",""Manufacturer Part Number"":""ACS71240LLCBTR-010B3"",""Lifecycle"":""Active"",""Leadtime(WKS)"":""36"",""Case2"":""SOIC-8"",""Case3"":""SMD"",""Case Displayed as"":""SMD"",""Param #1"":""Isense"",""Param #2"":""10A"",""Param #3"":"""",""Param #4"":"""",""Rev"":""0"",""Params used"":""5"",""AIPN Occurrence"":""1"",""AIPN - OLD"":""ICS-Curr-sense-10A-00"",""LEN"":""21"",""Datasheet"":""https://www.allegromicro.com/~/media/files/datasheets/acs71240-datasheet.pdf"",""RoHS Status"":""ROHS3 Compliant"",""Moisture Sensitivity Level (MSL)"":""Active"",""ECCN"":""EAR99"",""HTSUS"":""8542.39.0090"",""Country of Origin"":""Malaysia""}}]"
PMR-000131,Imported - Pending Verification,Diodes Incorporated,APX803S-31SA-7,,ICS-SuperV-3v08-1ch-0-00,Supervisor Open Drain or Open Collector 1 Channel SOT-23-3,ICT,,AIPN Parts Master.xlsx,My Lists Worksheet,No,diodesincorporated | apx803s-31sa-7,133,"[{""source_row"":133,""values"":{""AIPN"":"""",""Family"":""ICT"",""Value"":"""",""Case"":""SOT-23-3"",""Image"":"""",""Description"":""Supervisor Open Drain or Open Collector 1 Channel SOT-23-3"",""Manufacturer Name"":""Diodes Incorporated"",""Manufacturer Part Number"":""APX803S-31SA-7"",""Lifecycle"":"""",""Leadtime(WKS)"":"""",""Case2"":""SOT-23-3"",""Case3"":""SMD"",""Case Displayed as"":""SMD"",""Param #1"":""SuperV"",""Param #2"":""3v08"",""Param #3"":""1ch"",""Param #4"":""0"",""Rev"":""0"",""Params used"":""7"",""AIPN Occurrence"":""1"",""AIPN - OLD"":""ICS-SuperV-3v08-1ch-0-00"",""LEN"":""24"",""Datasheet"":"""",""RoHS Status"":"""",""Moisture Sensitivity Level (MSL)"":"""",""ECCN"":"""",""HTSUS"":"""",""Country of Origin"":""""}}]"
PMR-000132,Imported - Pending Verification,Texas Instruments,SN74LVC1G08DBVT,,ICS-AND-1ch-00,IC GATE AND 1CH 2-INP SOT23-5,ICT,https://www.ti.com/general/docs/suppproductinfo.tsp?distId=10&gotoUrl=https%3A%2F%2Fwww.ti.com%2Flit%2Fgpn%2Fsn74lvc1g08,AIPN Parts Master.xlsx,My Lists Worksheet,No,texasinstruments | sn74lvc1g08dbvt,134,"[{""source_row"":134,""values"":{""AIPN"":"""",""Family"":""ICT"",""Value"":"""",""Case"":""SOT-23-5"",""Image"":"""",""Description"":""IC GATE AND 1CH 2-INP SOT23-5"",""Manufacturer Name"":""Texas Instruments"",""Manufacturer Part Number"":""SN74LVC1G08DBVT"",""Lifecycle"":""Active"",""Leadtime(WKS)"":""9"",""Case2"":""SOT-23-5"",""Case3"":""SMD"",""Case Displayed as"":""SMD"",""Param #1"":""AND"",""Param #2"":""1ch"",""Param #3"":"""",""Param #4"":"""",""Rev"":""0"",""Params used"":""5"",""AIPN Occurrence"":""1"",""AIPN - OLD"":""ICS-AND-1ch-00"",""LEN"":""14"",""Datasheet"":""https://www.ti.com/general/docs/suppproductinfo.tsp?distId=10&gotoUrl=https%3A%2F%2Fwww.ti.com%2Flit%2Fgpn%2Fsn74lvc1g08"",""RoHS Status"":""ROHS3 Compliant"",""Moisture Sensitivity Level (MSL)"":""Active"",""ECCN"":""EAR99"",""HTSUS"":""8542.39.0070"",""Country of Origin"":""Germany""}}]"
PMR-000133,Imported - Pending Verification,Analog Devices Inc./Maxim Integrated,MAX31865AAP+,,ICS-Temp-RTD-PT100-00,IC RTD TO DIGITAL CONVERT 20SSOP,ICT,https://datasheets.maximintegrated.com/en/ds/MAX31865.pdf,AIPN Parts Master.xlsx,My Lists Worksheet,No,analogdevicesincmaximintegrated | max31865aap+,135,"[{""source_row"":135,""values"":{""AIPN"":"""",""Family"":""ICT"",""Value"":"""",""Case"":""SSOP-20"",""Image"":"""",""Description"":""IC RTD TO DIGITAL CONVERT 20SSOP"",""Manufacturer Name"":""Analog Devices Inc./Maxim Integrated"",""Manufacturer Part Number"":""MAX31865AAP+"",""Lifecycle"":""Active"",""Leadtime(WKS)"":""22"",""Case2"":""SSOP-20"",""Case3"":""SMD"",""Case Displayed as"":""SMD"",""Param #1"":""RTD"",""Param #2"":""PT100"",""Param #3"":"""",""Param #4"":"""",""Rev"":""0"",""Params used"":""5"",""AIPN Occurrence"":""1"",""AIPN - OLD"":""ICS-Temp-RTD-PT100-00"",""LEN"":""21"",""Datasheet"":""https://datasheets.maximintegrated.com/en/ds/MAX31865.pdf"",""RoHS Status"":""ROHS3 Compliant"",""Moisture Sensitivity Level (MSL)"":""Active"",""ECCN"":""EAR99"",""HTSUS"":""8542.39.0070"",""Country of Origin"":""Philippines""}}]"
PMR-000134,Imported - Pending Verification,Analog Devices,MAX38888ATD+T,,ICS-SuperC-Mgmt-1-00,IC BATT MFUNC SUPERCAP 14TDFN,ICT,https://www.analog.com/media/en/technical-documentation/data-sheets/MAX38888.pdf,AIPN Parts Master.xlsx,My Lists Worksheet,No,analogdevices | max38888atd+t,136,"[{""source_row"":136,""values"":{""AIPN"":"""",""Family"":""ICT"",""Value"":"""",""Case"":""TDFN-14"",""Image"":"""",""Description"":""IC BATT MFUNC SUPERCAP 14TDFN"",""Manufacturer Name"":""Analog Devices"",""Manufacturer Part Number"":""MAX38888ATD+T"",""Lifecycle"":""Active"",""Leadtime(WKS)"":""11"",""Case2"":""TDFN-14"",""Case3"":""SMD"",""Case Displayed as"":""SMD"",""Param #1"":""SuperC"",""Param #2"":""Mgmt"",""Param #3"":""1"",""Param #4"":"""",""Rev"":""0"",""Params used"":""6"",""AIPN Occurrence"":""1"",""AIPN - OLD"":""ICS-SuperC-Mgmt-1-00"",""LEN"":""20"",""Datasheet"":""https://www.analog.com/media/en/technical-documentation/data-sheets/MAX38888.pdf"",""RoHS Status"":""ROHS3 Compliant"",""Moisture Sensitivity Level (MSL)"":""Active"",""ECCN"":""EAR99"",""HTSUS"":""8542.39.0070"",""Country of Origin"":""Taiwan""}}]"
PMR-000135,Imported - Pending Verification,OnSemi,TL331VSN4T1G,,ICS-Comp-1ch-2-00,IC COMPARATOR 1CH 5-TSOP,ICT,https://www.onsemi.com/download/data-sheet/pdf/tl331-d.pdf,AIPN Parts Master.xlsx,My Lists Worksheet,No,onsemi | tl331vsn4t1g,137,"[{""source_row"":137,""values"":{""AIPN"":"""",""Family"":""ICT"",""Value"":"""",""Case"":""TSOP-5"",""Image"":"""",""Description"":""IC COMPARATOR 1CH 5-TSOP"",""Manufacturer Name"":""OnSemi"",""Manufacturer Part Number"":""TL331VSN4T1G"",""Lifecycle"":""Active"",""Leadtime(WKS)"":""15"",""Case2"":""SOT-23-5"",""Case3"":""SMD"",""Case Displayed as"":""SMD"",""Param #1"":""Comp"",""Param #2"":""1ch"",""Param #3"":""2"",""Param #4"":"""",""Rev"":""0"",""Params used"":""6"",""AIPN Occurrence"":""1"",""AIPN - OLD"":""ICS-Comp-1ch-2-00"",""LEN"":""17"",""Datasheet"":""https://www.onsemi.com/download/data-sheet/pdf/tl331-d.pdf"",""RoHS Status"":""ROHS3 Compliant"",""Moisture Sensitivity Level (MSL)"":""Active"",""ECCN"":""EAR99"",""HTSUS"":""8542.39.0090"",""Country of Origin"":""Malaysia""}}]"
PMR-000136,Imported - Pending Verification,Texas Instruments,LM2903BIDDFR,,ICS-Comp-2ch-2-00,IC COMPARATOR 2CH TSOT-23-8,ICT,https://www.ti.com/lit/ds/symlink/lm2903b.pdf,AIPN Parts Master.xlsx,My Lists Worksheet,No,texasinstruments | lm2903biddfr,138,"[{""source_row"":138,""values"":{""AIPN"":"""",""Family"":""ICT"",""Value"":"""",""Case"":""TSOT-23-8"",""Image"":"""",""Description"":""IC COMPARATOR 2CH TSOT-23-8"",""Manufacturer Name"":""Texas Instruments"",""Manufacturer Part Number"":""LM2903BIDDFR"",""Lifecycle"":""Active"",""Leadtime(WKS)"":""9"",""Case2"":""TSOT23-8"",""Case3"":""SMD"",""Case Displayed as"":""SMD"",""Param #1"":""Comp"",""Param #2"":""2ch"",""Param #3"":""2"",""Param #4"":"""",""Rev"":""1"",""Params used"":""6"",""AIPN Occurrence"":""1"",""AIPN - OLD"":""ICS-Comp-2ch-2-00"",""LEN"":""17"",""Datasheet"":""https://www.ti.com/lit/ds/symlink/lm2903b.pdf"",""RoHS Status"":""ROHS3 Compliant"",""Moisture Sensitivity Level (MSL)"":""Active"",""ECCN"":""EAR99"",""HTSUS"":""8542.39.0090"",""Country of Origin"":""Philippines""}}]"
PMR-000137,Imported - Pending Verification,Texas Instruments,TSC2007IPWR,,ICS-TouchCtrl-4wire-12-Bit-i2c-00,IC TSC 4 WIRE RES 16-TSSOP,ICT,https://www.ti.com/general/docs/suppproductinfo.tsp?distId=10&gotoUrl=http%253A%252F%252Fwww.ti.com%252Flit%252Fgpn%252Ftsc2007,AIPN Parts Master.xlsx,My Lists Worksheet,No,texasinstruments | tsc2007ipwr,139,"[{""source_row"":139,""values"":{""AIPN"":"""",""Family"":""ICT"",""Value"":"""",""Case"":""TSSOP-16"",""Image"":"""",""Description"":""IC TSC 4 WIRE RES 16-TSSOP"",""Manufacturer Name"":""Texas Instruments"",""Manufacturer Part Number"":""TSC2007IPWR"",""Lifecycle"":""Active"",""Leadtime(WKS)"":""16"",""Case2"":""TSSOP-16"",""Case3"":""SMD"",""Case Displayed as"":""SMD"",""Param #1"":""TouchCtrl"",""Param #2"":""4wire"",""Param #3"":""12-Bit"",""Param #4"":""i2c"",""Rev"":""0"",""Params used"":""7"",""AIPN Occurrence"":""1"",""AIPN - OLD"":""ICS-TouchCtrl-4wire-12-Bit-i2c-00"",""LEN"":""33"",""Datasheet"":""https://www.ti.com/general/docs/suppproductinfo.tsp?distId=10&gotoUrl=http%253A%252F%252Fwww.ti.com%252Flit%252Fgpn%252Ftsc2007"",""RoHS Status"":""ROHS3 Compliant"",""Moisture Sensitivity Level (MSL)"":""Active"",""ECCN"":""EAR99"",""HTSUS"":""8542.39.0070"",""Country of Origin"":""Japan""}}]"
PMR-000138,Imported - Pending Verification,Microchip Technology,MCP2515-I/ST,,ICS-CAN-Ctrl-SPI-2-00,IC CAN CONTROLLER W/SPI 20TSSOP,ICT,https://ww1.microchip.com/downloads/en/DeviceDoc/MCP2515-Stand-Alone-CAN-Controller-with-SPI-20001801J.pdf,AIPN Parts Master.xlsx,My Lists Worksheet,No,microchiptechnology | mcp2515-i/st,140,"[{""source_row"":140,""values"":{""AIPN"":"""",""Family"":""ICT"",""Value"":"""",""Case"":""TSSOP-20"",""Image"":"""",""Description"":""IC CAN CONTROLLER W/SPI 20TSSOP"",""Manufacturer Name"":""Microchip Technology"",""Manufacturer Part Number"":""MCP2515-I/ST"",""Lifecycle"":""Active"",""Leadtime(WKS)"":""4"",""Case2"":""TSSOP-20"",""Case3"":""SMD"",""Case Displayed as"":""SMD"",""Param #1"":""CAN"",""Param #2"":""Ctrl"",""Param #3"":""SPI"",""Param #4"":""2"",""Rev"":""0"",""Params used"":""7"",""AIPN Occurrence"":""1"",""AIPN - OLD"":""ICS-CAN-Ctrl-SPI-2-00"",""LEN"":""21"",""Datasheet"":""https://ww1.microchip.com/downloads/en/DeviceDoc/MCP2515-Stand-Alone-CAN-Controller-with-SPI-20001801J.pdf"",""RoHS Status"":""ROHS3 Compliant"",""Moisture Sensitivity Level (MSL)"":""Active"",""ECCN"":""EAR99"",""HTSUS"":""8542.31.0030"",""Country of Origin"":""Thailand""}}]"
PMR-000139,Imported - Pending Verification,Texas Instruments,TCA9548APWR,,ICS-I2C-Exp-8ch-00,IC BUS SWITCH 1 X 8:1 24-TSSOP,ICT,https://www.ti.com/general/docs/suppproductinfo.tsp?distId=10&gotoUrl=https%3A%2F%2Fwww.ti.com%2Flit%2Fgpn%2Ftca9548a,AIPN Parts Master.xlsx,My Lists Worksheet,No,texasinstruments | tca9548apwr,141,"[{""source_row"":141,""values"":{""AIPN"":"""",""Family"":""ICT"",""Value"":"""",""Case"":""TSSOP-24"",""Image"":"""",""Description"":""IC BUS SWITCH 1 X 8:1 24-TSSOP"",""Manufacturer Name"":""Texas Instruments"",""Manufacturer Part Number"":""TCA9548APWR"",""Lifecycle"":""Active"",""Leadtime(WKS)"":""16"",""Case2"":""TSSOP-24"",""Case3"":""SMD"",""Case Displayed as"":""SMD"",""Param #1"":""I2C"",""Param #2"":""Exp"",""Param #3"":""8ch"",""Param #4"":"""",""Rev"":""0"",""Params used"":""6"",""AIPN Occurrence"":""1"",""AIPN - OLD"":""ICS-I2C-Exp-8ch-00"",""LEN"":""18"",""Datasheet"":""https://www.ti.com/general/docs/suppproductinfo.tsp?distId=10&gotoUrl=https%3A%2F%2Fwww.ti.com%2Flit%2Fgpn%2Ftca9548a"",""RoHS Status"":""ROHS3 Compliant"",""Moisture Sensitivity Level (MSL)"":""Active"",""ECCN"":""EAR99"",""HTSUS"":""8542.39.0070"",""Country of Origin"":""Japan""}}]"
PMR-000140,Imported - Pending Verification,Würth Elektronik,744383130033,,IND-1610-330n-1A9-84mR-00,FIXED IND 330NH 1.9A 84 MOHM SMD,IND,https://www.we-online.com/components/products/datasheet/744383130033.pdf,AIPN Parts Master.xlsx,My Lists Worksheet,No,wurthelektronik | 744383130033,142,"[{""source_row"":142,""values"":{""AIPN"":"""",""Family"":""IND"",""Value"":""3.3000000000000002E-7"",""Case"":""1610"",""Image"":"""",""Description"":""FIXED IND 330NH 1.9A 84 MOHM SMD"",""Manufacturer Name"":""Würth Elektronik"",""Manufacturer Part Number"":""744383130033"",""Lifecycle"":""Active"",""Leadtime(WKS)"":""17"",""Case2"":""1610"",""Case3"":""SMD"",""Case Displayed as"":""1610"",""Param #1"":""330n"",""Param #2"":""1A9"",""Param #3"":""84mR"",""Param #4"":"""",""Rev"":""0"",""Params used"":""6"",""AIPN Occurrence"":""1"",""AIPN - OLD"":""IND-1610-330n-1A9-84mR-00"",""LEN"":""25"",""Datasheet"":""https://www.we-online.com/components/products/datasheet/744383130033.pdf"",""RoHS Status"":""ROHS3 Compliant"",""Moisture Sensitivity Level (MSL)"":""Active"",""ECCN"":""EAR99"",""HTSUS"":""8504.50.4000"",""Country of Origin"":""South Korea""}}]"
PMR-000141,Imported - Pending Verification,Coilcraft,XFL4015-471MEC,,IND-1616-470n-9A1-8.36mR-Shield-00,FIXED IND 470NH 9.1A 8.36 MOHM,IND,https://www.coilcraft.com/en-us/files/datasheet/XFL4015,AIPN Parts Master.xlsx,My Lists Worksheet,No,coilcraft | xfl4015-471mec,143,"[{""source_row"":143,""values"":{""AIPN"":"""",""Family"":""IND"",""Value"":""4.7E-7"",""Case"":""1610"",""Image"":"""",""Description"":""FIXED IND 470NH 9.1A 8.36 MOHM"",""Manufacturer Name"":""Coilcraft"",""Manufacturer Part Number"":""XFL4015-471MEC"",""Lifecycle"":""Active"",""Leadtime(WKS)"":"""",""Case2"":""1616"",""Case3"":""SMD"",""Case Displayed as"":""1616"",""Param #1"":""470n"",""Param #2"":""9A1"",""Param #3"":""8.36mR"",""Param #4"":""Shield"",""Rev"":""0"",""Params used"":""7"",""AIPN Occurrence"":""1"",""AIPN - OLD"":""IND-1616-470n-9A1-8.36mR-Shield-00"",""LEN"":""34"",""Datasheet"":""https://www.coilcraft.com/en-us/files/datasheet/XFL4015"",""RoHS Status"":""ROHS3 Compliant"",""Moisture Sensitivity Level (MSL)"":""Active"",""ECCN"":""EAR99"",""HTSUS"":""8504.50.8000"",""Country of Origin"":""-""}}]"
PMR-000142,Imported - Pending Verification,Murata,LQM21PN2R2MC0D,,IND-0805-2u2-06A-425mR-Shield-00,FIXED IND 2.2UH 600MA 425 MOHM,IND,https://search.murata.co.jp/Ceramy/image/img/P02/JELF243B-0014.pdf,AIPN Parts Master.xlsx,My Lists Worksheet,No,murata | lqm21pn2r2mc0d,144,"[{""source_row"":144,""values"":{""AIPN"":"""",""Family"":""IND"",""Value"":""2.2000000000000001E-6"",""Case"":""0805"",""Image"":"""",""Description"":""FIXED IND 2.2UH 600MA 425 MOHM"",""Manufacturer Name"":""Murata"",""Manufacturer Part Number"":""LQM21PN2R2MC0D"",""Lifecycle"":""Active"",""Leadtime(WKS)"":""19"",""Case2"":""805"",""Case3"":""SMD"",""Case Displayed as"":""0805"",""Param #1"":""2u2"",""Param #2"":""06A"",""Param #3"":""425mR"",""Param #4"":""Shield"",""Rev"":""0"",""Params used"":""7"",""AIPN Occurrence"":""1"",""AIPN - OLD"":""IND-0805-2u2-06A-425mR-Shield-00"",""LEN"":""32"",""Datasheet"":""https://search.murata.co.jp/Ceramy/image/img/P02/JELF243B-0014.pdf"",""RoHS Status"":""ROHS3 Compliant"",""Moisture Sensitivity Level (MSL)"":""Active"",""ECCN"":""EAR99"",""HTSUS"":""8504.50.4000"",""Country of Origin"":""Japan""}}]"
PMR-000143,Imported - Pending Verification,Coilcraft,XAL4020-222ME,,IND-1616-2u2-5A5-38.7mR-Shield-00,FIXED IND 2.2UH 5.5A 38.7 MOHM SMD,IND,,AIPN Parts Master.xlsx,My Lists Worksheet,No,coilcraft | xal4020-222me,145,"[{""source_row"":145,""values"":{""AIPN"":"""",""Family"":""IND"",""Value"":""2.2000000000000001E-6"",""Case"":""1616"",""Image"":"""",""Description"":""FIXED IND 2.2UH 5.5A 38.7 MOHM SMD"",""Manufacturer Name"":""Coilcraft"",""Manufacturer Part Number"":""XAL4020-222ME"",""Lifecycle"":"""",""Leadtime(WKS)"":"""",""Case2"":""1616"",""Case3"":""SMD"",""Case Displayed as"":""1616"",""Param #1"":""2u2"",""Param #2"":""5A5"",""Param #3"":""38.7mR"",""Param #4"":""Shield"",""Rev"":""0"",""Params used"":""7"",""AIPN Occurrence"":""1"",""AIPN - OLD"":""IND-1616-2u2-5A5-38.7mR-Shield-00"",""LEN"":""33"",""Datasheet"":"""",""RoHS Status"":"""",""Moisture Sensitivity Level (MSL)"":"""",""ECCN"":"""",""HTSUS"":"""",""Country of Origin"":""""}}]"
PMR-000144,Imported - Pending Verification,Wurth,744042100,,IND-1919-10u-1A3-150mR-Shield-00,FIXED IND 10UH 1.3A 150 MOHM SMD,IND,https://www.we-online.com/components/products/datasheet/744042100.pdf,AIPN Parts Master.xlsx,My Lists Worksheet,No,wurth | 744042100,146,"[{""source_row"":146,""values"":{""AIPN"":"""",""Family"":""IND"",""Value"":""1.0000000000000001E-5"",""Case"":""4818"",""Image"":"""",""Description"":""FIXED IND 10UH 1.3A 150 MOHM SMD"",""Manufacturer Name"":""Wurth"",""Manufacturer Part Number"":""744042100"",""Lifecycle"":""Active"",""Leadtime(WKS)"":""24"",""Case2"":""1919"",""Case3"":""SMD"",""Case Displayed as"":""1919"",""Param #1"":""10u"",""Param #2"":""1A3"",""Param #3"":""150mR"",""Param #4"":""Shield"",""Rev"":""0"",""Params used"":""7"",""AIPN Occurrence"":""1"",""AIPN - OLD"":""IND-1919-10u-1A3-150mR-Shield-00"",""LEN"":""32"",""Datasheet"":""https://www.we-online.com/components/products/datasheet/744042100.pdf"",""RoHS Status"":""ROHS3 Compliant"",""Moisture Sensitivity Level (MSL)"":""Active"",""ECCN"":""EAR99"",""HTSUS"":""8504.50.4000"",""Country of Origin"":""China""}}]"
PMR-000145,Imported - Pending Verification,Würth Elektronik,150060VS75000,,LED-0603-Gn-570nm-2v0-20mA-00,LED GREEN CLEAR 0603 SMD,LED,https://www.we-online.com/components/products/datasheet/150060VS75000.pdf,AIPN Parts Master.xlsx,My Lists Worksheet,No,wurthelektronik | 150060vs75000,147,"[{""source_row"":147,""values"":{""AIPN"":"""",""Family"":""LED"",""Value"":""Gn"",""Case"":""0603"",""Image"":"""",""Description"":""LED GREEN CLEAR 0603 SMD"",""Manufacturer Name"":""Würth Elektronik"",""Manufacturer Part Number"":""150060VS75000"",""Lifecycle"":""Active"",""Leadtime(WKS)"":""13"",""Case2"":""603"",""Case3"":""SMD"",""Case Displayed as"":""0603"",""Param #1"":""Gn"",""Param #2"":""570nm"",""Param #3"":""2v0"",""Param #4"":""20mA"",""Rev"":""0"",""Params used"":""7"",""AIPN Occurrence"":""1"",""AIPN - OLD"":""LED-0603-Gn-570nm-2v0-20mA-00"",""LEN"":""29"",""Datasheet"":""https://www.we-online.com/components/products/datasheet/150060VS75000.pdf"",""RoHS Status"":""ROHS3 Compliant"",""Moisture Sensitivity Level (MSL)"":""Active"",""ECCN"":""EAR99"",""HTSUS"":""8541.41.0000"",""Country of Origin"":""China""}}]"
PMR-000146,Imported - Pending Verification,Würth Elektronik,150080VS75000,,LED-0805-Gn-570nm-2v-20mA-00,LED GREEN CLEAR 0805 SMD,LED,https://www.we-online.com/components/products/datasheet/150080VS75000.pdf,AIPN Parts Master.xlsx,My Lists Worksheet,No,wurthelektronik | 150080vs75000,148,"[{""source_row"":148,""values"":{""AIPN"":"""",""Family"":""LED"",""Value"":""Gn"",""Case"":""0805"",""Image"":"""",""Description"":""LED GREEN CLEAR 0805 SMD"",""Manufacturer Name"":""Würth Elektronik"",""Manufacturer Part Number"":""150080VS75000"",""Lifecycle"":""Active"",""Leadtime(WKS)"":""13"",""Case2"":""805"",""Case3"":""SMD"",""Case Displayed as"":""0805"",""Param #1"":""Gn"",""Param #2"":""570nm"",""Param #3"":""2v"",""Param #4"":""20mA"",""Rev"":""0"",""Params used"":""7"",""AIPN Occurrence"":""1"",""AIPN - OLD"":""LED-0805-Gn-570nm-2v-20mA-00"",""LEN"":""28"",""Datasheet"":""https://www.we-online.com/components/products/datasheet/150080VS75000.pdf"",""RoHS Status"":""ROHS3 Compliant"",""Moisture Sensitivity Level (MSL)"":""Active"",""ECCN"":""EAR99"",""HTSUS"":""8541.41.0000"",""Country of Origin"":""China""}}]"
PMR-000147,Imported - Pending Verification,Würth Elektronik,150060SS75000,,LED-0603-Rd-630nm-1v9-20mA-00,LED RED CLEAR 0603 SMD,LED,https://www.we-online.com/components/products/datasheet/150060SS75000.pdf,AIPN Parts Master.xlsx,My Lists Worksheet,No,wurthelektronik | 150060ss75000,149,"[{""source_row"":149,""values"":{""AIPN"":"""",""Family"":""LED"",""Value"":""Rd"",""Case"":""0603"",""Image"":"""",""Description"":""LED RED CLEAR 0603 SMD"",""Manufacturer Name"":""Würth Elektronik"",""Manufacturer Part Number"":""150060SS75000"",""Lifecycle"":""Active"",""Leadtime(WKS)"":""13"",""Case2"":""603"",""Case3"":""SMD"",""Case Displayed as"":""0603"",""Param #1"":""Rd"",""Param #2"":""630nm"",""Param #3"":""1v9"",""Param #4"":""20mA"",""Rev"":""0"",""Params used"":""7"",""AIPN Occurrence"":""1"",""AIPN - OLD"":""LED-0603-Rd-630nm-1v9-20mA-00"",""LEN"":""29"",""Datasheet"":""https://www.we-online.com/components/products/datasheet/150060SS75000.pdf"",""RoHS Status"":""ROHS3 Compliant"",""Moisture Sensitivity Level (MSL)"":""Active"",""ECCN"":""EAR99"",""HTSUS"":""8541.41.0000"",""Country of Origin"":""China""}}]"
PMR-000148,Imported - Pending Verification,Kingbright,APTD1608LSECK/J3-PF,,LED-0603-Rd-625nm-1v8-2mA-00,LED RED CLEAR 2SMD,LED,https://www.kingbrightusa.com/images/catalog/SPEC/APTD1608LSECK-J3-PF.pdf,AIPN Parts Master.xlsx,My Lists Worksheet,No,kingbright | aptd1608lseck/j3-pf,150,"[{""source_row"":150,""values"":{""AIPN"":"""",""Family"":""LED"",""Value"":""Rd"",""Case"":""SMD-2"",""Image"":"""",""Description"":""LED RED CLEAR 2SMD"",""Manufacturer Name"":""Kingbright"",""Manufacturer Part Number"":""APTD1608LSECK/J3-PF"",""Lifecycle"":""Active"",""Leadtime(WKS)"":""7"",""Case2"":""603"",""Case3"":""SMD"",""Case Displayed as"":""0603"",""Param #1"":""Rd"",""Param #2"":""625nm"",""Param #3"":""1v8"",""Param #4"":""2mA"",""Rev"":""0"",""Params used"":""7"",""AIPN Occurrence"":""1"",""AIPN - OLD"":""LED-0603-Rd-625nm-1v8-2mA-00"",""LEN"":""28"",""Datasheet"":""https://www.kingbrightusa.com/images/catalog/SPEC/APTD1608LSECK-J3-PF.pdf"",""RoHS Status"":""ROHS3 Compliant"",""Moisture Sensitivity Level (MSL)"":""Active"",""ECCN"":""EAR99"",""HTSUS"":""8541.41.0000"",""Country of Origin"":""China""}}]"
PMR-000149,Imported - Pending Verification,Lite-On Inc.,LTST-C195KGJRKT,,,LED GREEN/RED CLEAR CHIP SMD,LED,https://mm.digikey.com/Volume0/opasdata/d220001/medias/docus/1134/LTST-C195KGJRKT.pdf,AIPN Parts Master.xlsx,My Lists Worksheet,No,liteoninc | ltst-c195kgjrkt,151,"[{""source_row"":151,""values"":{""AIPN"":"""",""Family"":""LED"",""Value"":""Rd/Gn"",""Case"":"""",""Image"":"""",""Description"":""LED GREEN/RED CLEAR CHIP SMD"",""Manufacturer Name"":""Lite-On Inc."",""Manufacturer Part Number"":""LTST-C195KGJRKT"",""Lifecycle"":""Active"",""Leadtime(WKS)"":""14"",""Case2"":"""",""Case3"":"""",""Case Displayed as"":"""",""Param #1"":"""",""Param #2"":"""",""Param #3"":"""",""Param #4"":"""",""Rev"":""0"",""Params used"":""2"",""AIPN Occurrence"":""30"",""AIPN - OLD"":"""",""LEN"":""5"",""Datasheet"":""https://mm.digikey.com/Volume0/opasdata/d220001/medias/docus/1134/LTST-C195KGJRKT.pdf"",""RoHS Status"":""ROHS3 Compliant"",""Moisture Sensitivity Level (MSL)"":""Active"",""ECCN"":""EAR99"",""HTSUS"":""8541.41.0000"",""Country of Origin"":""China""}}]"
PMR-000150,Imported - Pending Verification,Espressif Systems,ESP32-S3-WROOM-1-N16R2,,MCU-ESP32-S3-1-R16N2-00,RF TXRX MOD BT WIFI PCB TH SMD,MCU,https://www.espressif.com/sites/default/files/documentation/esp32-s3-wroom-1_wroom-1u_datasheet_en.pdf,AIPN Parts Master.xlsx,My Lists Worksheet,No,espressifsystems | esp32-s3-wroom-1-n16r2,152,"[{""source_row"":152,""values"":{""AIPN"":"""",""Family"":""MCU"",""Value"":"""",""Case"":""SMD"",""Image"":"""",""Description"":""RF TXRX MOD BT WIFI PCB TH SMD"",""Manufacturer Name"":""Espressif Systems"",""Manufacturer Part Number"":""ESP32-S3-WROOM-1-N16R2"",""Lifecycle"":""Active"",""Leadtime(WKS)"":""8"",""Case2"":""ESP32"",""Case3"":""ESP32"",""Case Displayed as"":""ESP32"",""Param #1"":""S3"",""Param #2"":""1"",""Param #3"":""R16N2"",""Param #4"":"""",""Rev"":""0"",""Params used"":""6"",""AIPN Occurrence"":""1"",""AIPN - OLD"":""MCU-ESP32-S3-1-R16N2-00"",""LEN"":""23"",""Datasheet"":""https://www.espressif.com/sites/default/files/documentation/esp32-s3-wroom-1_wroom-1u_datasheet_en.pdf"",""RoHS Status"":""Unknown"",""Moisture Sensitivity Level (MSL)"":""Active"",""ECCN"":""5A992C"",""HTSUS"":""8517.62.0090"",""Country of Origin"":""Vietnam""}}]"
PMR-000151,Imported - Pending Verification,Microchip Technology,24AA512T-I/SN,,ICS-EEProm-512kb-i2c-00,IC EEPROM 512KBIT I2C 8SOIC,MEM,https://ww1.microchip.com/downloads/en/DeviceDoc/24AA512-24LC512-24FC512-512K-Bit-I2C-Serial-EEPROM-20001754Q.pdf,AIPN Parts Master.xlsx,My Lists Worksheet,No,microchiptechnology | 24aa512t-i/sn,153,"[{""source_row"":153,""values"":{""AIPN"":"""",""Family"":""MEM"",""Value"":""512000"",""Case"":""SOIC-8"",""Image"":"""",""Description"":""IC EEPROM 512KBIT I2C 8SOIC"",""Manufacturer Name"":""Microchip Technology"",""Manufacturer Part Number"":""24AA512T-I/SN"",""Lifecycle"":""Active"",""Leadtime(WKS)"":""11"",""Case2"":""SOIC-8"",""Case3"":""SMD"",""Case Displayed as"":""SMD"",""Param #1"":""EEProm"",""Param #2"":""512kb"",""Param #3"":""I2C"",""Param #4"":"""",""Rev"":""0"",""Params used"":""6"",""AIPN Occurrence"":""1"",""AIPN - OLD"":""ICS-EEProm-512kb-i2c-00"",""LEN"":""23"",""Datasheet"":""https://ww1.microchip.com/downloads/en/DeviceDoc/24AA512-24LC512-24FC512-512K-Bit-I2C-Serial-EEPROM-20001754Q.pdf"",""RoHS Status"":""ROHS3 Compliant"",""Moisture Sensitivity Level (MSL)"":""Active"",""ECCN"":""EAR99"",""HTSUS"":""8542.32.0051"",""Country of Origin"":""Thailand""}}]"
PMR-000152,Imported - Pending Verification,TI,TMUX1108PWR,,ICS-Swi-8Ch-4R-00,IC MUX 8:1 4OHM 16TSSOP,MUX,https://www.ti.com/general/docs/suppproductinfo.tsp?distId=10&gotoUrl=https%3A%2F%2Fwww.ti.com%2Flit%2Fgpn%2Ftmux1108,AIPN Parts Master.xlsx,My Lists Worksheet,No,ti | tmux1108pwr,154,"[{""source_row"":154,""values"":{""AIPN"":"""",""Family"":""MUX"",""Value"":"""",""Case"":""TSSOP-16"",""Image"":"""",""Description"":""IC MUX 8:1 4OHM 16TSSOP"",""Manufacturer Name"":""TI"",""Manufacturer Part Number"":""TMUX1108PWR"",""Lifecycle"":""Active"",""Leadtime(WKS)"":""9"",""Case2"":""TSSOP-16"",""Case3"":"""",""Case Displayed as"":""Swi"",""Param #1"":""8Ch"",""Param #2"":""4R"",""Param #3"":"""",""Param #4"":"""",""Rev"":""0"",""Params used"":""5"",""AIPN Occurrence"":""1"",""AIPN - OLD"":""ICS-Swi-8Ch-4R-00"",""LEN"":""17"",""Datasheet"":""https://www.ti.com/general/docs/suppproductinfo.tsp?distId=10&gotoUrl=https%3A%2F%2Fwww.ti.com%2Flit%2Fgpn%2Ftmux1108"",""RoHS Status"":""ROHS3 Compliant"",""Moisture Sensitivity Level (MSL)"":""Active"",""ECCN"":""EAR99"",""HTSUS"":""8542.39.0070"",""Country of Origin"":""United States""}}]"
PMR-000153,Imported - Pending Verification,Texas Instruments,LM2904BIDR,,ICS-OpAmp-2ch-00,IC OPAMP GP 2 CIRCUIT 8SOIC,OPA,https://www.ti.com/general/docs/suppproductinfo.tsp?distId=10&gotoUrl=https%3A%2F%2Fwww.ti.com%2Flit%2Fgpn%2Flm2904v,AIPN Parts Master.xlsx,My Lists Worksheet,No,texasinstruments | lm2904bidr,155,"[{""source_row"":155,""values"":{""AIPN"":"""",""Family"":""OPA"",""Value"":"""",""Case"":""SOIC-8"",""Image"":"""",""Description"":""IC OPAMP GP 2 CIRCUIT 8SOIC"",""Manufacturer Name"":""Texas Instruments"",""Manufacturer Part Number"":""LM2904BIDR"",""Lifecycle"":""Active"",""Leadtime(WKS)"":""16"",""Case2"":""SOIC-8"",""Case3"":""SMD"",""Case Displayed as"":""SMD"",""Param #1"":""OpAmp"",""Param #2"":""2ch"",""Param #3"":"""",""Param #4"":"""",""Rev"":""0"",""Params used"":""5"",""AIPN Occurrence"":""1"",""AIPN - OLD"":""ICS-OpAmp-2ch-00"",""LEN"":""16"",""Datasheet"":""https://www.ti.com/general/docs/suppproductinfo.tsp?distId=10&gotoUrl=https%3A%2F%2Fwww.ti.com%2Flit%2Fgpn%2Flm2904v"",""RoHS Status"":""ROHS3 Compliant"",""Moisture Sensitivity Level (MSL)"":""Active"",""ECCN"":""EAR99"",""HTSUS"":""8542.33.0001"",""Country of Origin"":""United States""}}]"
PMR-000154,Imported - Pending Verification,UMW,OPA340NA,,ICS-OpAmp-1ch-1-00,IC OPAMP GP 1 CIRCUIT SOT23-5,OPA,https://www.umw-ic.com/static/pdf/1b963e15d0e6622d702f45e5b1ed9081.pdf,AIPN Parts Master.xlsx,My Lists Worksheet,No,umw | opa340na,156,"[{""source_row"":156,""values"":{""AIPN"":"""",""Family"":""OPA"",""Value"":"""",""Case"":""SOT-23-5"",""Image"":"""",""Description"":""IC OPAMP GP 1 CIRCUIT SOT23-5"",""Manufacturer Name"":""UMW"",""Manufacturer Part Number"":""OPA340NA"",""Lifecycle"":""Active"",""Leadtime(WKS)"":""8"",""Case2"":""SOT23-5"",""Case3"":""SMD"",""Case Displayed as"":""SMD"",""Param #1"":""OpAmp"",""Param #2"":""1ch"",""Param #3"":""1"",""Param #4"":"""",""Rev"":""0"",""Params used"":""6"",""AIPN Occurrence"":""1"",""AIPN - OLD"":""ICS-OpAmp-1ch-1-00"",""LEN"":""18"",""Datasheet"":""https://www.umw-ic.com/static/pdf/1b963e15d0e6622d702f45e5b1ed9081.pdf"",""RoHS Status"":""ROHS3 Compliant"",""Moisture Sensitivity Level (MSL)"":""Active"",""ECCN"":""EAR99"",""HTSUS"":""8542.33.0001"",""Country of Origin"":""China""}}]"
PMR-000155,Imported - Pending Verification,Lite-On Inc.,LTV-817S-TA1,,ICS-Opto-5kv-DC-NPN-00,OPTOISOLATOR 5KV 1CH TRANS 4-SMD,OPT,https://optoelectronics.liteon.com/upload/download/DS-70-96-0016/LTV-8X7%20series%20%20Rev.S.PDF,AIPN Parts Master.xlsx,My Lists Worksheet,No,liteoninc | ltv-817s-ta1,158,"[{""source_row"":158,""values"":{""AIPN"":"""",""Family"":""OPT"",""Value"":"""",""Case"":""SMD-4"",""Image"":"""",""Description"":""OPTOISOLATOR 5KV 1CH TRANS 4-SMD"",""Manufacturer Name"":""Lite-On Inc."",""Manufacturer Part Number"":""LTV-817S-TA1"",""Lifecycle"":""Active"",""Leadtime(WKS)"":""12"",""Case2"":""DIP-4"",""Case3"":""SMD"",""Case Displayed as"":""SMD"",""Param #1"":""Opto"",""Param #2"":""5kv"",""Param #3"":""DC"",""Param #4"":""NPN"",""Rev"":""0"",""Params used"":""7"",""AIPN Occurrence"":""1"",""AIPN - OLD"":""ICS-Opto-5kv-DC-NPN-00"",""LEN"":""22"",""Datasheet"":""https://optoelectronics.liteon.com/upload/download/DS-70-96-0016/LTV-8X7%20series%20%20Rev.S.PDF"",""RoHS Status"":""ROHS3 Compliant"",""Moisture Sensitivity Level (MSL)"":""Active"",""ECCN"":""EAR99"",""HTSUS"":""8541.49.8000"",""Country of Origin"":""Thailand""}}]"
PMR-000156,Imported - Pending Verification,Lite-On Inc.,4N35S-TA1,,ICS-Opto-3.5kv-DC-NPN-00,OPTOISO 3.55KV TRANS W/BASE 6SMD,OPT,https://optoelectronics.liteon.com/upload/download/DS-70-99-0012/4N3X%20Series%201115.pdf,AIPN Parts Master.xlsx,My Lists Worksheet,No,liteoninc | 4n35s-ta1,159,"[{""source_row"":159,""values"":{""AIPN"":"""",""Family"":""OPT"",""Value"":"""",""Case"":""SMD-6"",""Image"":"""",""Description"":""OPTOISO 3.55KV TRANS W/BASE 6SMD"",""Manufacturer Name"":""Lite-On Inc."",""Manufacturer Part Number"":""4N35S-TA1"",""Lifecycle"":""Active"",""Leadtime(WKS)"":""14"",""Case2"":""DIP-6"",""Case3"":""SMD"",""Case Displayed as"":""SMD"",""Param #1"":""Opto"",""Param #2"":""3.5kv"",""Param #3"":""DC"",""Param #4"":""NPN"",""Rev"":""0"",""Params used"":""7"",""AIPN Occurrence"":""1"",""AIPN - OLD"":""ICS-Opto-3.5kv-DC-NPN-00"",""LEN"":""24"",""Datasheet"":""https://optoelectronics.liteon.com/upload/download/DS-70-99-0012/4N3X%20Series%201115.pdf"",""RoHS Status"":""ROHS3 Compliant"",""Moisture Sensitivity Level (MSL)"":""Active"",""ECCN"":""EAR99"",""HTSUS"":""8541.49.8000"",""Country of Origin"":""Thailand""}}]"
PMR-000157,Imported - Pending Verification,Würth Elektronik,140354245100,,ICS-Opto-3.75kv-AC-NPN-00,OPTOISO 3.75KV 1CH TRANS 4-SOP,OPT,0,AIPN Parts Master.xlsx,My Lists Worksheet,No,wurthelektronik | 140354245100,160,"[{""source_row"":160,""values"":{""AIPN"":"""",""Family"":""OPT"",""Value"":"""",""Case"":""SOP-4"",""Image"":"""",""Description"":""OPTOISO 3.75KV 1CH TRANS 4-SOP"",""Manufacturer Name"":""Würth Elektronik"",""Manufacturer Part Number"":""140354245100"",""Lifecycle"":""Active"",""Leadtime(WKS)"":""16"",""Case2"":""SOP-4"",""Case3"":""SMD"",""Case Displayed as"":""SMD"",""Param #1"":""Opto"",""Param #2"":""3.75kv"",""Param #3"":""AC"",""Param #4"":""NPN"",""Rev"":""0"",""Params used"":""7"",""AIPN Occurrence"":""1"",""AIPN - OLD"":""ICS-Opto-3.75kv-AC-NPN-00"",""LEN"":""25"",""Datasheet"":""0"",""RoHS Status"":""ROHS3 Compliant"",""Moisture Sensitivity Level (MSL)"":""Active"",""ECCN"":""EAR99"",""HTSUS"":""8541.49.8000"",""Country of Origin"":""China""}}]"
PMR-000158,Imported - Pending Verification,Abracon,ABS07-32.768KHZ-T,,OSC-SMD-32.768kHz-12p5-1-00,CRYSTAL 32.7680KHZ 12.5PF SMD,OSC,https://abracon.com/Resonators/ABS07.pdf,AIPN Parts Master.xlsx,My Lists Worksheet,No,abracon | abs07-32.768khz-t,161,"[{""source_row"":161,""values"":{""AIPN"":"""",""Family"":""OSC"",""Value"":"""",""Case"":""SMD-2"",""Image"":"""",""Description"":""CRYSTAL 32.7680KHZ 12.5PF SMD"",""Manufacturer Name"":""Abracon"",""Manufacturer Part Number"":""ABS07-32.768KHZ-T"",""Lifecycle"":""Active"",""Leadtime(WKS)"":""20"",""Case2"":""SMD-2"",""Case3"":""SMD"",""Case Displayed as"":""SMD"",""Param #1"":""32.768kHz"",""Param #2"":""12p5"",""Param #3"":""1"",""Param #4"":"""",""Rev"":""0"",""Params used"":""6"",""AIPN Occurrence"":""1"",""AIPN - OLD"":""OSC-SMD-32.768kHz-12p5-1-00"",""LEN"":""27"",""Datasheet"":""https://abracon.com/Resonators/ABS07.pdf"",""RoHS Status"":""ROHS3 Compliant"",""Moisture Sensitivity Level (MSL)"":""Active"",""ECCN"":""EAR99"",""HTSUS"":""8541.60.0010"",""Country of Origin"":""China""}}]"
PMR-000159,Imported - Pending Verification,Abracon,ABM8-16.000MHZ-D4Y-T,,OSC-SMD-16MHz-18p-1-00,CRYSTAL 16.0000MHZ 18PF SMD,OSC,https://mm.digikey.com/Volume0/opasdata/d220001/medias/docus/6536/ABM8_Datasheet.pdf,AIPN Parts Master.xlsx,My Lists Worksheet,No,abracon | abm8-16.000mhz-d4y-t,162,"[{""source_row"":162,""values"":{""AIPN"":"""",""Family"":""OSC"",""Value"":"""",""Case"":""SMD-4"",""Image"":"""",""Description"":""CRYSTAL 16.0000MHZ 18PF SMD"",""Manufacturer Name"":""Abracon"",""Manufacturer Part Number"":""ABM8-16.000MHZ-D4Y-T"",""Lifecycle"":""Active"",""Leadtime(WKS)"":""14"",""Case2"":""SMD"",""Case3"":""SMD"",""Case Displayed as"":""SMD"",""Param #1"":""16MHz"",""Param #2"":""18p"",""Param #3"":""1"",""Param #4"":"""",""Rev"":""0"",""Params used"":""6"",""AIPN Occurrence"":""1"",""AIPN - OLD"":""OSC-SMD-16MHz-18p-1-00"",""LEN"":""22"",""Datasheet"":""https://mm.digikey.com/Volume0/opasdata/d220001/medias/docus/6536/ABM8_Datasheet.pdf"",""RoHS Status"":""ROHS3 Compliant"",""Moisture Sensitivity Level (MSL)"":""Active"",""ECCN"":""EAR99"",""HTSUS"":""8541.60.0050"",""Country of Origin"":""South Korea""}}]"
PMR-000160,Imported - Pending Verification,Microchip Technology,MCP4461-104E/ML,,ICS-POT-100K-4Ch-12C-257taps-00,IC DIG POT 100K 20-QFN,POT,https://ww1.microchip.com/downloads/en/DeviceDoc/22265a.pdf,AIPN Parts Master.xlsx,My Lists Worksheet,Yes,microchiptechnology | mcp4461-104e/ml,"163, 164","[{""source_row"":163,""values"":{""AIPN"":"""",""Family"":""POT"",""Value"":""100000"",""Case"":""QFN-20"",""Image"":"""",""Description"":""IC DIG POT 100K 20-QFN"",""Manufacturer Name"":""Microchip Technology"",""Manufacturer Part Number"":""MCP4461-104E/ML"",""Lifecycle"":""Active"",""Leadtime(WKS)"":""5"",""Case2"":""TSSOP-20"",""Case3"":""SMD"",""Case Displayed as"":""POT"",""Param #1"":""100K"",""Param #2"":""4Ch"",""Param #3"":""12C"",""Param #4"":""257taps"",""Rev"":""0"",""Params used"":""7"",""AIPN Occurrence"":""1"",""AIPN - OLD"":""ICS-POT-100K-4Ch-12C-257taps-00"",""LEN"":""31"",""Datasheet"":""https://ww1.microchip.com/downloads/en/DeviceDoc/22265a.pdf"",""RoHS Status"":""ROHS3 Compliant"",""Moisture Sensitivity Level (MSL)"":""Active"",""ECCN"":""EAR99"",""HTSUS"":""8542.39.0070"",""Country of Origin"":""Thailand""}},{""source_row"":164,""values"":{""AIPN"":"""",""Family"":""POT"",""Value"":"""",""Case"":""QFN-20"",""Image"":"""",""Description"":""IC DIG POT 100K 20-QFN"",""Manufacturer Name"":""Microchip Technology"",""Manufacturer Part Number"":""MCP4461-104E/ML"",""Lifecycle"":""Active"",""Leadtime(WKS)"":""5"",""Case2"":"""",""Case3"":"""",""Case Displayed as"":"""",""Param #1"":"""",""Param #2"":"""",""Param #3"":"""",""Param #4"":"""",""Rev"":""0"",""Params used"":""2"",""AIPN Occurrence"":""30"",""AIPN - OLD"":"""",""LEN"":""5"",""Datasheet"":""https://ww1.microchip.com/downloads/en/DeviceDoc/22265a.pdf"",""RoHS Status"":""ROHS3 Compliant"",""Moisture Sensitivity Level (MSL)"":""Active"",""ECCN"":""EAR99"",""HTSUS"":""8542.39.0070"",""Country of Origin"":""Thailand""}}]"
PMR-000161,Imported - Pending Verification,Bourns Inc.,TC33X-2-103E,,POT-SMD-10K-0.15w-1T-Top-00,TRIMMER 10K OHM 0.15W J LEAD TOP,POT,https://www.bourns.com/docs/Product-Datasheets/TC33.pdf,AIPN Parts Master.xlsx,My Lists Worksheet,No,bournsinc | tc33x-2-103e,165,"[{""source_row"":165,""values"":{""AIPN"":"""",""Family"":""POT"",""Value"":"""",""Case"":""TOP-2"",""Image"":"""",""Description"":""TRIMMER 10K OHM 0.15W J LEAD TOP"",""Manufacturer Name"":""Bourns Inc."",""Manufacturer Part Number"":""TC33X-2-103E"",""Lifecycle"":""Active"",""Leadtime(WKS)"":""20"",""Case2"":""SMD"",""Case3"":""SMD"",""Case Displayed as"":""SMD"",""Param #1"":""10K"",""Param #2"":""0.15w"",""Param #3"":""1T"",""Param #4"":""Top"",""Rev"":""0"",""Params used"":""7"",""AIPN Occurrence"":""1"",""AIPN - OLD"":""POT-SMD-10K-0.15w-1T-Top-00"",""LEN"":""27"",""Datasheet"":""https://www.bourns.com/docs/Product-Datasheets/TC33.pdf"",""RoHS Status"":""ROHS3 Compliant"",""Moisture Sensitivity Level (MSL)"":""Active"",""ECCN"":""EAR99"",""HTSUS"":""8533.40.8050"",""Country of Origin"":""China""}}]"
PMR-000162,Imported - Pending Verification,Bourns Inc.,3269W-1-102GLF,,POT-SMD-1K-0.25w-12T-Top-00,TRIMMER 1K OHM 0.25W GW TOP ADJ,POT,https://www.bourns.com/docs/Product-Datasheets/3269.pdf,AIPN Parts Master.xlsx,My Lists Worksheet,No,bournsinc | 3269w-1-102glf,166,"[{""source_row"":166,""values"":{""AIPN"":"""",""Family"":""POT"",""Value"":"""",""Case"":"""",""Image"":"""",""Description"":""TRIMMER 1K OHM 0.25W GW TOP ADJ"",""Manufacturer Name"":""Bourns Inc."",""Manufacturer Part Number"":""3269W-1-102GLF"",""Lifecycle"":""Active"",""Leadtime(WKS)"":""14"",""Case2"":""SMD"",""Case3"":""SMD"",""Case Displayed as"":""SMD"",""Param #1"":""1K"",""Param #2"":""0.25w"",""Param #3"":""12T"",""Param #4"":""Top"",""Rev"":""0"",""Params used"":""7"",""AIPN Occurrence"":""1"",""AIPN - OLD"":""POT-SMD-1K-0.25w-12T-Top-00"",""LEN"":""27"",""Datasheet"":""https://www.bourns.com/docs/Product-Datasheets/3269.pdf"",""RoHS Status"":""ROHS3 Compliant"",""Moisture Sensitivity Level (MSL)"":""Active"",""ECCN"":""EAR99"",""HTSUS"":""8533.40.8050"",""Country of Origin"":""Costa Rica""}}]"
PMR-000163,Imported - Pending Verification,CUI Inc.,PSK-4-5,,PSU-THP-ACDC-4w-5v-00,AC/DC CONVERTER 5V 4W,PSU,https://belfuse.com/media/datasheets/products/power-supplies/PSK-4.pdf,AIPN Parts Master.xlsx,My Lists Worksheet,No,cuiinc | psk-4-5,167,"[{""source_row"":167,""values"":{""AIPN"":"""",""Family"":""PSU"",""Value"":"""",""Case"":"""",""Image"":"""",""Description"":""AC/DC CONVERTER 5V 4W"",""Manufacturer Name"":""CUI Inc."",""Manufacturer Part Number"":""PSK-4-5"",""Lifecycle"":""Active"",""Leadtime(WKS)"":""27"",""Case2"":""THT"",""Case3"":""THP"",""Case Displayed as"":""THP"",""Param #1"":""ACDC"",""Param #2"":""4w"",""Param #3"":""5v"",""Param #4"":"""",""Rev"":""0"",""Params used"":""6"",""AIPN Occurrence"":""1"",""AIPN - OLD"":""PSU-THP-ACDC-4w-5v-00"",""LEN"":""21"",""Datasheet"":""https://belfuse.com/media/datasheets/products/power-supplies/PSK-4.pdf"",""RoHS Status"":""ROHS3 Compliant"",""Moisture Sensitivity Level (MSL)"":""Active"",""ECCN"":""EAR99"",""HTSUS"":""8504.40.9510"",""Country of Origin"":""China""}}]"
PMR-000164,Imported - Pending Verification,ADI,ADR5041BKSZ,,,Shunt Voltage Reference IC Fixed 2.5V V ±0.1% 15 mA SC-70-3,REF,,AIPN Parts Master.xlsx,My Lists Worksheet,No,adi | adr5041bksz,168,"[{""source_row"":168,""values"":{""AIPN"":"""",""Family"":""REF"",""Value"":""2.5"",""Case"":""SC-70-3"",""Image"":"""",""Description"":""Shunt Voltage Reference IC Fixed 2.5V V ±0.1% 15 mA SC-70-3"",""Manufacturer Name"":""ADI"",""Manufacturer Part Number"":""ADR5041BKSZ"",""Lifecycle"":""Active"",""Leadtime(WKS)"":""10"",""Case2"":"""",""Case3"":"""",""Case Displayed as"":"""",""Param #1"":"""",""Param #2"":"""",""Param #3"":"""",""Param #4"":"""",""Rev"":""0"",""Params used"":""2"",""AIPN Occurrence"":""30"",""AIPN - OLD"":"""",""LEN"":""5"",""Datasheet"":"""",""RoHS Status"":"""",""Moisture Sensitivity Level (MSL)"":"""",""ECCN"":""EAR99"",""HTSUS"":""8542.39.0090"",""Country of Origin"":""""}}]"
PMR-000165,Imported - Pending Verification,Diodes Incorporated,AP3015AKTR-G1,,REG-SMD-Adj-A100-Boost-1-00,IC REG BOOST ADJ 75MA SOT23-5,REG,https://www.diodes.com/assets/Datasheets/AP3015_A.pdf,AIPN Parts Master.xlsx,My Lists Worksheet,No,diodesincorporated | ap3015aktr-g1,169,"[{""source_row"":169,""values"":{""AIPN"":"""",""Family"":""REG"",""Value"":""7.4999999999999997E-2"",""Case"":""SOT-23-5"",""Image"":"""",""Description"":""IC REG BOOST ADJ 75MA SOT23-5"",""Manufacturer Name"":""Diodes Incorporated"",""Manufacturer Part Number"":""AP3015AKTR-G1"",""Lifecycle"":""Active"",""Leadtime(WKS)"":""12"",""Case2"":""SOT-23-5"",""Case3"":""SMD"",""Case Displayed as"":""SMD"",""Param #1"":""Adj"",""Param #2"":""A100"",""Param #3"":""Boost"",""Param #4"":""1"",""Rev"":""0"",""Params used"":""7"",""AIPN Occurrence"":""1"",""AIPN - OLD"":""REG-SMD-Adj-A100-Boost-1-00"",""LEN"":""27"",""Datasheet"":""https://www.diodes.com/assets/Datasheets/AP3015_A.pdf"",""RoHS Status"":""ROHS3 Compliant"",""Moisture Sensitivity Level (MSL)"":""Active"",""ECCN"":""EAR99"",""HTSUS"":""8542.39.0070"",""Country of Origin"":""China""}}]"
PMR-000166,Imported - Pending Verification,ADI / Linear,LT3042EDD#TRPBF,,REG-SMD-Adj-0A2-LDO-1-00,IC REG LIN POS ADJ 200MA 10DFN,REG,https://www.analog.com/media/en/technical-documentation/data-sheets/3042fb.pdf,AIPN Parts Master.xlsx,My Lists Worksheet,No,adilinear | lt3042edd#trpbf,170,"[{""source_row"":170,""values"":{""AIPN"":"""",""Family"":""REG"",""Value"":""0.2"",""Case"":""DFN-10"",""Image"":"""",""Description"":""IC REG LIN POS ADJ 200MA 10DFN"",""Manufacturer Name"":""ADI / Linear"",""Manufacturer Part Number"":""LT3042EDD#TRPBF"",""Lifecycle"":""Active"",""Leadtime(WKS)"":""19"",""Case2"":""DFN-10"",""Case3"":""SMD"",""Case Displayed as"":""SMD"",""Param #1"":""Adj"",""Param #2"":""0A2"",""Param #3"":""LDO"",""Param #4"":""1"",""Rev"":""0"",""Params used"":""7"",""AIPN Occurrence"":""1"",""AIPN - OLD"":""REG-SMD-Adj-0A2-LDO-1-00"",""LEN"":""24"",""Datasheet"":""https://www.analog.com/media/en/technical-documentation/data-sheets/3042fb.pdf"",""RoHS Status"":""ROHS3 Compliant"",""Moisture Sensitivity Level (MSL)"":""Active"",""ECCN"":""EAR99"",""HTSUS"":""8542.39.0070"",""Country of Origin"":""Thailand""}}]"
PMR-000167,Imported - Pending Verification,TI,TPS62746YFPT,,REG-SMD-Buck-Var-300mA-1-00,IC REG BUCK PROG 300MA 8DSBGA,REG,https://www.ti.com/general/docs/suppproductinfo.tsp?distId=10&gotoUrl=http%253A%252F%252Fwww.ti.com%252Flit%252Fgpn%252Ftps62746,AIPN Parts Master.xlsx,My Lists Worksheet,No,ti | tps62746yfpt,171,"[{""source_row"":171,""values"":{""AIPN"":"""",""Family"":""REG"",""Value"":""0.3"",""Case"":""DSBGA-8"",""Image"":"""",""Description"":""IC REG BUCK PROG 300MA 8DSBGA"",""Manufacturer Name"":""TI"",""Manufacturer Part Number"":""TPS62746YFPT"",""Lifecycle"":""Active"",""Leadtime(WKS)"":""16"",""Case2"":""DSBGA-8"",""Case3"":""SMD"",""Case Displayed as"":""SMD"",""Param #1"":""Buck"",""Param #2"":""Var"",""Param #3"":""300mA"",""Param #4"":""1"",""Rev"":""0"",""Params used"":""7"",""AIPN Occurrence"":""1"",""AIPN - OLD"":""REG-SMD-Buck-Var-300mA-1-00"",""LEN"":""27"",""Datasheet"":""https://www.ti.com/general/docs/suppproductinfo.tsp?distId=10&gotoUrl=http%253A%252F%252Fwww.ti.com%252Flit%252Fgpn%252Ftps62746"",""RoHS Status"":""ROHS3 Compliant"",""Moisture Sensitivity Level (MSL)"":""Active"",""ECCN"":""EAR99"",""HTSUS"":""8542.39.0070"",""Country of Origin"":""Philippines""}}]"
PMR-000168,Imported - Pending Verification,onsemi,NCP1117LPSTADT3G,,REG-SMD-Adj-1A-LDO-00,IC REG LINEAR POS ADJ 1A SOT-223,REG,https://www.onsemi.com/pdf/datasheet/ncp1117lp-d.pdf,AIPN Parts Master.xlsx,My Lists Worksheet,No,onsemi | ncp1117lpstadt3g,172,"[{""source_row"":172,""values"":{""AIPN"":"""",""Family"":""REG"",""Value"":""1"",""Case"":""SOT-223-3L"",""Image"":"""",""Description"":""IC REG LINEAR POS ADJ 1A SOT-223"",""Manufacturer Name"":""onsemi"",""Manufacturer Part Number"":""NCP1117LPSTADT3G"",""Lifecycle"":""Active"",""Leadtime(WKS)"":""9"",""Case2"":""SOT-223"",""Case3"":""SMD"",""Case Displayed as"":""SMD"",""Param #1"":""Adj"",""Param #2"":""1A"",""Param #3"":""LDO"",""Param #4"":"""",""Rev"":""0"",""Params used"":""6"",""AIPN Occurrence"":""1"",""AIPN - OLD"":""REG-SMD-Adj-1A-LDO-00"",""LEN"":""21"",""Datasheet"":""https://www.onsemi.com/pdf/datasheet/ncp1117lp-d.pdf"",""RoHS Status"":""ROHS3 Compliant"",""Moisture Sensitivity Level (MSL)"":""Active"",""ECCN"":""EAR99"",""HTSUS"":""8542.39.0070"",""Country of Origin"":""Malaysia""}}]"
PMR-000169,Imported - Pending Verification,ADI / Linear,LTC3118IUFD#PBF,,ICS-PwrPath-2ch-1-00,IC REG BUCK BOOST ADJ 2A 24QFN,REG,https://www.analog.com/media/en/technical-documentation/data-sheets/3118fa.pdf,AIPN Parts Master.xlsx,My Lists Worksheet,No,adilinear | ltc3118iufd#pbf,173,"[{""source_row"":173,""values"":{""AIPN"":"""",""Family"":""REG"",""Value"":""2"",""Case"":""QFN-24"",""Image"":"""",""Description"":""IC REG BUCK BOOST ADJ 2A 24QFN"",""Manufacturer Name"":""ADI / Linear"",""Manufacturer Part Number"":""LTC3118IUFD#PBF"",""Lifecycle"":""Active"",""Leadtime(WKS)"":""10"",""Case2"":""QFN-24"",""Case3"":""SMD"",""Case Displayed as"":""SMD"",""Param #1"":""PwrPath"",""Param #2"":""2ch"",""Param #3"":""1"",""Param #4"":"""",""Rev"":""0"",""Params used"":""6"",""AIPN Occurrence"":""1"",""AIPN - OLD"":""ICS-PwrPath-2ch-1-00"",""LEN"":""20"",""Datasheet"":""https://www.analog.com/media/en/technical-documentation/data-sheets/3118fa.pdf"",""RoHS Status"":""ROHS3 Compliant"",""Moisture Sensitivity Level (MSL)"":""Active"",""ECCN"":""EAR99"",""HTSUS"":""8542.39.0070"",""Country of Origin"":""Thailand""}}]"
PMR-000170,Imported - Pending Verification,TI,TLV62569DBVR,,REG-SMD-Adj-2A-Buck-1-00,IC REG BUCK ADJ 2A SOT23-5,REG,https://www.ti.com/general/docs/suppproductinfo.tsp?distId=10&gotoUrl=https%3A%2F%2Fwww.ti.com%2Flit%2Fgpn%2Ftlv62569,AIPN Parts Master.xlsx,My Lists Worksheet,No,ti | tlv62569dbvr,174,"[{""source_row"":174,""values"":{""AIPN"":"""",""Family"":""REG"",""Value"":""2"",""Case"":""SOT-23-5"",""Image"":"""",""Description"":""IC REG BUCK ADJ 2A SOT23-5"",""Manufacturer Name"":""TI"",""Manufacturer Part Number"":""TLV62569DBVR"",""Lifecycle"":""Active"",""Leadtime(WKS)"":""16"",""Case2"":""SOT-23-5"",""Case3"":""SMD"",""Case Displayed as"":""SMD"",""Param #1"":""Adj"",""Param #2"":""2A"",""Param #3"":""Buck"",""Param #4"":""1"",""Rev"":""0"",""Params used"":""7"",""AIPN Occurrence"":""1"",""AIPN - OLD"":""REG-SMD-Adj-2A-Buck-1-00"",""LEN"":""24"",""Datasheet"":""https://www.ti.com/general/docs/suppproductinfo.tsp?distId=10&gotoUrl=https%3A%2F%2Fwww.ti.com%2Flit%2Fgpn%2Ftlv62569"",""RoHS Status"":""ROHS3 Compliant"",""Moisture Sensitivity Level (MSL)"":""Active"",""ECCN"":""EAR99"",""HTSUS"":""8542.39.0070"",""Country of Origin"":""United States""}}]"
PMR-000171,Imported - Pending Verification,TI,TPS63802DLAR,,REG-SMD-Buck-Boost-2A-1-00,IC REG BUCK BOOST ADJ 2A 10VSON,REG,https://www.ti.com/lit/ds/symlink/tps63802.pdf,AIPN Parts Master.xlsx,My Lists Worksheet,No,ti | tps63802dlar,175,"[{""source_row"":175,""values"":{""AIPN"":"""",""Family"":""REG"",""Value"":""2"",""Case"":""VSON-10"",""Image"":"""",""Description"":""IC REG BUCK BOOST ADJ 2A 10VSON"",""Manufacturer Name"":""TI"",""Manufacturer Part Number"":""TPS63802DLAR"",""Lifecycle"":""Active"",""Leadtime(WKS)"":""9"",""Case2"":""VSON-10"",""Case3"":""SMD"",""Case Displayed as"":""SMD"",""Param #1"":""Buck"",""Param #2"":""Boost"",""Param #3"":""2A"",""Param #4"":""1"",""Rev"":""0"",""Params used"":""7"",""AIPN Occurrence"":""1"",""AIPN - OLD"":""REG-SMD-Buck-Boost-2A-1-00"",""LEN"":""26"",""Datasheet"":""https://www.ti.com/lit/ds/symlink/tps63802.pdf"",""RoHS Status"":""ROHS3 Compliant"",""Moisture Sensitivity Level (MSL)"":""Active"",""ECCN"":""EAR99"",""HTSUS"":""8542.39.0070"",""Country of Origin"":""United States""}}]"
PMR-000172,Imported - Pending Verification,Microchip Technology,MCP1711T-25I/OT,,,IC REG LINEAR 2.5V 150MA SOT23-5,REG,https://ww1.microchip.com/downloads/en/DeviceDoc/20005415D.pdf,AIPN Parts Master.xlsx,My Lists Worksheet,No,microchiptechnology | mcp1711t-25i/ot,176,"[{""source_row"":176,""values"":{""AIPN"":"""",""Family"":""REG"",""Value"":""2.5"",""Case"":""SOT-23-5"",""Image"":"""",""Description"":""IC REG LINEAR 2.5V 150MA SOT23-5"",""Manufacturer Name"":""Microchip Technology"",""Manufacturer Part Number"":""MCP1711T-25I/OT"",""Lifecycle"":""Active"",""Leadtime(WKS)"":""20"",""Case2"":"""",""Case3"":"""",""Case Displayed as"":"""",""Param #1"":"""",""Param #2"":"""",""Param #3"":"""",""Param #4"":"""",""Rev"":""0"",""Params used"":""2"",""AIPN Occurrence"":""30"",""AIPN - OLD"":"""",""LEN"":""5"",""Datasheet"":""https://ww1.microchip.com/downloads/en/DeviceDoc/20005415D.pdf"",""RoHS Status"":""ROHS3 Compliant"",""Moisture Sensitivity Level (MSL)"":""Active"",""ECCN"":""EAR99"",""HTSUS"":""8542.39.0090"",""Country of Origin"":""Japan""}}]"
PMR-000173,Imported - Pending Verification,Diodes Incorporated,AP62250Z6-7,,REG-SMD-Adj-2A5-Buck-0-00,IC REG BUCK ADJ 2.5A SOT563,REG,https://www.diodes.com/assets/Datasheets/AP62250.pdf,AIPN Parts Master.xlsx,My Lists Worksheet,No,diodesincorporated | ap62250z6-7,177,"[{""source_row"":177,""values"":{""AIPN"":"""",""Family"":""REG"",""Value"":""2.5"",""Case"":""SOT-563"",""Image"":"""",""Description"":""IC REG BUCK ADJ 2.5A SOT563"",""Manufacturer Name"":""Diodes Incorporated"",""Manufacturer Part Number"":""AP62250Z6-7"",""Lifecycle"":""Active"",""Leadtime(WKS)"":""12"",""Case2"":""SOT-563"",""Case3"":""SMD"",""Case Displayed as"":""SMD"",""Param #1"":""Adj"",""Param #2"":""2A5"",""Param #3"":""Buck"",""Param #4"":""0"",""Rev"":""0"",""Params used"":""7"",""AIPN Occurrence"":""1"",""AIPN - OLD"":""REG-SMD-Adj-2A5-Buck-0-00"",""LEN"":""25"",""Datasheet"":""https://www.diodes.com/assets/Datasheets/AP62250.pdf"",""RoHS Status"":""ROHS3 Compliant"",""Moisture Sensitivity Level (MSL)"":""Active"",""ECCN"":""EAR99"",""HTSUS"":""8542.39.0070"",""Country of Origin"":""China""}}]"
PMR-000174,Imported - Pending Verification,Diodes Incorporated,AP62250WU-7,,REG-SMD-Adj-2A5-Buck-1-00,IC REG BUCK ADJ 2.5A TSOT26,REG,https://www.diodes.com/assets/Datasheets/AP62250.pdf,AIPN Parts Master.xlsx,My Lists Worksheet,No,diodesincorporated | ap62250wu-7,178,"[{""source_row"":178,""values"":{""AIPN"":"""",""Family"":""REG"",""Value"":""2.5"",""Case"":""TSOT-26"",""Image"":"""",""Description"":""IC REG BUCK ADJ 2.5A TSOT26"",""Manufacturer Name"":""Diodes Incorporated"",""Manufacturer Part Number"":""AP62250WU-7"",""Lifecycle"":""Active"",""Leadtime(WKS)"":""12"",""Case2"":""TSOT26"",""Case3"":""SMD"",""Case Displayed as"":""SMD"",""Param #1"":""Adj"",""Param #2"":""2A5"",""Param #3"":""Buck"",""Param #4"":""1"",""Rev"":""0"",""Params used"":""7"",""AIPN Occurrence"":""1"",""AIPN - OLD"":""REG-SMD-Adj-2A5-Buck-1-00"",""LEN"":""25"",""Datasheet"":""https://www.diodes.com/assets/Datasheets/AP62250.pdf"",""RoHS Status"":""ROHS3 Compliant"",""Moisture Sensitivity Level (MSL)"":""Active"",""ECCN"":""EAR99"",""HTSUS"":""8542.39.0070"",""Country of Origin"":""China""}}]"
PMR-000175,Imported - Pending Verification,EVVO,AMS1117-3.3,,REG-SMD-3v3-1A-LDO-00,IC REG LINEAR 3.3V 1A SOT-223-3L,REG,https://mm.digikey.com/Volume0/opasdata/d220001/medias/docus/7158/5272_AMS1117-3.3.pdf,AIPN Parts Master.xlsx,My Lists Worksheet,No,evvo | ams1117-3.3,179,"[{""source_row"":179,""values"":{""AIPN"":"""",""Family"":""REG"",""Value"":""3.3"",""Case"":""SOT-223-3L"",""Image"":"""",""Description"":""IC REG LINEAR 3.3V 1A SOT-223-3L"",""Manufacturer Name"":""EVVO"",""Manufacturer Part Number"":""AMS1117-3.3"",""Lifecycle"":""Active"",""Leadtime(WKS)"":""3"",""Case2"":""SOT-23-3"",""Case3"":""SMD"",""Case Displayed as"":""SMD"",""Param #1"":""3v3"",""Param #2"":""1A"",""Param #3"":""LDO"",""Param #4"":"""",""Rev"":""0"",""Params used"":""6"",""AIPN Occurrence"":""1"",""AIPN - OLD"":""REG-SMD-3v3-1A-LDO-00"",""LEN"":""21"",""Datasheet"":""https://mm.digikey.com/Volume0/opasdata/d220001/medias/docus/7158/5272_AMS1117-3.3.pdf"",""RoHS Status"":""ROHS3 Compliant"",""Moisture Sensitivity Level (MSL)"":""Active"",""ECCN"":""EAR99"",""HTSUS"":""8542.39.0090"",""Country of Origin"":""China""}}]"
PMR-000176,Imported - Pending Verification,TI,TLV75733PDBVR,,,IC REG LINEAR 3.3V 1A SOT23-5,REG,https://www.ti.com/general/docs/suppproductinfo.tsp?distId=10&gotoUrl=https%3A%2F%2Fwww.ti.com%2Flit%2Fgpn%2Ftlv757p,AIPN Parts Master.xlsx,My Lists Worksheet,No,ti | tlv75733pdbvr,180,"[{""source_row"":180,""values"":{""AIPN"":"""",""Family"":""REG"",""Value"":""3.3"",""Case"":""SOT-23-5"",""Image"":"""",""Description"":""IC REG LINEAR 3.3V 1A SOT23-5"",""Manufacturer Name"":""TI"",""Manufacturer Part Number"":""TLV75733PDBVR"",""Lifecycle"":""Active"",""Leadtime(WKS)"":""16"",""Case2"":"""",""Case3"":"""",""Case Displayed as"":"""",""Param #1"":"""",""Param #2"":"""",""Param #3"":"""",""Param #4"":"""",""Rev"":""0"",""Params used"":""2"",""AIPN Occurrence"":""30"",""AIPN - OLD"":"""",""LEN"":""5"",""Datasheet"":""https://www.ti.com/general/docs/suppproductinfo.tsp?distId=10&gotoUrl=https%3A%2F%2Fwww.ti.com%2Flit%2Fgpn%2Ftlv757p"",""RoHS Status"":""ROHS3 Compliant"",""Moisture Sensitivity Level (MSL)"":""Active"",""ECCN"":""EAR99"",""HTSUS"":""8542.39.0090"",""Country of Origin"":""United States""}}]"
PMR-000177,Imported - Pending Verification,TI,LM27762DSST,,,IC REG CHARGE PUMP ADJ DL 12WSON,REG,https://www.ti.com/general/docs/suppproductinfo.tsp?distId=10&gotoUrl=https%3A%2F%2Fwww.ti.com%2Flit%2Fgpn%2Flm27762,AIPN Parts Master.xlsx,My Lists Worksheet,No,ti | lm27762dsst,181,"[{""source_row"":181,""values"":{""AIPN"":"""",""Family"":""REG"",""Value"":"""",""Case"":""WSON-12"",""Image"":"""",""Description"":""IC REG CHARGE PUMP ADJ DL 12WSON"",""Manufacturer Name"":""TI"",""Manufacturer Part Number"":""LM27762DSST"",""Lifecycle"":""Active"",""Leadtime(WKS)"":""9"",""Case2"":"""",""Case3"":"""",""Case Displayed as"":"""",""Param #1"":"""",""Param #2"":"""",""Param #3"":"""",""Param #4"":"""",""Rev"":""0"",""Params used"":""2"",""AIPN Occurrence"":""30"",""AIPN - OLD"":"""",""LEN"":""5"",""Datasheet"":""https://www.ti.com/general/docs/suppproductinfo.tsp?distId=10&gotoUrl=https%3A%2F%2Fwww.ti.com%2Flit%2Fgpn%2Flm27762"",""RoHS Status"":""ROHS3 Compliant"",""Moisture Sensitivity Level (MSL)"":""Active"",""ECCN"":""EAR99"",""HTSUS"":""8542.39.0070"",""Country of Origin"":""United States""}}]"
PMR-000178,Imported - Pending Verification,Littelfuse Inc.,CPC1998J,,REL-THP-5A-240vac-SSR-SPSTno-00,SSR RELAY SPST-NO 5A 20-240V,REL,https://www.littelfuse.com/assetdocs/littelfuse-integrated-circuits-cpc1998j-datasheet?assetguid=42c5763f-6053-4cb8-92b0-0423aa9ba263,AIPN Parts Master.xlsx,My Lists Worksheet,No,littelfuseinc | cpc1998j,182,"[{""source_row"":182,""values"":{""AIPN"":"""",""Family"":""REL"",""Value"":""5"",""Case"":"""",""Image"":"""",""Description"":""SSR RELAY SPST-NO 5A 20-240V"",""Manufacturer Name"":""Littelfuse Inc."",""Manufacturer Part Number"":""CPC1998J"",""Lifecycle"":""Active"",""Leadtime(WKS)"":""23"",""Case2"":""THT"",""Case3"":""THP"",""Case Displayed as"":""THP"",""Param #1"":""5A"",""Param #2"":""240vac"",""Param #3"":""SSR"",""Param #4"":""SPSTno"",""Rev"":""0"",""Params used"":""7"",""AIPN Occurrence"":""1"",""AIPN - OLD"":""REL-THP-5A-240vac-SSR-SPSTno-00"",""LEN"":""31"",""Datasheet"":""https://www.littelfuse.com/assetdocs/littelfuse-integrated-circuits-cpc1998j-datasheet?assetguid=42c5763f-6053-4cb8-92b0-0423aa9ba263"",""RoHS Status"":""ROHS3 Compliant"",""Moisture Sensitivity Level (MSL)"":""Active"",""ECCN"":""EAR99"",""HTSUS"":""8536.41.0030"",""Country of Origin"":""Philippines""}}]"
PMR-000179,Imported - Pending Verification,YAGEO,RC0402JR-070RL,,,RES 0 OHM JUMPER 1/16W 0402,RES,https://yageogroup.com/content/datasheet/asset/file/PYU-RC_GROUP_51_ROHS_L,AIPN Parts Master.xlsx,My Lists Worksheet,No,yageo | rc0402jr-070rl,183,"[{""source_row"":183,""values"":{""AIPN"":"""",""Family"":""RES"",""Value"":""0"",""Case"":""0402"",""Image"":"""",""Description"":""RES 0 OHM JUMPER 1/16W 0402"",""Manufacturer Name"":""YAGEO"",""Manufacturer Part Number"":""RC0402JR-070RL"",""Lifecycle"":""Active"",""Leadtime(WKS)"":""17"",""Case2"":"""",""Case3"":"""",""Case Displayed as"":"""",""Param #1"":"""",""Param #2"":"""",""Param #3"":"""",""Param #4"":"""",""Rev"":""0"",""Params used"":""2"",""AIPN Occurrence"":""30"",""AIPN - OLD"":"""",""LEN"":""5"",""Datasheet"":""https://yageogroup.com/content/datasheet/asset/file/PYU-RC_GROUP_51_ROHS_L"",""RoHS Status"":""ROHS3 Compliant"",""Moisture Sensitivity Level (MSL)"":""Active"",""ECCN"":""EAR99"",""HTSUS"":""8533.21.0030"",""Country of Origin"":""Taiwan""}}]"
PMR-000180,Imported - Pending Verification,YAGEO,RC0603FR-070RL,,RES-0603-0R-1%-00,RES 0 OHM JUMPER 1/10W 0603,RES,https://yageogroup.com/content/datasheet/asset/file/PYU-RC_GROUP_51_ROHS_L,AIPN Parts Master.xlsx,My Lists Worksheet,No,yageo | rc0603fr-070rl,184,"[{""source_row"":184,""values"":{""AIPN"":"""",""Family"":""RES"",""Value"":""0"",""Case"":""0603"",""Image"":"""",""Description"":""RES 0 OHM JUMPER 1/10W 0603"",""Manufacturer Name"":""YAGEO"",""Manufacturer Part Number"":""RC0603FR-070RL"",""Lifecycle"":""Active"",""Leadtime(WKS)"":""17"",""Case2"":""603"",""Case3"":""SMD"",""Case Displayed as"":""0603"",""Param #1"":""0R"",""Param #2"":""1%"",""Param #3"":"""",""Param #4"":"""",""Rev"":""0"",""Params used"":""5"",""AIPN Occurrence"":""1"",""AIPN - OLD"":""RES-0603-0R-1%-00"",""LEN"":""17"",""Datasheet"":""https://yageogroup.com/content/datasheet/asset/file/PYU-RC_GROUP_51_ROHS_L"",""RoHS Status"":""ROHS3 Compliant"",""Moisture Sensitivity Level (MSL)"":""Active"",""ECCN"":""EAR99"",""HTSUS"":""8533.21.0030"",""Country of Origin"":""Taiwan""}}]"
PMR-000181,Imported - Pending Verification,Walsin Technology Corporation,WF25P10R0FTL,,RES-2512-10R-2W-1%-1-00,RES 10 OHM 1% 2W 2512,RES,,AIPN Parts Master.xlsx,My Lists Worksheet,No,walsintechnologycorporation | wf25p10r0ftl,185,"[{""source_row"":185,""values"":{""AIPN"":"""",""Family"":""RES"",""Value"":""10"",""Case"":""2512"",""Image"":"""",""Description"":""RES 10 OHM 1% 2W 2512"",""Manufacturer Name"":""Walsin Technology Corporation"",""Manufacturer Part Number"":""WF25P10R0FTL"",""Lifecycle"":""Active"",""Leadtime(WKS)"":""31"",""Case2"":""2512"",""Case3"":""SMD"",""Case Displayed as"":""2512"",""Param #1"":""10R"",""Param #2"":""2W"",""Param #3"":""1%"",""Param #4"":""1"",""Rev"":""0"",""Params used"":""7"",""AIPN Occurrence"":""1"",""AIPN - OLD"":""RES-2512-10R-2W-1%-1-00"",""LEN"":""23"",""Datasheet"":"""",""RoHS Status"":"""",""Moisture Sensitivity Level (MSL)"":"""",""ECCN"":"""",""HTSUS"":"""",""Country of Origin"":""""}}]"
PMR-000182,Imported - Pending Verification,YAGEO,RC0402FR-0722RL,,,RES 22 OHM 1% 1/16W 0402,RES,https://yageogroup.com/content/datasheet/asset/file/PYU-RC_GROUP_51_ROHS_L,AIPN Parts Master.xlsx,My Lists Worksheet,No,yageo | rc0402fr-0722rl,186,"[{""source_row"":186,""values"":{""AIPN"":"""",""Family"":""RES"",""Value"":""22"",""Case"":""0402"",""Image"":"""",""Description"":""RES 22 OHM 1% 1/16W 0402"",""Manufacturer Name"":""YAGEO"",""Manufacturer Part Number"":""RC0402FR-0722RL"",""Lifecycle"":""Active"",""Leadtime(WKS)"":""17"",""Case2"":"""",""Case3"":"""",""Case Displayed as"":"""",""Param #1"":"""",""Param #2"":"""",""Param #3"":"""",""Param #4"":"""",""Rev"":""0"",""Params used"":""2"",""AIPN Occurrence"":""30"",""AIPN - OLD"":"""",""LEN"":""5"",""Datasheet"":""https://yageogroup.com/content/datasheet/asset/file/PYU-RC_GROUP_51_ROHS_L"",""RoHS Status"":""ROHS3 Compliant"",""Moisture Sensitivity Level (MSL)"":""Active"",""ECCN"":""EAR99"",""HTSUS"":""8533.21.0030"",""Country of Origin"":""Taiwan""}}]"
PMR-000183,Imported - Pending Verification,Yageo,RC0603FR-0722RL,,RES-0603-22R-1%-00,RES 22 OHM 1% 1/10W 0603,RES,https://yageogroup.com/content/datasheet/asset/file/PYU-RC_GROUP_51_ROHS_L,AIPN Parts Master.xlsx,My Lists Worksheet,No,yageo | rc0603fr-0722rl,187,"[{""source_row"":187,""values"":{""AIPN"":"""",""Family"":""RES"",""Value"":""22"",""Case"":""0603"",""Image"":"""",""Description"":""RES 22 OHM 1% 1/10W 0603"",""Manufacturer Name"":""Yageo"",""Manufacturer Part Number"":""RC0603FR-0722RL"",""Lifecycle"":""Active"",""Leadtime(WKS)"":""17"",""Case2"":""603"",""Case3"":""SMD"",""Case Displayed as"":""0603"",""Param #1"":""22R"",""Param #2"":""1%"",""Param #3"":"""",""Param #4"":"""",""Rev"":""0"",""Params used"":""5"",""AIPN Occurrence"":""1"",""AIPN - OLD"":""RES-0603-22R-1%-00"",""LEN"":""18"",""Datasheet"":""https://yageogroup.com/content/datasheet/asset/file/PYU-RC_GROUP_51_ROHS_L"",""RoHS Status"":""ROHS3 Compliant"",""Moisture Sensitivity Level (MSL)"":""Active"",""ECCN"":""EAR99"",""HTSUS"":""8533.21.0030"",""Country of Origin"":""Taiwan""}}]"
PMR-000184,Imported - Pending Verification,YAGEO,RC2512FK-0739RL,,RES-2512-39R-1%-00,RES 39 OHM 1% 1W 2512,RES,https://yageogroup.com/content/datasheet/asset/file/PYU-RC_GROUP_51_ROHS_L,AIPN Parts Master.xlsx,My Lists Worksheet,No,yageo | rc2512fk-0739rl,188,"[{""source_row"":188,""values"":{""AIPN"":"""",""Family"":""RES"",""Value"":""39"",""Case"":""2512"",""Image"":"""",""Description"":""RES 39 OHM 1% 1W 2512"",""Manufacturer Name"":""YAGEO"",""Manufacturer Part Number"":""RC2512FK-0739RL"",""Lifecycle"":""Active"",""Leadtime(WKS)"":""17"",""Case2"":""2512"",""Case3"":""SMD"",""Case Displayed as"":""2512"",""Param #1"":""39R"",""Param #2"":""1%"",""Param #3"":"""",""Param #4"":"""",""Rev"":""0"",""Params used"":""5"",""AIPN Occurrence"":""1"",""AIPN - OLD"":""RES-2512-39R-1%-00"",""LEN"":""18"",""Datasheet"":""https://yageogroup.com/content/datasheet/asset/file/PYU-RC_GROUP_51_ROHS_L"",""RoHS Status"":""ROHS3 Compliant"",""Moisture Sensitivity Level (MSL)"":""Active"",""ECCN"":""EAR99"",""HTSUS"":""8533.21.0030"",""Country of Origin"":""Taiwan""}}]"
PMR-000185,Imported - Pending Verification,YAGEO,RC0603FR-0775RL,,RES-0603-75R-1%-00,RES 75 OHM 1% 1/10W 0603,RES,https://yageogroup.com/content/datasheet/asset/file/PYU-RC_GROUP_51_ROHS_L,AIPN Parts Master.xlsx,My Lists Worksheet,No,yageo | rc0603fr-0775rl,189,"[{""source_row"":189,""values"":{""AIPN"":"""",""Family"":""RES"",""Value"":""75"",""Case"":""0603"",""Image"":"""",""Description"":""RES 75 OHM 1% 1/10W 0603"",""Manufacturer Name"":""YAGEO"",""Manufacturer Part Number"":""RC0603FR-0775RL"",""Lifecycle"":""Active"",""Leadtime(WKS)"":""17"",""Case2"":""603"",""Case3"":""SMD"",""Case Displayed as"":""0603"",""Param #1"":""75R"",""Param #2"":""1%"",""Param #3"":"""",""Param #4"":"""",""Rev"":""0"",""Params used"":""5"",""AIPN Occurrence"":""1"",""AIPN - OLD"":""RES-0603-75R-1%-00"",""LEN"":""18"",""Datasheet"":""https://yageogroup.com/content/datasheet/asset/file/PYU-RC_GROUP_51_ROHS_L"",""RoHS Status"":""ROHS3 Compliant"",""Moisture Sensitivity Level (MSL)"":""Active"",""ECCN"":""EAR99"",""HTSUS"":""8533.21.0030"",""Country of Origin"":""Taiwan""}}]"
PMR-000186,Imported - Pending Verification,YAGEO,RC0603FR-07100RL,,RES-0603-100R-1%-00,RES 100 OHM 1% 1/10W 0603,RES,https://yageogroup.com/content/datasheet/asset/file/PYU-RC_GROUP_51_ROHS_L,AIPN Parts Master.xlsx,My Lists Worksheet,No,yageo | rc0603fr-07100rl,190,"[{""source_row"":190,""values"":{""AIPN"":"""",""Family"":""RES"",""Value"":""100"",""Case"":""0603"",""Image"":"""",""Description"":""RES 100 OHM 1% 1/10W 0603"",""Manufacturer Name"":""YAGEO"",""Manufacturer Part Number"":""RC0603FR-07100RL"",""Lifecycle"":""Active"",""Leadtime(WKS)"":""17"",""Case2"":""603"",""Case3"":""SMD"",""Case Displayed as"":""0603"",""Param #1"":""100R"",""Param #2"":""1%"",""Param #3"":"""",""Param #4"":"""",""Rev"":""0"",""Params used"":""5"",""AIPN Occurrence"":""1"",""AIPN - OLD"":""RES-0603-100R-1%-00"",""LEN"":""19"",""Datasheet"":""https://yageogroup.com/content/datasheet/asset/file/PYU-RC_GROUP_51_ROHS_L"",""RoHS Status"":""ROHS3 Compliant"",""Moisture Sensitivity Level (MSL)"":""Active"",""ECCN"":""EAR99"",""HTSUS"":""8533.21.0030"",""Country of Origin"":""Taiwan""}}]"
PMR-000187,Imported - Pending Verification,YAGEO,RC0603FR-07200RL,,RES-0603-200R-1%-00,RES 200 OHM 1% 1/10W 0603,RES,https://yageogroup.com/content/datasheet/asset/file/PYU-RC_GROUP_51_ROHS_L,AIPN Parts Master.xlsx,My Lists Worksheet,No,yageo | rc0603fr-07200rl,191,"[{""source_row"":191,""values"":{""AIPN"":"""",""Family"":""RES"",""Value"":""200"",""Case"":""0603"",""Image"":"""",""Description"":""RES 200 OHM 1% 1/10W 0603"",""Manufacturer Name"":""YAGEO"",""Manufacturer Part Number"":""RC0603FR-07200RL"",""Lifecycle"":""Active"",""Leadtime(WKS)"":""17"",""Case2"":""603"",""Case3"":""SMD"",""Case Displayed as"":""0603"",""Param #1"":""200R"",""Param #2"":""1%"",""Param #3"":"""",""Param #4"":"""",""Rev"":""0"",""Params used"":""5"",""AIPN Occurrence"":""1"",""AIPN - OLD"":""RES-0603-200R-1%-00"",""LEN"":""19"",""Datasheet"":""https://yageogroup.com/content/datasheet/asset/file/PYU-RC_GROUP_51_ROHS_L"",""RoHS Status"":""ROHS3 Compliant"",""Moisture Sensitivity Level (MSL)"":""Active"",""ECCN"":""EAR99"",""HTSUS"":""8533.21.0030"",""Country of Origin"":""Taiwan""}}]"
PMR-000188,Imported - Pending Verification,YAGEO,RT0603FRE07232RL,,RES-0603-232R-1%-00,RES SMD 232 OHM 1% 1/10W 0603,RES,https://yageogroup.com/content/datasheet/asset/file/PYU-RT_1-TO-0-01_ROHS_L,AIPN Parts Master.xlsx,My Lists Worksheet,No,yageo | rt0603fre07232rl,192,"[{""source_row"":192,""values"":{""AIPN"":"""",""Family"":""RES"",""Value"":""232"",""Case"":""0603"",""Image"":"""",""Description"":""RES SMD 232 OHM 1% 1/10W 0603"",""Manufacturer Name"":""YAGEO"",""Manufacturer Part Number"":""RT0603FRE07232RL"",""Lifecycle"":""Active"",""Leadtime(WKS)"":""20"",""Case2"":""603"",""Case3"":""SMD"",""Case Displayed as"":""0603"",""Param #1"":""232R"",""Param #2"":""1%"",""Param #3"":"""",""Param #4"":"""",""Rev"":""0"",""Params used"":""5"",""AIPN Occurrence"":""1"",""AIPN - OLD"":""RES-0603-232R-1%-00"",""LEN"":""19"",""Datasheet"":""https://yageogroup.com/content/datasheet/asset/file/PYU-RT_1-TO-0-01_ROHS_L"",""RoHS Status"":""ROHS3 Compliant"",""Moisture Sensitivity Level (MSL)"":""Active"",""ECCN"":""EAR99"",""HTSUS"":""8533.21.0030"",""Country of Origin"":""Taiwan""}}]"
PMR-000189,Imported - Pending Verification,YAGEO,RC0603FR-07330RL,,RES-0603-330R-1%-00,RES 330 OHM 1% 1/10W 0603,RES,https://yageogroup.com/content/datasheet/asset/file/PYU-RC_GROUP_51_ROHS_L,AIPN Parts Master.xlsx,My Lists Worksheet,No,yageo | rc0603fr-07330rl,193,"[{""source_row"":193,""values"":{""AIPN"":"""",""Family"":""RES"",""Value"":""330"",""Case"":""0603"",""Image"":"""",""Description"":""RES 330 OHM 1% 1/10W 0603"",""Manufacturer Name"":""YAGEO"",""Manufacturer Part Number"":""RC0603FR-07330RL"",""Lifecycle"":""Active"",""Leadtime(WKS)"":""17"",""Case2"":""603"",""Case3"":""SMD"",""Case Displayed as"":""0603"",""Param #1"":""330R"",""Param #2"":""1%"",""Param #3"":"""",""Param #4"":"""",""Rev"":""0"",""Params used"":""5"",""AIPN Occurrence"":""1"",""AIPN - OLD"":""RES-0603-330R-1%-00"",""LEN"":""19"",""Datasheet"":""https://yageogroup.com/content/datasheet/asset/file/PYU-RC_GROUP_51_ROHS_L"",""RoHS Status"":""ROHS3 Compliant"",""Moisture Sensitivity Level (MSL)"":""Active"",""ECCN"":""EAR99"",""HTSUS"":""8533.21.0030"",""Country of Origin"":""Taiwan""}}]"
PMR-000190,Imported - Pending Verification,YAGEO,RT0603FRE07332RL,,RES-0603-332R-1%-00,RES SMD 332 OHM 1% 1/10W 0603,RES,https://yageogroup.com/content/datasheet/asset/file/PYU-RT_1-TO-0-01_ROHS_L,AIPN Parts Master.xlsx,My Lists Worksheet,No,yageo | rt0603fre07332rl,194,"[{""source_row"":194,""values"":{""AIPN"":"""",""Family"":""RES"",""Value"":""332"",""Case"":""0603"",""Image"":"""",""Description"":""RES SMD 332 OHM 1% 1/10W 0603"",""Manufacturer Name"":""YAGEO"",""Manufacturer Part Number"":""RT0603FRE07332RL"",""Lifecycle"":""Active"",""Leadtime(WKS)"":""20"",""Case2"":""603"",""Case3"":""SMD"",""Case Displayed as"":""0603"",""Param #1"":""332R"",""Param #2"":""1%"",""Param #3"":"""",""Param #4"":"""",""Rev"":""0"",""Params used"":""5"",""AIPN Occurrence"":""1"",""AIPN - OLD"":""RES-0603-332R-1%-00"",""LEN"":""19"",""Datasheet"":""https://yageogroup.com/content/datasheet/asset/file/PYU-RT_1-TO-0-01_ROHS_L"",""RoHS Status"":""ROHS3 Compliant"",""Moisture Sensitivity Level (MSL)"":""Active"",""ECCN"":""EAR99"",""HTSUS"":""8533.21.0030"",""Country of Origin"":""Taiwan""}}]"
PMR-000191,Imported - Pending Verification,Vishay Dale Thin Film,PAT0603E4000BST1,,RES-0603-400R-0.1%-00,RES SMD 400 OHM 0.1% 0.15W 0603,RES,https://www.vishay.com/docs/60024/pat.pdf,AIPN Parts Master.xlsx,My Lists Worksheet,No,vishaydalethinfilm | pat0603e4000bst1,195,"[{""source_row"":195,""values"":{""AIPN"":"""",""Family"":""RES"",""Value"":""400"",""Case"":""0603"",""Image"":"""",""Description"":""RES SMD 400 OHM 0.1% 0.15W 0603"",""Manufacturer Name"":""Vishay Dale Thin Film"",""Manufacturer Part Number"":""PAT0603E4000BST1"",""Lifecycle"":""Active"",""Leadtime(WKS)"":""53"",""Case2"":""603"",""Case3"":""SMD"",""Case Displayed as"":""0603"",""Param #1"":""400R"",""Param #2"":""0.1%"",""Param #3"":"""",""Param #4"":"""",""Rev"":""0"",""Params used"":""5"",""AIPN Occurrence"":""1"",""AIPN - OLD"":""RES-0603-400R-0.1%-00"",""LEN"":""21"",""Datasheet"":""https://www.vishay.com/docs/60024/pat.pdf"",""RoHS Status"":""ROHS3 Compliant"",""Moisture Sensitivity Level (MSL)"":""Active"",""ECCN"":""EAR99"",""HTSUS"":""8533.21.0030"",""Country of Origin"":""United States""}}]"
PMR-000192,Imported - Pending Verification,YAGEO,RC0603FR-07470RL,,RES-0603-470R-1%-00,RES 470 OHM 1% 1/10W 0603,RES,https://yageogroup.com/content/datasheet/asset/file/PYU-RC_GROUP_51_ROHS_L,AIPN Parts Master.xlsx,My Lists Worksheet,No,yageo | rc0603fr-07470rl,196,"[{""source_row"":196,""values"":{""AIPN"":"""",""Family"":""RES"",""Value"":""470"",""Case"":""0603"",""Image"":"""",""Description"":""RES 470 OHM 1% 1/10W 0603"",""Manufacturer Name"":""YAGEO"",""Manufacturer Part Number"":""RC0603FR-07470RL"",""Lifecycle"":""Active"",""Leadtime(WKS)"":""17"",""Case2"":""603"",""Case3"":""SMD"",""Case Displayed as"":""0603"",""Param #1"":""470R"",""Param #2"":""1%"",""Param #3"":"""",""Param #4"":"""",""Rev"":""0"",""Params used"":""5"",""AIPN Occurrence"":""1"",""AIPN - OLD"":""RES-0603-470R-1%-00"",""LEN"":""19"",""Datasheet"":""https://yageogroup.com/content/datasheet/asset/file/PYU-RC_GROUP_51_ROHS_L"",""RoHS Status"":""ROHS3 Compliant"",""Moisture Sensitivity Level (MSL)"":""Active"",""ECCN"":""EAR99"",""HTSUS"":""8533.21.0030"",""Country of Origin"":""Taiwan""}}]"
PMR-000193,Imported - Pending Verification,Koa Speer,RK73H1ETTP1001F,,,RES 1K OHM 1% 1/10W 0402,RES,https://www.koaspeer.com/pdfs/RK73H.pdf,AIPN Parts Master.xlsx,My Lists Worksheet,No,koaspeer | rk73h1ettp1001f,197,"[{""source_row"":197,""values"":{""AIPN"":"""",""Family"":""RES"",""Value"":""1000"",""Case"":""0402"",""Image"":"""",""Description"":""RES 1K OHM 1% 1/10W 0402"",""Manufacturer Name"":""Koa Speer"",""Manufacturer Part Number"":""RK73H1ETTP1001F"",""Lifecycle"":""Active"",""Leadtime(WKS)"":""7"",""Case2"":"""",""Case3"":"""",""Case Displayed as"":"""",""Param #1"":"""",""Param #2"":"""",""Param #3"":"""",""Param #4"":"""",""Rev"":""0"",""Params used"":""2"",""AIPN Occurrence"":""30"",""AIPN - OLD"":"""",""LEN"":""5"",""Datasheet"":""https://www.koaspeer.com/pdfs/RK73H.pdf"",""RoHS Status"":""ROHS3 Compliant"",""Moisture Sensitivity Level (MSL)"":""Active"",""ECCN"":""EAR99"",""HTSUS"":""8533.21.0030"",""Country of Origin"":""Malaysia""}}]"
PMR-000194,Imported - Pending Verification,YAGEO,RC0603FR-071KL,,RES-0603-1K-1%-00,RES 1K OHM 1% 1/10W 0603,RES,https://yageogroup.com/content/datasheet/asset/file/PYU-RC_GROUP_51_ROHS_L,AIPN Parts Master.xlsx,My Lists Worksheet,No,yageo | rc0603fr-071kl,198,"[{""source_row"":198,""values"":{""AIPN"":"""",""Family"":""RES"",""Value"":""1000"",""Case"":""0603"",""Image"":"""",""Description"":""RES 1K OHM 1% 1/10W 0603"",""Manufacturer Name"":""YAGEO"",""Manufacturer Part Number"":""RC0603FR-071KL"",""Lifecycle"":""Active"",""Leadtime(WKS)"":""17"",""Case2"":""603"",""Case3"":""SMD"",""Case Displayed as"":""0603"",""Param #1"":""1K"",""Param #2"":""1%"",""Param #3"":"""",""Param #4"":"""",""Rev"":""0"",""Params used"":""5"",""AIPN Occurrence"":""1"",""AIPN - OLD"":""RES-0603-1K-1%-00"",""LEN"":""17"",""Datasheet"":""https://yageogroup.com/content/datasheet/asset/file/PYU-RC_GROUP_51_ROHS_L"",""RoHS Status"":""ROHS3 Compliant"",""Moisture Sensitivity Level (MSL)"":""Active"",""ECCN"":""EAR99"",""HTSUS"":""8533.21.0030"",""Country of Origin"":""Taiwan""}}]"
PMR-000195,Imported - Pending Verification,Stackpole Electronics Inc,RMCF0603FT1K50,,RES-0603-1K5-1%-00,RES 1.5K OHM 1% 1/10W 0603,RES,https://www.seielect.com/catalog/SEI-RMCF_RMCP.pdf,AIPN Parts Master.xlsx,My Lists Worksheet,No,stackpoleelectronicsinc | rmcf0603ft1k50,199,"[{""source_row"":199,""values"":{""AIPN"":"""",""Family"":""RES"",""Value"":""1500"",""Case"":""0603"",""Image"":"""",""Description"":""RES 1.5K OHM 1% 1/10W 0603"",""Manufacturer Name"":""Stackpole Electronics Inc"",""Manufacturer Part Number"":""RMCF0603FT1K50"",""Lifecycle"":""Active"",""Leadtime(WKS)"":""21"",""Case2"":""603"",""Case3"":""SMD"",""Case Displayed as"":""0603"",""Param #1"":""1K5"",""Param #2"":""1%"",""Param #3"":"""",""Param #4"":"""",""Rev"":""0"",""Params used"":""5"",""AIPN Occurrence"":""1"",""AIPN - OLD"":""RES-0603-1K5-1%-00"",""LEN"":""18"",""Datasheet"":""https://www.seielect.com/catalog/SEI-RMCF_RMCP.pdf"",""RoHS Status"":""ROHS3 Compliant"",""Moisture Sensitivity Level (MSL)"":""Active"",""ECCN"":""EAR99"",""HTSUS"":""8533.21.0030"",""Country of Origin"":""Taiwan""}}]"
PMR-000196,Imported - Pending Verification,YAGEO,RC0603FR-072KL,,RES-0603-2K-1%-00,RES 2K OHM 1% 1/10W 0603,RES,https://yageogroup.com/content/datasheet/asset/file/PYU-RC_GROUP_51_ROHS_L,AIPN Parts Master.xlsx,My Lists Worksheet,No,yageo | rc0603fr-072kl,200,"[{""source_row"":200,""values"":{""AIPN"":"""",""Family"":""RES"",""Value"":""2000"",""Case"":""0603"",""Image"":"""",""Description"":""RES 2K OHM 1% 1/10W 0603"",""Manufacturer Name"":""YAGEO"",""Manufacturer Part Number"":""RC0603FR-072KL"",""Lifecycle"":""Active"",""Leadtime(WKS)"":""17"",""Case2"":""603"",""Case3"":""SMD"",""Case Displayed as"":""0603"",""Param #1"":""2K"",""Param #2"":""1%"",""Param #3"":"""",""Param #4"":"""",""Rev"":""0"",""Params used"":""5"",""AIPN Occurrence"":""1"",""AIPN - OLD"":""RES-0603-2K-1%-00"",""LEN"":""17"",""Datasheet"":""https://yageogroup.com/content/datasheet/asset/file/PYU-RC_GROUP_51_ROHS_L"",""RoHS Status"":""ROHS3 Compliant"",""Moisture Sensitivity Level (MSL)"":""Active"",""ECCN"":""EAR99"",""HTSUS"":""8533.21.0030"",""Country of Origin"":""Taiwan""}}]"
PMR-000197,Imported - Pending Verification,YAGEO,RC0603FR-072K2L,,RES-0603-2K2-1%-00,RES 2.2K OHM 1% 1/10W 0603,RES,https://yageogroup.com/content/datasheet/asset/file/PYU-RC_GROUP_51_ROHS_L,AIPN Parts Master.xlsx,My Lists Worksheet,No,yageo | rc0603fr-072k2l,201,"[{""source_row"":201,""values"":{""AIPN"":"""",""Family"":""RES"",""Value"":""2200"",""Case"":""0603"",""Image"":"""",""Description"":""RES 2.2K OHM 1% 1/10W 0603"",""Manufacturer Name"":""YAGEO"",""Manufacturer Part Number"":""RC0603FR-072K2L"",""Lifecycle"":""Active"",""Leadtime(WKS)"":""17"",""Case2"":""603"",""Case3"":""SMD"",""Case Displayed as"":""0603"",""Param #1"":""2K2"",""Param #2"":""1%"",""Param #3"":"""",""Param #4"":"""",""Rev"":""0"",""Params used"":""5"",""AIPN Occurrence"":""1"",""AIPN - OLD"":""RES-0603-2K2-1%-00"",""LEN"":""18"",""Datasheet"":""https://yageogroup.com/content/datasheet/asset/file/PYU-RC_GROUP_51_ROHS_L"",""RoHS Status"":""ROHS3 Compliant"",""Moisture Sensitivity Level (MSL)"":""Active"",""ECCN"":""EAR99"",""HTSUS"":""8533.21.0030"",""Country of Origin"":""Taiwan""}}]"
PMR-000198,Imported - Pending Verification,YAGEO,RC0603FR-072K4L,,RES-0603-2K4-1%-00,RES 2.4K OHM 1% 1/10W 0603,RES,https://yageogroup.com/content/datasheet/asset/file/PYU-RC_GROUP_51_ROHS_L,AIPN Parts Master.xlsx,My Lists Worksheet,No,yageo | rc0603fr-072k4l,202,"[{""source_row"":202,""values"":{""AIPN"":"""",""Family"":""RES"",""Value"":""2400"",""Case"":""0603"",""Image"":"""",""Description"":""RES 2.4K OHM 1% 1/10W 0603"",""Manufacturer Name"":""YAGEO"",""Manufacturer Part Number"":""RC0603FR-072K4L"",""Lifecycle"":""Active"",""Leadtime(WKS)"":""17"",""Case2"":""603"",""Case3"":""SMD"",""Case Displayed as"":""0603"",""Param #1"":""2K4"",""Param #2"":""1%"",""Param #3"":"""",""Param #4"":"""",""Rev"":""0"",""Params used"":""5"",""AIPN Occurrence"":""1"",""AIPN - OLD"":""RES-0603-2K4-1%-00"",""LEN"":""18"",""Datasheet"":""https://yageogroup.com/content/datasheet/asset/file/PYU-RC_GROUP_51_ROHS_L"",""RoHS Status"":""ROHS3 Compliant"",""Moisture Sensitivity Level (MSL)"":""Active"",""ECCN"":""EAR99"",""HTSUS"":""8533.21.0030"",""Country of Origin"":""Taiwan""}}]"
PMR-000199,Imported - Pending Verification,YAGEO,RC0603FR-073K3L,,RES-0603-3K3-1%-00,RES 3.3K OHM 1% 1/10W 0603,RES,https://yageogroup.com/content/datasheet/asset/file/PYU-RC_GROUP_51_ROHS_L,AIPN Parts Master.xlsx,My Lists Worksheet,No,yageo | rc0603fr-073k3l,203,"[{""source_row"":203,""values"":{""AIPN"":"""",""Family"":""RES"",""Value"":""3300"",""Case"":""0603"",""Image"":"""",""Description"":""RES 3.3K OHM 1% 1/10W 0603"",""Manufacturer Name"":""YAGEO"",""Manufacturer Part Number"":""RC0603FR-073K3L"",""Lifecycle"":""Active"",""Leadtime(WKS)"":""17"",""Case2"":""603"",""Case3"":""SMD"",""Case Displayed as"":""0603"",""Param #1"":""3K3"",""Param #2"":""1%"",""Param #3"":"""",""Param #4"":"""",""Rev"":""0"",""Params used"":""5"",""AIPN Occurrence"":""1"",""AIPN - OLD"":""RES-0603-3K3-1%-00"",""LEN"":""18"",""Datasheet"":""https://yageogroup.com/content/datasheet/asset/file/PYU-RC_GROUP_51_ROHS_L"",""RoHS Status"":""ROHS3 Compliant"",""Moisture Sensitivity Level (MSL)"":""Active"",""ECCN"":""EAR99"",""HTSUS"":""8533.21.0030"",""Country of Origin"":""Taiwan""}}]"
PMR-000200,Imported - Pending Verification,YAGEO,RC0402FR-074K7L,,,RES 4.7K OHM 1% 1/16W 0402,RES,https://yageogroup.com/content/datasheet/asset/file/PYU-RC_GROUP_51_ROHS_L,AIPN Parts Master.xlsx,My Lists Worksheet,No,yageo | rc0402fr-074k7l,204,"[{""source_row"":204,""values"":{""AIPN"":"""",""Family"":""RES"",""Value"":""4700"",""Case"":""0402"",""Image"":"""",""Description"":""RES 4.7K OHM 1% 1/16W 0402"",""Manufacturer Name"":""YAGEO"",""Manufacturer Part Number"":""RC0402FR-074K7L"",""Lifecycle"":""Active"",""Leadtime(WKS)"":""17"",""Case2"":"""",""Case3"":"""",""Case Displayed as"":"""",""Param #1"":"""",""Param #2"":"""",""Param #3"":"""",""Param #4"":"""",""Rev"":""0"",""Params used"":""2"",""AIPN Occurrence"":""30"",""AIPN - OLD"":"""",""LEN"":""5"",""Datasheet"":""https://yageogroup.com/content/datasheet/asset/file/PYU-RC_GROUP_51_ROHS_L"",""RoHS Status"":""ROHS3 Compliant"",""Moisture Sensitivity Level (MSL)"":""Active"",""ECCN"":""EAR99"",""HTSUS"":""8533.21.0030"",""Country of Origin"":""Taiwan""}}]"
PMR-000201,Imported - Pending Verification,YAGEO,RC0603FR-074K7L,,RES-0603-4K7-1%-00,RES 4.7K OHM 1% 1/10W 0603,RES,https://yageogroup.com/content/datasheet/asset/file/PYU-RC_GROUP_51_ROHS_L,AIPN Parts Master.xlsx,My Lists Worksheet,No,yageo | rc0603fr-074k7l,205,"[{""source_row"":205,""values"":{""AIPN"":"""",""Family"":""RES"",""Value"":""4700"",""Case"":""0603"",""Image"":"""",""Description"":""RES 4.7K OHM 1% 1/10W 0603"",""Manufacturer Name"":""YAGEO"",""Manufacturer Part Number"":""RC0603FR-074K7L"",""Lifecycle"":""Active"",""Leadtime(WKS)"":""17"",""Case2"":""603"",""Case3"":""SMD"",""Case Displayed as"":""0603"",""Param #1"":""4K7"",""Param #2"":""1%"",""Param #3"":"""",""Param #4"":"""",""Rev"":""0"",""Params used"":""5"",""AIPN Occurrence"":""1"",""AIPN - OLD"":""RES-0603-4K7-1%-00"",""LEN"":""18"",""Datasheet"":""https://yageogroup.com/content/datasheet/asset/file/PYU-RC_GROUP_51_ROHS_L"",""RoHS Status"":""ROHS3 Compliant"",""Moisture Sensitivity Level (MSL)"":""Active"",""ECCN"":""EAR99"",""HTSUS"":""8533.21.0030"",""Country of Origin"":""Taiwan""}}]"
PMR-000202,Imported - Pending Verification,YAGEO,RC0402FR-0710KL,,,RES 10K OHM 1% 1/16W 0402,RES,https://yageogroup.com/content/datasheet/asset/file/PYU-RC_GROUP_51_ROHS_L,AIPN Parts Master.xlsx,My Lists Worksheet,No,yageo | rc0402fr-0710kl,206,"[{""source_row"":206,""values"":{""AIPN"":"""",""Family"":""RES"",""Value"":""10000"",""Case"":""0402"",""Image"":"""",""Description"":""RES 10K OHM 1% 1/16W 0402"",""Manufacturer Name"":""YAGEO"",""Manufacturer Part Number"":""RC0402FR-0710KL"",""Lifecycle"":""Active"",""Leadtime(WKS)"":""17"",""Case2"":"""",""Case3"":"""",""Case Displayed as"":"""",""Param #1"":"""",""Param #2"":"""",""Param #3"":"""",""Param #4"":"""",""Rev"":""0"",""Params used"":""2"",""AIPN Occurrence"":""30"",""AIPN - OLD"":"""",""LEN"":""5"",""Datasheet"":""https://yageogroup.com/content/datasheet/asset/file/PYU-RC_GROUP_51_ROHS_L"",""RoHS Status"":""ROHS3 Compliant"",""Moisture Sensitivity Level (MSL)"":""Active"",""ECCN"":""EAR99"",""HTSUS"":""8533.21.0030"",""Country of Origin"":""Taiwan""}}]"
PMR-000203,Imported - Pending Verification,YAGEO,RC0603FR-0710KL,,RES-0603-10K-1%-00,RES 10K OHM 1% 1/10W 0603,RES,https://yageogroup.com/content/datasheet/asset/file/PYU-RC_GROUP_51_ROHS_L,AIPN Parts Master.xlsx,My Lists Worksheet,No,yageo | rc0603fr-0710kl,207,"[{""source_row"":207,""values"":{""AIPN"":"""",""Family"":""RES"",""Value"":""10000"",""Case"":""0603"",""Image"":"""",""Description"":""RES 10K OHM 1% 1/10W 0603"",""Manufacturer Name"":""YAGEO"",""Manufacturer Part Number"":""RC0603FR-0710KL"",""Lifecycle"":""Active"",""Leadtime(WKS)"":""17"",""Case2"":""603"",""Case3"":""SMD"",""Case Displayed as"":""0603"",""Param #1"":""10K"",""Param #2"":""1%"",""Param #3"":"""",""Param #4"":"""",""Rev"":""0"",""Params used"":""5"",""AIPN Occurrence"":""1"",""AIPN - OLD"":""RES-0603-10K-1%-00"",""LEN"":""18"",""Datasheet"":""https://yageogroup.com/content/datasheet/asset/file/PYU-RC_GROUP_51_ROHS_L"",""RoHS Status"":""ROHS3 Compliant"",""Moisture Sensitivity Level (MSL)"":""Active"",""ECCN"":""EAR99"",""HTSUS"":""8533.21.0030"",""Country of Origin"":""Taiwan""}}]"
PMR-000204,Imported - Pending Verification,Vishay Dale Thin Film,TNPW060310K0BEEA,,,RES 10K OHM 0.1% 0.21W 0603,RES,https://www.vishay.com/docs/28758/tnpw_e3.pdf,AIPN Parts Master.xlsx,My Lists Worksheet,No,vishaydalethinfilm | tnpw060310k0beea,208,"[{""source_row"":208,""values"":{""AIPN"":"""",""Family"":""RES"",""Value"":""10000"",""Case"":""0603"",""Image"":"""",""Description"":""RES 10K OHM 0.1% 0.21W 0603"",""Manufacturer Name"":""Vishay Dale Thin Film"",""Manufacturer Part Number"":""TNPW060310K0BEEA"",""Lifecycle"":""Active"",""Leadtime(WKS)"":""25"",""Case2"":"""",""Case3"":"""",""Case Displayed as"":"""",""Param #1"":"""",""Param #2"":"""",""Param #3"":"""",""Param #4"":"""",""Rev"":""0"",""Params used"":""2"",""AIPN Occurrence"":""30"",""AIPN - OLD"":"""",""LEN"":""5"",""Datasheet"":""https://www.vishay.com/docs/28758/tnpw_e3.pdf"",""RoHS Status"":""ROHS3 Compliant"",""Moisture Sensitivity Level (MSL)"":""Active"",""ECCN"":""EAR99"",""HTSUS"":""8533.21.0030"",""Country of Origin"":""Germany""}}]"
PMR-000205,Imported - Pending Verification,YAGEO,RT0603FRE0717K8L,,RES-0603-17K8-1%-00,RES SMD 17.8K OHM 1% 1/10W 0603,RES,https://yageogroup.com/content/datasheet/asset/file/PYU-RT_1-TO-0-01_ROHS_L,AIPN Parts Master.xlsx,My Lists Worksheet,No,yageo | rt0603fre0717k8l,209,"[{""source_row"":209,""values"":{""AIPN"":"""",""Family"":""RES"",""Value"":""17800"",""Case"":""0603"",""Image"":"""",""Description"":""RES SMD 17.8K OHM 1% 1/10W 0603"",""Manufacturer Name"":""YAGEO"",""Manufacturer Part Number"":""RT0603FRE0717K8L"",""Lifecycle"":""Active"",""Leadtime(WKS)"":""20"",""Case2"":""603"",""Case3"":""SMD"",""Case Displayed as"":""0603"",""Param #1"":""17K8"",""Param #2"":""1%"",""Param #3"":"""",""Param #4"":"""",""Rev"":""0"",""Params used"":""5"",""AIPN Occurrence"":""1"",""AIPN - OLD"":""RES-0603-17K8-1%-00"",""LEN"":""19"",""Datasheet"":""https://yageogroup.com/content/datasheet/asset/file/PYU-RT_1-TO-0-01_ROHS_L"",""RoHS Status"":""ROHS3 Compliant"",""Moisture Sensitivity Level (MSL)"":""Active"",""ECCN"":""EAR99"",""HTSUS"":""8533.21.0030"",""Country of Origin"":""Taiwan""}}]"
PMR-000206,Imported - Pending Verification,YAGEO,RC0603FR-0718KL,,RES-0603-18K-1%-00,RES 18K OHM 1% 1/10W 0603,RES,https://yageogroup.com/content/datasheet/asset/file/PYU-RC_GROUP_51_ROHS_L,AIPN Parts Master.xlsx,My Lists Worksheet,No,yageo | rc0603fr-0718kl,210,"[{""source_row"":210,""values"":{""AIPN"":"""",""Family"":""RES"",""Value"":""18000"",""Case"":""0603"",""Image"":"""",""Description"":""RES 18K OHM 1% 1/10W 0603"",""Manufacturer Name"":""YAGEO"",""Manufacturer Part Number"":""RC0603FR-0718KL"",""Lifecycle"":""Active"",""Leadtime(WKS)"":""17"",""Case2"":""603"",""Case3"":""SMD"",""Case Displayed as"":""0603"",""Param #1"":""18K"",""Param #2"":""1%"",""Param #3"":"""",""Param #4"":"""",""Rev"":""0"",""Params used"":""5"",""AIPN Occurrence"":""1"",""AIPN - OLD"":""RES-0603-18K-1%-00"",""LEN"":""18"",""Datasheet"":""https://yageogroup.com/content/datasheet/asset/file/PYU-RC_GROUP_51_ROHS_L"",""RoHS Status"":""ROHS3 Compliant"",""Moisture Sensitivity Level (MSL)"":""Active"",""ECCN"":""EAR99"",""HTSUS"":""8533.21.0030"",""Country of Origin"":""Taiwan""}}]"
PMR-000207,Imported - Pending Verification,YAGEO,RC0603FR-0722KL,,RES-0603-22K-1%-00,RES 22K OHM 1% 1/10W 0603,RES,https://yageogroup.com/content/datasheet/asset/file/PYU-RC_GROUP_51_ROHS_L,AIPN Parts Master.xlsx,My Lists Worksheet,No,yageo | rc0603fr-0722kl,211,"[{""source_row"":211,""values"":{""AIPN"":"""",""Family"":""RES"",""Value"":""22000"",""Case"":""0603"",""Image"":"""",""Description"":""RES 22K OHM 1% 1/10W 0603"",""Manufacturer Name"":""YAGEO"",""Manufacturer Part Number"":""RC0603FR-0722KL"",""Lifecycle"":""Active"",""Leadtime(WKS)"":""17"",""Case2"":""603"",""Case3"":""SMD"",""Case Displayed as"":""0603"",""Param #1"":""22K"",""Param #2"":""1%"",""Param #3"":"""",""Param #4"":"""",""Rev"":""0"",""Params used"":""5"",""AIPN Occurrence"":""1"",""AIPN - OLD"":""RES-0603-22K-1%-00"",""LEN"":""18"",""Datasheet"":""https://yageogroup.com/content/datasheet/asset/file/PYU-RC_GROUP_51_ROHS_L"",""RoHS Status"":""ROHS3 Compliant"",""Moisture Sensitivity Level (MSL)"":""Active"",""ECCN"":""EAR99"",""HTSUS"":""8533.21.0030"",""Country of Origin"":""Taiwan""}}]"
PMR-000208,Imported - Pending Verification,Vishay Dale Thin Film,TNPW060325K2BEEN,,,TNPW0603 25K2 0.1% T-9 E52 E3,RES,https://www.vishay.com/docs/28758/tnpw_e3.pdf,AIPN Parts Master.xlsx,My Lists Worksheet,No,vishaydalethinfilm | tnpw060325k2been,212,"[{""source_row"":212,""values"":{""AIPN"":"""",""Family"":""RES"",""Value"":""25200"",""Case"":""0603"",""Image"":"""",""Description"":""TNPW0603 25K2 0.1% T-9 E52 E3"",""Manufacturer Name"":""Vishay Dale Thin Film"",""Manufacturer Part Number"":""TNPW060325K2BEEN"",""Lifecycle"":""Active"",""Leadtime(WKS)"":""25"",""Case2"":"""",""Case3"":"""",""Case Displayed as"":"""",""Param #1"":"""",""Param #2"":"""",""Param #3"":"""",""Param #4"":"""",""Rev"":""0"",""Params used"":""2"",""AIPN Occurrence"":""30"",""AIPN - OLD"":"""",""LEN"":""5"",""Datasheet"":""https://www.vishay.com/docs/28758/tnpw_e3.pdf"",""RoHS Status"":""ROHS3 Compliant"",""Moisture Sensitivity Level (MSL)"":""Active"",""ECCN"":""-"",""HTSUS"":""-"",""Country of Origin"":""-""}}]"
PMR-000209,Imported - Pending Verification,YAGEO,RC0603FR-0747KL,,RES-0603-47K-1%-00,RES 47K OHM 1% 1/10W 0603,RES,https://yageogroup.com/content/datasheet/asset/file/PYU-RC_GROUP_51_ROHS_L,AIPN Parts Master.xlsx,My Lists Worksheet,No,yageo | rc0603fr-0747kl,213,"[{""source_row"":213,""values"":{""AIPN"":"""",""Family"":""RES"",""Value"":""47000"",""Case"":""0603"",""Image"":"""",""Description"":""RES 47K OHM 1% 1/10W 0603"",""Manufacturer Name"":""YAGEO"",""Manufacturer Part Number"":""RC0603FR-0747KL"",""Lifecycle"":""Active"",""Leadtime(WKS)"":""17"",""Case2"":""603"",""Case3"":""SMD"",""Case Displayed as"":""0603"",""Param #1"":""47K"",""Param #2"":""1%"",""Param #3"":"""",""Param #4"":"""",""Rev"":""0"",""Params used"":""5"",""AIPN Occurrence"":""1"",""AIPN - OLD"":""RES-0603-47K-1%-00"",""LEN"":""18"",""Datasheet"":""https://yageogroup.com/content/datasheet/asset/file/PYU-RC_GROUP_51_ROHS_L"",""RoHS Status"":""ROHS3 Compliant"",""Moisture Sensitivity Level (MSL)"":""Active"",""ECCN"":""EAR99"",""HTSUS"":""8533.21.0030"",""Country of Origin"":""Taiwan""}}]"
PMR-000210,Imported - Pending Verification,Vishay Dale Thin Film,TNPW060350K5BEEA,,,RES 50.5K OHM 0.1% 0.21W 0603,RES,https://www.vishay.com/docs/28758/tnpw_e3.pdf,AIPN Parts Master.xlsx,My Lists Worksheet,No,vishaydalethinfilm | tnpw060350k5beea,214,"[{""source_row"":214,""values"":{""AIPN"":"""",""Family"":""RES"",""Value"":""50500"",""Case"":""0603"",""Image"":"""",""Description"":""RES 50.5K OHM 0.1% 0.21W 0603"",""Manufacturer Name"":""Vishay Dale Thin Film"",""Manufacturer Part Number"":""TNPW060350K5BEEA"",""Lifecycle"":""Active"",""Leadtime(WKS)"":""25"",""Case2"":"""",""Case3"":"""",""Case Displayed as"":"""",""Param #1"":"""",""Param #2"":"""",""Param #3"":"""",""Param #4"":"""",""Rev"":""0"",""Params used"":""2"",""AIPN Occurrence"":""30"",""AIPN - OLD"":"""",""LEN"":""5"",""Datasheet"":""https://www.vishay.com/docs/28758/tnpw_e3.pdf"",""RoHS Status"":""ROHS3 Compliant"",""Moisture Sensitivity Level (MSL)"":""Active"",""ECCN"":""EAR99"",""HTSUS"":""8533.21.0030"",""Country of Origin"":""Germany""}}]"
PMR-000211,Imported - Pending Verification,Royal Ohm,0603SAF8662T5E,,RES-0603-86K6-1%-00,RES 86.6K OHM 1% 1/10W 0603,RES,,AIPN Parts Master.xlsx,My Lists Worksheet,No,royalohm | 0603saf8662t5e,215,"[{""source_row"":215,""values"":{""AIPN"":"""",""Family"":""RES"",""Value"":""86600"",""Case"":""0603"",""Image"":"""",""Description"":""RES 86.6K OHM 1% 1/10W 0603"",""Manufacturer Name"":""Royal Ohm"",""Manufacturer Part Number"":""0603SAF8662T5E"",""Lifecycle"":"""",""Leadtime(WKS)"":"""",""Case2"":""603"",""Case3"":""SMD"",""Case Displayed as"":""0603"",""Param #1"":""86K6"",""Param #2"":""1%"",""Param #3"":"""",""Param #4"":"""",""Rev"":""0"",""Params used"":""5"",""AIPN Occurrence"":""1"",""AIPN - OLD"":""RES-0603-86K6-1%-00"",""LEN"":""19"",""Datasheet"":"""",""RoHS Status"":"""",""Moisture Sensitivity Level (MSL)"":"""",""ECCN"":"""",""HTSUS"":"""",""Country of Origin"":""""}}]"
PMR-000212,Imported - Pending Verification,YAGEO,RC0603FR-0788K7L,,RES-0603-88K7-1%-00,RES 88.7K OHM 1% 1/10W 0603,RES,https://yageogroup.com/content/datasheet/asset/file/PYU-RC_GROUP_51_ROHS_L,AIPN Parts Master.xlsx,My Lists Worksheet,No,yageo | rc0603fr-0788k7l,216,"[{""source_row"":216,""values"":{""AIPN"":"""",""Family"":""RES"",""Value"":""88700"",""Case"":""0603"",""Image"":"""",""Description"":""RES 88.7K OHM 1% 1/10W 0603"",""Manufacturer Name"":""YAGEO"",""Manufacturer Part Number"":""RC0603FR-0788K7L"",""Lifecycle"":""Active"",""Leadtime(WKS)"":""17"",""Case2"":""603"",""Case3"":""SMD"",""Case Displayed as"":""0603"",""Param #1"":""88K7"",""Param #2"":""1%"",""Param #3"":"""",""Param #4"":"""",""Rev"":""0"",""Params used"":""5"",""AIPN Occurrence"":""1"",""AIPN - OLD"":""RES-0603-88K7-1%-00"",""LEN"":""19"",""Datasheet"":""https://yageogroup.com/content/datasheet/asset/file/PYU-RC_GROUP_51_ROHS_L"",""RoHS Status"":""ROHS3 Compliant"",""Moisture Sensitivity Level (MSL)"":""Active"",""ECCN"":""EAR99"",""HTSUS"":""8533.21.0030"",""Country of Origin"":""Taiwan""}}]"
PMR-000213,Imported - Pending Verification,Koa Speer,RK73H1ETTP1003F,,,RES 100K OHM 1% 1/10W 0402,RES,https://www.koaspeer.com/pdfs/RK73H.pdf,AIPN Parts Master.xlsx,My Lists Worksheet,No,koaspeer | rk73h1ettp1003f,217,"[{""source_row"":217,""values"":{""AIPN"":"""",""Family"":""RES"",""Value"":""100000"",""Case"":""0402"",""Image"":"""",""Description"":""RES 100K OHM 1% 1/10W 0402"",""Manufacturer Name"":""Koa Speer"",""Manufacturer Part Number"":""RK73H1ETTP1003F"",""Lifecycle"":""Active"",""Leadtime(WKS)"":""7"",""Case2"":"""",""Case3"":"""",""Case Displayed as"":"""",""Param #1"":"""",""Param #2"":"""",""Param #3"":"""",""Param #4"":"""",""Rev"":""0"",""Params used"":""2"",""AIPN Occurrence"":""30"",""AIPN - OLD"":"""",""LEN"":""5"",""Datasheet"":""https://www.koaspeer.com/pdfs/RK73H.pdf"",""RoHS Status"":""ROHS3 Compliant"",""Moisture Sensitivity Level (MSL)"":""Active"",""ECCN"":""EAR99"",""HTSUS"":""8533.21.0030"",""Country of Origin"":""Malaysia""}}]"
PMR-000214,Imported - Pending Verification,YAGEO,RC0603FR-07100KL,,RES-0603-100K-1%-00,RES 100K OHM 1% 1/10W 0603,RES,https://yageogroup.com/content/datasheet/asset/file/PYU-RC_GROUP_51_ROHS_L,AIPN Parts Master.xlsx,My Lists Worksheet,No,yageo | rc0603fr-07100kl,218,"[{""source_row"":218,""values"":{""AIPN"":"""",""Family"":""RES"",""Value"":""100000"",""Case"":""0603"",""Image"":"""",""Description"":""RES 100K OHM 1% 1/10W 0603"",""Manufacturer Name"":""YAGEO"",""Manufacturer Part Number"":""RC0603FR-07100KL"",""Lifecycle"":""Active"",""Leadtime(WKS)"":""17"",""Case2"":""603"",""Case3"":""SMD"",""Case Displayed as"":""0603"",""Param #1"":""100K"",""Param #2"":""1%"",""Param #3"":"""",""Param #4"":"""",""Rev"":""0"",""Params used"":""5"",""AIPN Occurrence"":""1"",""AIPN - OLD"":""RES-0603-100K-1%-00"",""LEN"":""19"",""Datasheet"":""https://yageogroup.com/content/datasheet/asset/file/PYU-RC_GROUP_51_ROHS_L"",""RoHS Status"":""ROHS3 Compliant"",""Moisture Sensitivity Level (MSL)"":""Active"",""ECCN"":""EAR99"",""HTSUS"":""8533.21.0030"",""Country of Origin"":""Taiwan""}}]"
PMR-000215,Imported - Pending Verification,Vishay Dale Thin Film,TNPW0603100KBEEN,,,RES 100K OHM 0.1% 0.21W 0603,RES,https://www.vishay.com/docs/28758/tnpw_e3.pdf,AIPN Parts Master.xlsx,My Lists Worksheet,No,vishaydalethinfilm | tnpw0603100kbeen,219,"[{""source_row"":219,""values"":{""AIPN"":"""",""Family"":""RES"",""Value"":""100000"",""Case"":""0603"",""Image"":"""",""Description"":""RES 100K OHM 0.1% 0.21W 0603"",""Manufacturer Name"":""Vishay Dale Thin Film"",""Manufacturer Part Number"":""TNPW0603100KBEEN"",""Lifecycle"":""Active"",""Leadtime(WKS)"":""25"",""Case2"":"""",""Case3"":"""",""Case Displayed as"":"""",""Param #1"":"""",""Param #2"":"""",""Param #3"":"""",""Param #4"":"""",""Rev"":""0"",""Params used"":""2"",""AIPN Occurrence"":""30"",""AIPN - OLD"":"""",""LEN"":""5"",""Datasheet"":""https://www.vishay.com/docs/28758/tnpw_e3.pdf"",""RoHS Status"":""ROHS3 Compliant"",""Moisture Sensitivity Level (MSL)"":""Active"",""ECCN"":""EAR99"",""HTSUS"":""8533.21.0030"",""Country of Origin"":""Germany""}}]"
PMR-000216,Imported - Pending Verification,Panasonic,ERJ3EKF1303V,,RES-0603-130K-1%-00,RES SMD 130K OHM 1% 1/10W 0603,RES,,AIPN Parts Master.xlsx,My Lists Worksheet,No,panasonic | erj3ekf1303v,220,"[{""source_row"":220,""values"":{""AIPN"":"""",""Family"":""RES"",""Value"":""130000"",""Case"":""0603"",""Image"":"""",""Description"":""RES SMD 130K OHM 1% 1/10W 0603"",""Manufacturer Name"":""Panasonic"",""Manufacturer Part Number"":""ERJ3EKF1303V"",""Lifecycle"":"""",""Leadtime(WKS)"":"""",""Case2"":""603"",""Case3"":""SMD"",""Case Displayed as"":""0603"",""Param #1"":""130K"",""Param #2"":""1%"",""Param #3"":"""",""Param #4"":"""",""Rev"":""0"",""Params used"":""5"",""AIPN Occurrence"":""1"",""AIPN - OLD"":""RES-0603-130K-1%-00"",""LEN"":""19"",""Datasheet"":"""",""RoHS Status"":"""",""Moisture Sensitivity Level (MSL)"":"""",""ECCN"":"""",""HTSUS"":"""",""Country of Origin"":""""}}]"
PMR-000217,Imported - Pending Verification,YAGEO,RC0603FR-07150KL,,RES-0603-150K-1%-00,RES 150K OHM 1% 1/10W 0603,RES,https://yageogroup.com/content/datasheet/asset/file/PYU-RC_GROUP_51_ROHS_L,AIPN Parts Master.xlsx,My Lists Worksheet,No,yageo | rc0603fr-07150kl,221,"[{""source_row"":221,""values"":{""AIPN"":"""",""Family"":""RES"",""Value"":""150000"",""Case"":""0603"",""Image"":"""",""Description"":""RES 150K OHM 1% 1/10W 0603"",""Manufacturer Name"":""YAGEO"",""Manufacturer Part Number"":""RC0603FR-07150KL"",""Lifecycle"":""Active"",""Leadtime(WKS)"":""17"",""Case2"":""603"",""Case3"":""SMD"",""Case Displayed as"":""0603"",""Param #1"":""150K"",""Param #2"":""1%"",""Param #3"":"""",""Param #4"":"""",""Rev"":""0"",""Params used"":""5"",""AIPN Occurrence"":""1"",""AIPN - OLD"":""RES-0603-150K-1%-00"",""LEN"":""19"",""Datasheet"":""https://yageogroup.com/content/datasheet/asset/file/PYU-RC_GROUP_51_ROHS_L"",""RoHS Status"":""ROHS3 Compliant"",""Moisture Sensitivity Level (MSL)"":""Active"",""ECCN"":""EAR99"",""HTSUS"":""8533.21.0030"",""Country of Origin"":""Taiwan""}}]"
PMR-000218,Imported - Pending Verification,YAGEO,RC0603FR-07220KL,,RES-0603-220K-1%-00,RES 220K OHM 1% 1/10W 0603,RES,https://yageogroup.com/content/datasheet/asset/file/PYU-RC_GROUP_51_ROHS_L,AIPN Parts Master.xlsx,My Lists Worksheet,No,yageo | rc0603fr-07220kl,222,"[{""source_row"":222,""values"":{""AIPN"":"""",""Family"":""RES"",""Value"":""220000"",""Case"":""0603"",""Image"":"""",""Description"":""RES 220K OHM 1% 1/10W 0603"",""Manufacturer Name"":""YAGEO"",""Manufacturer Part Number"":""RC0603FR-07220KL"",""Lifecycle"":""Active"",""Leadtime(WKS)"":""17"",""Case2"":""603"",""Case3"":""SMD"",""Case Displayed as"":""0603"",""Param #1"":""220K"",""Param #2"":""1%"",""Param #3"":"""",""Param #4"":"""",""Rev"":""0"",""Params used"":""5"",""AIPN Occurrence"":""1"",""AIPN - OLD"":""RES-0603-220K-1%-00"",""LEN"":""19"",""Datasheet"":""https://yageogroup.com/content/datasheet/asset/file/PYU-RC_GROUP_51_ROHS_L"",""RoHS Status"":""ROHS3 Compliant"",""Moisture Sensitivity Level (MSL)"":""Active"",""ECCN"":""EAR99"",""HTSUS"":""8533.21.0030"",""Country of Origin"":""Taiwan""}}]"
PMR-000219,Imported - Pending Verification,YAGEO,RC0603FR-07300KL,,RES-0603-300K-1%-00,RES 300K OHM 1% 1/10W 0603,RES,https://yageogroup.com/content/datasheet/asset/file/PYU-RC_GROUP_51_ROHS_L,AIPN Parts Master.xlsx,My Lists Worksheet,No,yageo | rc0603fr-07300kl,223,"[{""source_row"":223,""values"":{""AIPN"":"""",""Family"":""RES"",""Value"":""300000"",""Case"":""0603"",""Image"":"""",""Description"":""RES 300K OHM 1% 1/10W 0603"",""Manufacturer Name"":""YAGEO"",""Manufacturer Part Number"":""RC0603FR-07300KL"",""Lifecycle"":""Active"",""Leadtime(WKS)"":""17"",""Case2"":""603"",""Case3"":""SMD"",""Case Displayed as"":""0603"",""Param #1"":""300K"",""Param #2"":""1%"",""Param #3"":"""",""Param #4"":"""",""Rev"":""0"",""Params used"":""5"",""AIPN Occurrence"":""1"",""AIPN - OLD"":""RES-0603-300K-1%-00"",""LEN"":""19"",""Datasheet"":""https://yageogroup.com/content/datasheet/asset/file/PYU-RC_GROUP_51_ROHS_L"",""RoHS Status"":""ROHS3 Compliant"",""Moisture Sensitivity Level (MSL)"":""Active"",""ECCN"":""EAR99"",""HTSUS"":""8533.21.0030"",""Country of Origin"":""Taiwan""}}]"
PMR-000220,Imported - Pending Verification,YAGEO,RC0603FR-07390KL,,RES-0603-390K-1%-00,RES 390K OHM 1% 1/10W 0603,RES,https://yageogroup.com/content/datasheet/asset/file/PYU-RC_GROUP_51_ROHS_L,AIPN Parts Master.xlsx,My Lists Worksheet,No,yageo | rc0603fr-07390kl,224,"[{""source_row"":224,""values"":{""AIPN"":"""",""Family"":""RES"",""Value"":""390000"",""Case"":""0603"",""Image"":"""",""Description"":""RES 390K OHM 1% 1/10W 0603"",""Manufacturer Name"":""YAGEO"",""Manufacturer Part Number"":""RC0603FR-07390KL"",""Lifecycle"":""Active"",""Leadtime(WKS)"":""17"",""Case2"":""603"",""Case3"":""SMD"",""Case Displayed as"":""0603"",""Param #1"":""390K"",""Param #2"":""1%"",""Param #3"":"""",""Param #4"":"""",""Rev"":""0"",""Params used"":""5"",""AIPN Occurrence"":""1"",""AIPN - OLD"":""RES-0603-390K-1%-00"",""LEN"":""19"",""Datasheet"":""https://yageogroup.com/content/datasheet/asset/file/PYU-RC_GROUP_51_ROHS_L"",""RoHS Status"":""ROHS3 Compliant"",""Moisture Sensitivity Level (MSL)"":""Active"",""ECCN"":""EAR99"",""HTSUS"":""8533.21.0030"",""Country of Origin"":""Taiwan""}}]"
PMR-000221,Imported - Pending Verification,Panasonic,ERJ3EKF3923V,,RES-0603-392K-1%-00,RES 392K OHM 1% 1/10W 0603,RES,,AIPN Parts Master.xlsx,My Lists Worksheet,No,panasonic | erj3ekf3923v,225,"[{""source_row"":225,""values"":{""AIPN"":"""",""Family"":""RES"",""Value"":""392000"",""Case"":""0603"",""Image"":"""",""Description"":""RES 392K OHM 1% 1/10W 0603"",""Manufacturer Name"":""Panasonic"",""Manufacturer Part Number"":""ERJ3EKF3923V"",""Lifecycle"":"""",""Leadtime(WKS)"":"""",""Case2"":""603"",""Case3"":""SMD"",""Case Displayed as"":""0603"",""Param #1"":""392K"",""Param #2"":""1%"",""Param #3"":"""",""Param #4"":"""",""Rev"":""0"",""Params used"":""5"",""AIPN Occurrence"":""1"",""AIPN - OLD"":""RES-0603-392K-1%-00"",""LEN"":""19"",""Datasheet"":"""",""RoHS Status"":"""",""Moisture Sensitivity Level (MSL)"":"""",""ECCN"":"""",""HTSUS"":"""",""Country of Origin"":""""}}]"
PMR-000222,Imported - Pending Verification,YAGEO,RC0603FR-07470KL,,RES-0603-470K-1%-00,RES 470K OHM 1% 1/10W 0603,RES,https://yageogroup.com/content/datasheet/asset/file/PYU-RC_GROUP_51_ROHS_L,AIPN Parts Master.xlsx,My Lists Worksheet,No,yageo | rc0603fr-07470kl,226,"[{""source_row"":226,""values"":{""AIPN"":"""",""Family"":""RES"",""Value"":""470000"",""Case"":""0603"",""Image"":"""",""Description"":""RES 470K OHM 1% 1/10W 0603"",""Manufacturer Name"":""YAGEO"",""Manufacturer Part Number"":""RC0603FR-07470KL"",""Lifecycle"":""Active"",""Leadtime(WKS)"":""17"",""Case2"":""603"",""Case3"":""SMD"",""Case Displayed as"":""0603"",""Param #1"":""470K"",""Param #2"":""1%"",""Param #3"":"""",""Param #4"":"""",""Rev"":""0"",""Params used"":""5"",""AIPN Occurrence"":""1"",""AIPN - OLD"":""RES-0603-470K-1%-00"",""LEN"":""19"",""Datasheet"":""https://yageogroup.com/content/datasheet/asset/file/PYU-RC_GROUP_51_ROHS_L"",""RoHS Status"":""ROHS3 Compliant"",""Moisture Sensitivity Level (MSL)"":""Active"",""ECCN"":""EAR99"",""HTSUS"":""8533.21.0030"",""Country of Origin"":""Taiwan""}}]"
PMR-000223,Imported - Pending Verification,Vishay Dale Thin Film,MCT0603MD4993BP500,,,RES 499K OHM 0.1% 1/10W 0603,RES,https://www.vishay.com/docs/28952/mcr0201at-mca1206at.pdf,AIPN Parts Master.xlsx,My Lists Worksheet,No,vishaydalethinfilm | mct0603md4993bp500,227,"[{""source_row"":227,""values"":{""AIPN"":"""",""Family"":""RES"",""Value"":""499000"",""Case"":""0603"",""Image"":"""",""Description"":""RES 499K OHM 0.1% 1/10W 0603"",""Manufacturer Name"":""Vishay Dale Thin Film"",""Manufacturer Part Number"":""MCT0603MD4993BP500"",""Lifecycle"":""Active"",""Leadtime(WKS)"":""21"",""Case2"":"""",""Case3"":"""",""Case Displayed as"":"""",""Param #1"":"""",""Param #2"":"""",""Param #3"":"""",""Param #4"":"""",""Rev"":""0"",""Params used"":""2"",""AIPN Occurrence"":""30"",""AIPN - OLD"":"""",""LEN"":""5"",""Datasheet"":""https://www.vishay.com/docs/28952/mcr0201at-mca1206at.pdf"",""RoHS Status"":""ROHS3 Compliant"",""Moisture Sensitivity Level (MSL)"":""Active"",""ECCN"":""EAR99"",""HTSUS"":""8533.21.0030"",""Country of Origin"":""Germany""}}]"
PMR-000224,Imported - Pending Verification,Panasonic,ERJ3EKF6193V,,RES-0603-619K-1%-00,RES 619K OHM 1% 1/10W 0603,RES,,AIPN Parts Master.xlsx,My Lists Worksheet,No,panasonic | erj3ekf6193v,228,"[{""source_row"":228,""values"":{""AIPN"":"""",""Family"":""RES"",""Value"":""619000"",""Case"":""0603"",""Image"":"""",""Description"":""RES 619K OHM 1% 1/10W 0603"",""Manufacturer Name"":""Panasonic"",""Manufacturer Part Number"":""ERJ3EKF6193V"",""Lifecycle"":"""",""Leadtime(WKS)"":"""",""Case2"":""603"",""Case3"":""SMD"",""Case Displayed as"":""0603"",""Param #1"":""619K"",""Param #2"":""1%"",""Param #3"":"""",""Param #4"":"""",""Rev"":""0"",""Params used"":""5"",""AIPN Occurrence"":""1"",""AIPN - OLD"":""RES-0603-619K-1%-00"",""LEN"":""19"",""Datasheet"":"""",""RoHS Status"":"""",""Moisture Sensitivity Level (MSL)"":"""",""ECCN"":"""",""HTSUS"":"""",""Country of Origin"":""""}}]"
PMR-000225,Imported - Pending Verification,Walsin Technology Corporation,WR06X1004FTL,,RES-0603-1M-1%-00,RES 1M OHM 1% 1/10W 0603,RES,https://www.passivecomponent.com/wp-content/uploads/chipR/ASC_WR.pdf,AIPN Parts Master.xlsx,My Lists Worksheet,No,walsintechnologycorporation | wr06x1004ftl,229,"[{""source_row"":229,""values"":{""AIPN"":"""",""Family"":""RES"",""Value"":""1000000"",""Case"":""0603"",""Image"":"""",""Description"":""RES 1M OHM 1% 1/10W 0603"",""Manufacturer Name"":""Walsin Technology Corporation"",""Manufacturer Part Number"":""WR06X1004FTL"",""Lifecycle"":""Active"",""Leadtime(WKS)"":""18"",""Case2"":""603"",""Case3"":""SMD"",""Case Displayed as"":""0603"",""Param #1"":""1M"",""Param #2"":""1%"",""Param #3"":"""",""Param #4"":"""",""Rev"":""0"",""Params used"":""5"",""AIPN Occurrence"":""1"",""AIPN - OLD"":""RES-0603-1M-1%-00"",""LEN"":""17"",""Datasheet"":""https://www.passivecomponent.com/wp-content/uploads/chipR/ASC_WR.pdf"",""RoHS Status"":""ROHS3 Compliant"",""Moisture Sensitivity Level (MSL)"":""Active"",""ECCN"":""EAR99"",""HTSUS"":""8533.21.0030"",""Country of Origin"":""Taiwan""}}]"
PMR-000226,Imported - Pending Verification,Royal Ohm,0603SAF1204T5E,,RES-0603-1M2-1%-00,RES 1.2M OHM 1% 1/10W 0603,RES,,AIPN Parts Master.xlsx,My Lists Worksheet,No,royalohm | 0603saf1204t5e,230,"[{""source_row"":230,""values"":{""AIPN"":"""",""Family"":""RES"",""Value"":""1200000"",""Case"":""0603"",""Image"":"""",""Description"":""RES 1.2M OHM 1% 1/10W 0603"",""Manufacturer Name"":""Royal Ohm"",""Manufacturer Part Number"":""0603SAF1204T5E"",""Lifecycle"":"""",""Leadtime(WKS)"":"""",""Case2"":""603"",""Case3"":""SMD"",""Case Displayed as"":""0603"",""Param #1"":""1M2"",""Param #2"":""1%"",""Param #3"":"""",""Param #4"":"""",""Rev"":""0"",""Params used"":""5"",""AIPN Occurrence"":""1"",""AIPN - OLD"":""RES-0603-1M2-1%-00"",""LEN"":""18"",""Datasheet"":"""",""RoHS Status"":"""",""Moisture Sensitivity Level (MSL)"":"""",""ECCN"":"""",""HTSUS"":"""",""Country of Origin"":""""}}]"
PMR-000227,Imported - Pending Verification,Vishay Dale Thin Film,MCT0603MD2004BP500,,,RES 2M OHM 0.1% 1/10W 0603,RES,https://www.vishay.com/docs/28952/mcr0201at-mca1206at.pdf,AIPN Parts Master.xlsx,My Lists Worksheet,No,vishaydalethinfilm | mct0603md2004bp500,231,"[{""source_row"":231,""values"":{""AIPN"":"""",""Family"":""RES"",""Value"":""2000000"",""Case"":""0603"",""Image"":"""",""Description"":""RES 2M OHM 0.1% 1/10W 0603"",""Manufacturer Name"":""Vishay Dale Thin Film"",""Manufacturer Part Number"":""MCT0603MD2004BP500"",""Lifecycle"":""Active"",""Leadtime(WKS)"":""21"",""Case2"":"""",""Case3"":"""",""Case Displayed as"":"""",""Param #1"":"""",""Param #2"":"""",""Param #3"":"""",""Param #4"":"""",""Rev"":""0"",""Params used"":""2"",""AIPN Occurrence"":""30"",""AIPN - OLD"":"""",""LEN"":""5"",""Datasheet"":""https://www.vishay.com/docs/28952/mcr0201at-mca1206at.pdf"",""RoHS Status"":""ROHS3 Compliant"",""Moisture Sensitivity Level (MSL)"":""Active"",""ECCN"":""EAR99"",""HTSUS"":""8533.21.0030"",""Country of Origin"":""Germany""}}]"
PMR-000228,Imported - Pending Verification,NXP,"PCF85063ATL/1,118",,ICS-RTC-i2c-1-00,IC RTC CLK/CALENDAR I2C 10DFN,RTC,https://www.nxp.com/docs/en/data-sheet/PCF85063A.pdf,AIPN Parts Master.xlsx,My Lists Worksheet,No,"nxp | pcf85063atl/1,118",232,"[{""source_row"":232,""values"":{""AIPN"":"""",""Family"":""RTC"",""Value"":"""",""Case"":""DFN-10"",""Image"":"""",""Description"":""IC RTC CLK/CALENDAR I2C 10DFN"",""Manufacturer Name"":""NXP"",""Manufacturer Part Number"":""PCF85063ATL/1,118"",""Lifecycle"":""Active"",""Leadtime(WKS)"":""16"",""Case2"":""XFDFN-10"",""Case3"":""SMD"",""Case Displayed as"":""SMD"",""Param #1"":""RTC"",""Param #2"":""i2c"",""Param #3"":""1"",""Param #4"":"""",""Rev"":""0"",""Params used"":""6"",""AIPN Occurrence"":""1"",""AIPN - OLD"":""ICS-RTC-i2c-1-00"",""LEN"":""16"",""Datasheet"":""https://www.nxp.com/docs/en/data-sheet/PCF85063A.pdf"",""RoHS Status"":""ROHS3 Compliant"",""Moisture Sensitivity Level (MSL)"":""Active"",""ECCN"":""EAR99"",""HTSUS"":""8542.39.0070"",""Country of Origin"":""Singapore""}}]"
PMR-000229,Imported - Pending Verification,Kemet,FC0V474ZFTBR24,,SCA-SMD-F47-3v5-1-00,CAP 470MF -20% +80% 3.5V SMD,SCA,https://yageogroup.com/content/datasheet/asset/file/KEM_S6011_FC,AIPN Parts Master.xlsx,My Lists Worksheet,No,kemet | fc0v474zftbr24,233,"[{""source_row"":233,""values"":{""AIPN"":"""",""Family"":""SCA"",""Value"":""0.47"",""Case"":"""",""Image"":"""",""Description"":""CAP 470MF -20% +80% 3.5V SMD"",""Manufacturer Name"":""Kemet"",""Manufacturer Part Number"":""FC0V474ZFTBR24"",""Lifecycle"":""Active"",""Leadtime(WKS)"":""99"",""Case2"":""SMD"",""Case3"":""SMD"",""Case Displayed as"":""SMD"",""Param #1"":""F47"",""Param #2"":""3v5"",""Param #3"":""1"",""Param #4"":"""",""Rev"":""0"",""Params used"":""6"",""AIPN Occurrence"":""1"",""AIPN - OLD"":""SCA-SMD-F47-3v5-1-00"",""LEN"":""20"",""Datasheet"":""https://yageogroup.com/content/datasheet/asset/file/KEM_S6011_FC"",""RoHS Status"":""ROHS3 Compliant"",""Moisture Sensitivity Level (MSL)"":""Active"",""ECCN"":""EAR99"",""HTSUS"":""8532.29.0040"",""Country of Origin"":""Thailand""}}]"
PMR-000230,Imported - Pending Verification,Kemet,FC0H474ZFTBR32-SS,,SCA-SMD-F47-5v5-1-00,CAP 470MF -20% +80% 5.5V SMD,SCA,https://content.kemet.com/datasheets/KEM_S6011_FC.pdf,AIPN Parts Master.xlsx,My Lists Worksheet,No,kemet | fc0h474zftbr32-ss,234,"[{""source_row"":234,""values"":{""AIPN"":"""",""Family"":""SCA"",""Value"":""0.47"",""Case"":"""",""Image"":"""",""Description"":""CAP 470MF -20% +80% 5.5V SMD"",""Manufacturer Name"":""Kemet"",""Manufacturer Part Number"":""FC0H474ZFTBR32-SS"",""Lifecycle"":""Active"",""Leadtime(WKS)"":""99"",""Case2"":""SMD"",""Case3"":""SMD"",""Case Displayed as"":""SMD"",""Param #1"":""F47"",""Param #2"":""5v5"",""Param #3"":""1"",""Param #4"":"""",""Rev"":""0"",""Params used"":""6"",""AIPN Occurrence"":""1"",""AIPN - OLD"":""SCA-SMD-F47-5v5-1-00"",""LEN"":""20"",""Datasheet"":""https://content.kemet.com/datasheets/KEM_S6011_FC.pdf"",""RoHS Status"":""ROHS3 Compliant"",""Moisture Sensitivity Level (MSL)"":""Active"",""ECCN"":""EAR99"",""HTSUS"":""8532.29.0040"",""Country of Origin"":""Thailand""}}]"
PMR-000231,Imported - Pending Verification,ScioSense,ENS210-LQFM,,SEN-SMD-HuTe-i2c-00,"I2C, QFN4, DIGITAL PRE-CALIBRATE",SEN,https://mm.digikey.com/Volume0/opasdata/d220001/medias/docus/8389/ENS210.pdf,AIPN Parts Master.xlsx,My Lists Worksheet,No,sciosense | ens210-lqfm,235,"[{""source_row"":235,""values"":{""AIPN"":"""",""Family"":""SEN"",""Value"":"""",""Case"":""QFN-4"",""Image"":"""",""Description"":""I2C, QFN4, DIGITAL PRE-CALIBRATE"",""Manufacturer Name"":""ScioSense"",""Manufacturer Part Number"":""ENS210-LQFM"",""Lifecycle"":""Active"",""Leadtime(WKS)"":""4"",""Case2"":""QFN-4"",""Case3"":""SMD"",""Case Displayed as"":""SMD"",""Param #1"":""HuTe"",""Param #2"":""i2c"",""Param #3"":"""",""Param #4"":"""",""Rev"":""0"",""Params used"":""5"",""AIPN Occurrence"":""1"",""AIPN - OLD"":""SEN-SMD-HuTe-i2c-00"",""LEN"":""19"",""Datasheet"":""https://mm.digikey.com/Volume0/opasdata/d220001/medias/docus/8389/ENS210.pdf"",""RoHS Status"":""RoHS Compliant"",""Moisture Sensitivity Level (MSL)"":""Active"",""ECCN"":""EAR99"",""HTSUS"":""8542.39.0070"",""Country of Origin"":""Singapore""}}]"
PMR-000232,Imported - Pending Verification,ST Micro,MP34DT05-A,,SEN-SMD-Mic-MEMS-Digital-1-00,"100 Hz ~ 10 kHz Digital, PDM Microphone MEMS (Silicon) Omnidirectional (-26dB ±3dB @ 94dB SPL) Solder Pads",SEN,,AIPN Parts Master.xlsx,My Lists Worksheet,No,stmicro | mp34dt05-a,236,"[{""source_row"":236,""values"":{""AIPN"":"""",""Family"":""SEN"",""Value"":"""",""Case"":""SMD"",""Image"":"""",""Description"":""100 Hz ~ 10 kHz Digital, PDM Microphone MEMS (Silicon) Omnidirectional (-26dB ±3dB @ 94dB SPL) Solder Pads"",""Manufacturer Name"":""ST Micro"",""Manufacturer Part Number"":""MP34DT05-A"",""Lifecycle"":""Obsolete"",""Leadtime(WKS)"":"""",""Case2"":""SMD"",""Case3"":""SMD"",""Case Displayed as"":""SMD"",""Param #1"":""Mic"",""Param #2"":""MEMS"",""Param #3"":""Digital"",""Param #4"":""1"",""Rev"":""0"",""Params used"":""7"",""AIPN Occurrence"":""1"",""AIPN - OLD"":""SEN-SMD-Mic-MEMS-Digital-1-00"",""LEN"":""29"",""Datasheet"":"""",""RoHS Status"":"""",""Moisture Sensitivity Level (MSL)"":"""",""ECCN"":"""",""HTSUS"":"""",""Country of Origin"":""""}}]"
PMR-000233,Imported - Pending Verification,Knowles,SPH0645LM4H,,SEN-SMD-Mic-MEMS-Digital-2-00,"20 Hz ~ 10 kHz Digital, I2S Microphone MEMS (Silicon) 1.62 V ~ 3.6 V Omnidirectional (-26dB ±3dB @ 94dB SPL) Solder Pads",SEN,,AIPN Parts Master.xlsx,My Lists Worksheet,No,knowles | sph0645lm4h,237,"[{""source_row"":237,""values"":{""AIPN"":"""",""Family"":""SEN"",""Value"":"""",""Case"":""SMD"",""Image"":"""",""Description"":""20 Hz ~ 10 kHz Digital, I2S Microphone MEMS (Silicon) 1.62 V ~ 3.6 V Omnidirectional (-26dB ±3dB @ 94dB SPL) Solder Pads"",""Manufacturer Name"":""Knowles"",""Manufacturer Part Number"":""SPH0645LM4H"",""Lifecycle"":""Obsolete"",""Leadtime(WKS)"":"""",""Case2"":""SMD"",""Case3"":""SMD"",""Case Displayed as"":""SMD"",""Param #1"":""Mic"",""Param #2"":""MEMS"",""Param #3"":""Digital"",""Param #4"":""2"",""Rev"":""0"",""Params used"":""7"",""AIPN Occurrence"":""1"",""AIPN - OLD"":""SEN-SMD-Mic-MEMS-Digital-2-00"",""LEN"":""29"",""Datasheet"":"""",""RoHS Status"":"""",""Moisture Sensitivity Level (MSL)"":"""",""ECCN"":"""",""HTSUS"":"""",""Country of Origin"":""""}}]"
PMR-000234,Imported - Pending Verification,Infineon Technologies,IM69D120,,SEN-SMD-MIC-MEMS-Digital-3-00,"20 Hz ~ 20 kHz Digital, PDM Microphone MEMS (Silicon) 1.62 V ~ 3.6 V Omnidirectional (-26dB ±1dB) Solder Pads",SEN,,AIPN Parts Master.xlsx,My Lists Worksheet,No,infineontechnologies | im69d120,238,"[{""source_row"":238,""values"":{""AIPN"":"""",""Family"":""SEN"",""Value"":"""",""Case"":""SMD"",""Image"":"""",""Description"":""20 Hz ~ 20 kHz Digital, PDM Microphone MEMS (Silicon) 1.62 V ~ 3.6 V Omnidirectional (-26dB ±1dB) Solder Pads"",""Manufacturer Name"":""Infineon Technologies"",""Manufacturer Part Number"":""IM69D120"",""Lifecycle"":"""",""Leadtime(WKS)"":"""",""Case2"":""SMD"",""Case3"":""SMD"",""Case Displayed as"":""SMD"",""Param #1"":""MIC"",""Param #2"":""MEMS"",""Param #3"":""Digital"",""Param #4"":""3"",""Rev"":""0"",""Params used"":""7"",""AIPN Occurrence"":""1"",""AIPN - OLD"":""SEN-SMD-MIC-MEMS-Digital-3-00"",""LEN"":""29"",""Datasheet"":"""",""RoHS Status"":"""",""Moisture Sensitivity Level (MSL)"":"""",""ECCN"":"""",""HTSUS"":"""",""Country of Origin"":""""}}]"
PMR-000235,Imported - Pending Verification,Melexis Technologies NV,MLX90640ESF-BAB-000-TU,,SEN-THP-IR-i2c-00,SENSOR DGTL -40C-85C TO39,SEN,https://www.melexis.com/-/media/files/documents/datasheets/mlx90640-datasheet-melexis.pdf,AIPN Parts Master.xlsx,My Lists Worksheet,No,melexistechnologiesnv | mlx90640esf-bab-000-tu,239,"[{""source_row"":239,""values"":{""AIPN"":"""",""Family"":""SEN"",""Value"":"""",""Case"":""TO-39"",""Image"":"""",""Description"":""SENSOR DGTL -40C-85C TO39"",""Manufacturer Name"":""Melexis Technologies NV"",""Manufacturer Part Number"":""MLX90640ESF-BAB-000-TU"",""Lifecycle"":""Active"",""Leadtime(WKS)"":""16"",""Case2"":""TO-39"",""Case3"":""THP"",""Case Displayed as"":""THP"",""Param #1"":""IR"",""Param #2"":""i2c"",""Param #3"":"""",""Param #4"":"""",""Rev"":""0"",""Params used"":""5"",""AIPN Occurrence"":""1"",""AIPN - OLD"":""SEN-THP-IR-i2c-00"",""LEN"":""17"",""Datasheet"":""https://www.melexis.com/-/media/files/documents/datasheets/mlx90640-datasheet-melexis.pdf"",""RoHS Status"":""ROHS3 Compliant"",""Moisture Sensitivity Level (MSL)"":""Active"",""ECCN"":""EAR99"",""HTSUS"":""8542.39.0070"",""Country of Origin"":""Philippines""}}]"
PMR-000236,Imported - Pending Verification,Texas Instruments,LM35CAZ/NOPB,,SEN-THP-Te-0~100C-10mvC-Analog-00,SENSOR ANALOG -40C-110C TO92-3,SEN,https://www.ti.com/general/docs/suppproductinfo.tsp?distId=10&gotoUrl=https%3A%2F%2Fwww.ti.com%2Flit%2Fgpn%2Flm35,AIPN Parts Master.xlsx,My Lists Worksheet,No,texasinstruments | lm35caz/nopb,240,"[{""source_row"":240,""values"":{""AIPN"":"""",""Family"":""SEN"",""Value"":"""",""Case"":""TO-92-3"",""Image"":"""",""Description"":""SENSOR ANALOG -40C-110C TO92-3"",""Manufacturer Name"":""Texas Instruments"",""Manufacturer Part Number"":""LM35CAZ/NOPB"",""Lifecycle"":""Active"",""Leadtime(WKS)"":""16"",""Case2"":""TO-92"",""Case3"":""THP"",""Case Displayed as"":""THP"",""Param #1"":""Te"",""Param #2"":""0~100C"",""Param #3"":""10mvC"",""Param #4"":""Analog"",""Rev"":""0"",""Params used"":""7"",""AIPN Occurrence"":""1"",""AIPN - OLD"":""SEN-THP-Te-0~100C-10mvC-Analog-00"",""LEN"":""33"",""Datasheet"":""https://www.ti.com/general/docs/suppproductinfo.tsp?distId=10&gotoUrl=https%3A%2F%2Fwww.ti.com%2Flit%2Fgpn%2Flm35"",""RoHS Status"":""ROHS3 Compliant"",""Moisture Sensitivity Level (MSL)"":""Active"",""ECCN"":""EAR99"",""HTSUS"":""8542.39.0090"",""Country of Origin"":""China""}}]"
PMR-000237,Imported - Pending Verification,TI,INA228AIDGSR,,SEN-SMD-EnergyMon-I2C-20bit-1-00,IC PWR MONITOR 10VSSOP,SEN,https://www.ti.com/general/docs/suppproductinfo.tsp?distId=10&gotoUrl=http%3A%2F%2Fwww.ti.com%2Flit%2Fgpn%2Fina228,AIPN Parts Master.xlsx,My Lists Worksheet,No,ti | ina228aidgsr,241,"[{""source_row"":241,""values"":{""AIPN"":"""",""Family"":""SEN"",""Value"":"""",""Case"":""VSSOP-10"",""Image"":"""",""Description"":""IC PWR MONITOR 10VSSOP"",""Manufacturer Name"":""TI"",""Manufacturer Part Number"":""INA228AIDGSR"",""Lifecycle"":""Active"",""Leadtime(WKS)"":""16"",""Case2"":""VSSOP-10"",""Case3"":""SMD"",""Case Displayed as"":""SMD"",""Param #1"":""EnergyMon"",""Param #2"":""I2C"",""Param #3"":""20bit"",""Param #4"":""1"",""Rev"":""0"",""Params used"":""7"",""AIPN Occurrence"":""1"",""AIPN - OLD"":""SEN-SMD-EnergyMon-I2C-20bit-1-00"",""LEN"":""32"",""Datasheet"":""https://www.ti.com/general/docs/suppproductinfo.tsp?distId=10&gotoUrl=http%3A%2F%2Fwww.ti.com%2Flit%2Fgpn%2Fina228"",""RoHS Status"":""ROHS3 Compliant"",""Moisture Sensitivity Level (MSL)"":""Active"",""ECCN"":""EAR99"",""HTSUS"":""8542.39.0070"",""Country of Origin"":""United States""}}]"
PMR-000238,Imported - Pending Verification,TI,INA229AIDGSR,,SEN-SMD-EnergyMon-SPI-20bit-1-00,IC CURR SENSE 1 CIRCUIT 10VSSOP,SEN,https://www.ti.com/general/docs/suppproductinfo.tsp?distId=10&gotoUrl=http%3A%2F%2Fwww.ti.com%2Flit%2Fgpn%2Fina229,AIPN Parts Master.xlsx,My Lists Worksheet,No,ti | ina229aidgsr,242,"[{""source_row"":242,""values"":{""AIPN"":"""",""Family"":""SEN"",""Value"":"""",""Case"":""VSSOP-10"",""Image"":"""",""Description"":""IC CURR SENSE 1 CIRCUIT 10VSSOP"",""Manufacturer Name"":""TI"",""Manufacturer Part Number"":""INA229AIDGSR"",""Lifecycle"":""Active"",""Leadtime(WKS)"":""16"",""Case2"":""VSSOP-10"",""Case3"":""SMD"",""Case Displayed as"":""SMD"",""Param #1"":""EnergyMon"",""Param #2"":""SPI"",""Param #3"":""20bit"",""Param #4"":""1"",""Rev"":""0"",""Params used"":""7"",""AIPN Occurrence"":""1"",""AIPN - OLD"":""SEN-SMD-EnergyMon-SPI-20bit-1-00"",""LEN"":""32"",""Datasheet"":""https://www.ti.com/general/docs/suppproductinfo.tsp?distId=10&gotoUrl=http%3A%2F%2Fwww.ti.com%2Flit%2Fgpn%2Fina229"",""RoHS Status"":""ROHS3 Compliant"",""Moisture Sensitivity Level (MSL)"":""Active"",""ECCN"":""EAR99"",""HTSUS"":""8542.39.0070"",""Country of Origin"":""China""}}]"
PMR-000239,Imported - Pending Verification,SameSky,CMEJ-0733-25-L070,,SEN-CBL-Mic-Elect-25dB-Analog-00,"MIC COND ANLG OMNI -25DB 0.276""D",SEN,https://www.cuidevices.com/product/resource/cmej-0733-25-l070.pdf,AIPN Parts Master.xlsx,My Lists Worksheet,No,samesky | cmej-0733-25-l070,243,"[{""source_row"":243,""values"":{""AIPN"":"""",""Family"":""SEN"",""Value"":"""",""Case"":"""",""Image"":"""",""Description"":""MIC COND ANLG OMNI -25DB 0.276\""D"",""Manufacturer Name"":""SameSky"",""Manufacturer Part Number"":""CMEJ-0733-25-L070"",""Lifecycle"":""Active"",""Leadtime(WKS)"":""9"",""Case2"":""CBL"",""Case3"":""CBL"",""Case Displayed as"":""CBL"",""Param #1"":""Mic"",""Param #2"":""Elect"",""Param #3"":""25dB"",""Param #4"":""Analog"",""Rev"":""0"",""Params used"":""7"",""AIPN Occurrence"":""1"",""AIPN - OLD"":""SEN-CBL-Mic-Elect-25dB-Analog-00"",""LEN"":""32"",""Datasheet"":""https://www.cuidevices.com/product/resource/cmej-0733-25-l070.pdf"",""RoHS Status"":""ROHS3 Compliant"",""Moisture Sensitivity Level (MSL)"":""Active"",""ECCN"":""EAR99"",""HTSUS"":""8518.10.8030"",""Country of Origin"":""China""}}]"
PMR-000240,Imported - Pending Verification,Adafruit,2384,,SEN-P1.00-Vib-Medium-Analog-00,"ROUND SPACER #8 NYLON 1/2""",SEN,https://www.keyelco.com/userAssets/file/K75p88.pdf,AIPN Parts Master.xlsx,My Lists Worksheet,No,adafruit | 2384,244,"[{""source_row"":244,""values"":{""AIPN"":"""",""Family"":""SEN"",""Value"":"""",""Case"":"""",""Image"":"""",""Description"":""ROUND SPACER #8 NYLON 1/2\"""",""Manufacturer Name"":""Adafruit"",""Manufacturer Part Number"":""2384"",""Lifecycle"":""Active"",""Leadtime(WKS)"":""11"",""Case2"":""THT"",""Case3"":""P1.00"",""Case Displayed as"":""P1.00"",""Param #1"":""Vib"",""Param #2"":""Medium"",""Param #3"":""Analog"",""Param #4"":"""",""Rev"":""0"",""Params used"":""6"",""AIPN Occurrence"":""1"",""AIPN - OLD"":""SEN-P1.00-Vib-Medium-Analog-00"",""LEN"":""30"",""Datasheet"":""https://www.keyelco.com/userAssets/file/K75p88.pdf"",""RoHS Status"":""ROHS3 Compliant"",""Moisture Sensitivity Level (MSL)"":""Active"",""ECCN"":""EAR99"",""HTSUS"":""3926.90.9989"",""Country of Origin"":""United States""}}]"
PMR-000241,Imported - Pending Verification,Wurth,2533020201601,,SEN-SMD-3Axis-i2c&spi-00,WSEN-ITDS 3 AXIS ACCELERATION SE,SEN,https://www.we-online.com/components/products/datasheet/2533020201601.pdf,AIPN Parts Master.xlsx,My Lists Worksheet,No,wurth | 2533020201601,245,"[{""source_row"":245,""values"":{""AIPN"":"""",""Family"":""SEN"",""Value"":"""",""Case"":"""",""Image"":"""",""Description"":""WSEN-ITDS 3 AXIS ACCELERATION SE"",""Manufacturer Name"":""Wurth"",""Manufacturer Part Number"":""2533020201601"",""Lifecycle"":""Active"",""Leadtime(WKS)"":""28"",""Case2"":""LGA-12"",""Case3"":""SMD"",""Case Displayed as"":""SMD"",""Param #1"":""3Axis"",""Param #2"":""i2c&spi"",""Param #3"":"""",""Param #4"":"""",""Rev"":""0"",""Params used"":""5"",""AIPN Occurrence"":""1"",""AIPN - OLD"":""SEN-SMD-3Axis-i2c&spi-00"",""LEN"":""24"",""Datasheet"":""https://www.we-online.com/components/products/datasheet/2533020201601.pdf"",""RoHS Status"":""ROHS3 Compliant"",""Moisture Sensitivity Level (MSL)"":""Active"",""ECCN"":""EAR99"",""HTSUS"":""8542.39.0070"",""Country of Origin"":""Philippines""}}]"
PMR-000242,Imported - Pending Verification,Bosch Sensortec,BME688,,SEN-SMD-GsPrTeHu-i2c-spi-00,SENSOR GAS/HUM/PRES/TEMP I2C SPI,SEN,https://www.bosch-sensortec.com/media/boschsensortec/downloads/datasheets/bst-bme688-ds000.pdf,AIPN Parts Master.xlsx,My Lists Worksheet,No,boschsensortec | bme688,246,"[{""source_row"":246,""values"":{""AIPN"":"""",""Family"":""SEN"",""Value"":"""",""Case"":"""",""Image"":"""",""Description"":""SENSOR GAS/HUM/PRES/TEMP I2C SPI"",""Manufacturer Name"":""Bosch Sensortec"",""Manufacturer Part Number"":""BME688"",""Lifecycle"":""Active"",""Leadtime(WKS)"":""12"",""Case2"":""SMD"",""Case3"":""SMD"",""Case Displayed as"":""SMD"",""Param #1"":""GsPrTeHu"",""Param #2"":""i2c"",""Param #3"":""spi"",""Param #4"":"""",""Rev"":""0"",""Params used"":""6"",""AIPN Occurrence"":""1"",""AIPN - OLD"":""SEN-SMD-GsPrTeHu-i2c-spi-00"",""LEN"":""27"",""Datasheet"":""https://www.bosch-sensortec.com/media/boschsensortec/downloads/datasheets/bst-bme688-ds000.pdf"",""RoHS Status"":""ROHS3 Compliant"",""Moisture Sensitivity Level (MSL)"":""Active"",""ECCN"":""EAR99"",""HTSUS"":""8542.39.0090"",""Country of Origin"":""Philippines""}}]"
PMR-000243,Imported - Pending Verification,TDK InvenSense,ICS-40730,,SEN-SMD-Mic-MEMS-Analog-1-00,MICROPHONE MEMS ANALOG NC -32DB,SEN,https://invensense.tdk.com/wp-content/uploads/2020/07/DS-000139-ICS-40730-v1.1.pdf,AIPN Parts Master.xlsx,My Lists Worksheet,No,tdkinvensense | ics-40730,247,"[{""source_row"":247,""values"":{""AIPN"":"""",""Family"":""SEN"",""Value"":"""",""Case"":"""",""Image"":"""",""Description"":""MICROPHONE MEMS ANALOG NC -32DB"",""Manufacturer Name"":""TDK InvenSense"",""Manufacturer Part Number"":""ICS-40730"",""Lifecycle"":""Obsolete"",""Leadtime(WKS)"":""16"",""Case2"":""SMD"",""Case3"":""SMD"",""Case Displayed as"":""SMD"",""Param #1"":""Mic"",""Param #2"":""MEMS"",""Param #3"":""Analog"",""Param #4"":""1"",""Rev"":""0"",""Params used"":""7"",""AIPN Occurrence"":""1"",""AIPN - OLD"":""SEN-SMD-Mic-MEMS-Analog-1-00"",""LEN"":""28"",""Datasheet"":""https://invensense.tdk.com/wp-content/uploads/2020/07/DS-000139-ICS-40730-v1.1.pdf"",""RoHS Status"":""ROHS3 Compliant"",""Moisture Sensitivity Level (MSL)"":""Obsolete"",""ECCN"":""EAR99"",""HTSUS"":""8518.10.8030"",""Country of Origin"":""Taiwan""}}]"
PMR-000244,Imported - Pending Verification,Bosch Sensortec,BME280,,SEN-SMD-PrHuTe-i2c&spi-00,SENSOR PRESSURE HUMIDITY TEMP,SEN,https://www.bosch-sensortec.com/media/boschsensortec/downloads/datasheets/bst-bme280-ds002.pdf,AIPN Parts Master.xlsx,My Lists Worksheet,No,boschsensortec | bme280,248,"[{""source_row"":248,""values"":{""AIPN"":"""",""Family"":""SEN"",""Value"":"""",""Case"":"""",""Image"":"""",""Description"":""SENSOR PRESSURE HUMIDITY TEMP"",""Manufacturer Name"":""Bosch Sensortec"",""Manufacturer Part Number"":""BME280"",""Lifecycle"":""Active"",""Leadtime(WKS)"":""12"",""Case2"":""SMD"",""Case3"":""SMD"",""Case Displayed as"":""SMD"",""Param #1"":""PrHuTe"",""Param #2"":""i2c&spi"",""Param #3"":"""",""Param #4"":"""",""Rev"":""0"",""Params used"":""5"",""AIPN Occurrence"":""1"",""AIPN - OLD"":""SEN-SMD-PrHuTe-i2c&spi-00"",""LEN"":""25"",""Datasheet"":""https://www.bosch-sensortec.com/media/boschsensortec/downloads/datasheets/bst-bme280-ds002.pdf"",""RoHS Status"":""ROHS3 Compliant"",""Moisture Sensitivity Level (MSL)"":""Active"",""ECCN"":""EAR99"",""HTSUS"":""8542.39.0070"",""Country of Origin"":""Philippines""}}]"
PMR-000245,Imported - Pending Verification,C&K,KMR213G LFG,,SWI-SMD-SPSTno-32v-10mA-4.6x2.8mm-00,SWITCH TACTILE SPST-NO 0.01A 32V,SWI,https://www.littelfuse.com/assetdocs/littelfuse-c-k-tactile-kmr2-series-datasheet?assetguid=f782bfc7-b600-4ab5-8c8d-a2a094a642e3,AIPN Parts Master.xlsx,My Lists Worksheet,No,ck | kmr213g lfg,249,"[{""source_row"":249,""values"":{""AIPN"":"""",""Family"":""SWI"",""Value"":""0.01"",""Case"":"""",""Image"":"""",""Description"":""SWITCH TACTILE SPST-NO 0.01A 32V"",""Manufacturer Name"":""C&K"",""Manufacturer Part Number"":""KMR213G LFG"",""Lifecycle"":""Active"",""Leadtime(WKS)"":""18"",""Case2"":""SMD"",""Case3"":""SMD"",""Case Displayed as"":""SMD"",""Param #1"":""SPSTno"",""Param #2"":""32v"",""Param #3"":""10mA"",""Param #4"":""4.6x2.8mm"",""Rev"":""0"",""Params used"":""7"",""AIPN Occurrence"":""1"",""AIPN - OLD"":""SWI-SMD-SPSTno-32v-10mA-4.6x2.8mm-00"",""LEN"":""36"",""Datasheet"":""https://www.littelfuse.com/assetdocs/littelfuse-c-k-tactile-kmr2-series-datasheet?assetguid=f782bfc7-b600-4ab5-8c8d-a2a094a642e3"",""RoHS Status"":""ROHS3 Compliant"",""Moisture Sensitivity Level (MSL)"":""Active"",""ECCN"":""EAR99"",""HTSUS"":""8536.50.9031"",""Country of Origin"":""France""}}]"
PMR-000246,Imported - Pending Verification,Würth Elektronik,434153017835,,SWI-SMD-SPSTno-12v-50mA-3.5x2.9mm-00,SWITCH TACTILE SPST-NO 0.05A 12V,SWI,https://www.we-online.com/catalog/datasheet/434153017835.pdf,AIPN Parts Master.xlsx,My Lists Worksheet,No,wurthelektronik | 434153017835,250,"[{""source_row"":250,""values"":{""AIPN"":"""",""Family"":""SWI"",""Value"":""0.05"",""Case"":"""",""Image"":"""",""Description"":""SWITCH TACTILE SPST-NO 0.05A 12V"",""Manufacturer Name"":""Würth Elektronik"",""Manufacturer Part Number"":""434153017835"",""Lifecycle"":""Active"",""Leadtime(WKS)"":""17"",""Case2"":""SMD"",""Case3"":""SMD"",""Case Displayed as"":""SMD"",""Param #1"":""SPSTno"",""Param #2"":""12v"",""Param #3"":""50mA"",""Param #4"":""3.5x2.9mm"",""Rev"":""0"",""Params used"":""7"",""AIPN Occurrence"":""1"",""AIPN - OLD"":""SWI-SMD-SPSTno-12v-50mA-3.5x2.9mm-00"",""LEN"":""36"",""Datasheet"":""https://www.we-online.com/catalog/datasheet/434153017835.pdf"",""RoHS Status"":""ROHS3 Compliant"",""Moisture Sensitivity Level (MSL)"":""Active"",""ECCN"":""EAR99"",""HTSUS"":""8536.50.9031"",""Country of Origin"":""China""}}]"
PMR-000247,Imported - Pending Verification,Omron Electronics Inc-EMC Div,B3FS-4005P,,SWI-SMD-SPSTno-24v-50mA-12x12mm-00,SWITCH TACTILE SPST-NO 0.05A 24V,SWI,https://omronfs.omron.com/en_US/ecb/products/pdf/en-b3fs_4.pdf,AIPN Parts Master.xlsx,My Lists Worksheet,No,omronelectronicsincemcdiv | b3fs-4005p,251,"[{""source_row"":251,""values"":{""AIPN"":"""",""Family"":""SWI"",""Value"":""0.05"",""Case"":"""",""Image"":"""",""Description"":""SWITCH TACTILE SPST-NO 0.05A 24V"",""Manufacturer Name"":""Omron Electronics Inc-EMC Div"",""Manufacturer Part Number"":""B3FS-4005P"",""Lifecycle"":""Active"",""Leadtime(WKS)"":""26"",""Case2"":""SMD"",""Case3"":""SMD"",""Case Displayed as"":""SMD"",""Param #1"":""SPSTno"",""Param #2"":""24v"",""Param #3"":""50mA"",""Param #4"":""12x12mm"",""Rev"":""0"",""Params used"":""7"",""AIPN Occurrence"":""1"",""AIPN - OLD"":""SWI-SMD-SPSTno-24v-50mA-12x12mm-00"",""LEN"":""34"",""Datasheet"":""https://omronfs.omron.com/en_US/ecb/products/pdf/en-b3fs_4.pdf"",""RoHS Status"":""ROHS3 Compliant"",""Moisture Sensitivity Level (MSL)"":""Active"",""ECCN"":""EAR99"",""HTSUS"":""8536.50.9031"",""Country of Origin"":""Japan""}}]"
PMR-000248,Imported - Pending Verification,ALPS,SKRPABE010,,,SWITCH TACTILE SPST-NO 0.05A 16V,SWI,https://tech.alpsalpine.com/cms.media/product_spec_skrpabe010_en_c1c577738a.pdf,AIPN Parts Master.xlsx,My Lists Worksheet,No,alps | skrpabe010,252,"[{""source_row"":252,""values"":{""AIPN"":"""",""Family"":""SWI"",""Value"":""0.05"",""Case"":"""",""Image"":"""",""Description"":""SWITCH TACTILE SPST-NO 0.05A 16V"",""Manufacturer Name"":""ALPS"",""Manufacturer Part Number"":""SKRPABE010"",""Lifecycle"":""Active"",""Leadtime(WKS)"":""20"",""Case2"":"""",""Case3"":"""",""Case Displayed as"":"""",""Param #1"":"""",""Param #2"":"""",""Param #3"":"""",""Param #4"":"""",""Rev"":""0"",""Params used"":""2"",""AIPN Occurrence"":""30"",""AIPN - OLD"":"""",""LEN"":""5"",""Datasheet"":""https://tech.alpsalpine.com/cms.media/product_spec_skrpabe010_en_c1c577738a.pdf"",""RoHS Status"":""ROHS3 Compliant"",""Moisture Sensitivity Level (MSL)"":""Active"",""ECCN"":""EAR99"",""HTSUS"":""8536.50.9031"",""Country of Origin"":""Japan""}}]"
PMR-000249,Imported - Pending Verification,onsemi,ESD9R3.3ST5G,,,TVS DIODE 3.3VWM 7.8VC SOD923,TVS,https://www.onsemi.com/pub/Collateral/ESD9R3.3S-D.PDF,AIPN Parts Master.xlsx,My Lists Worksheet,No,onsemi | esd9r3.3st5g,253,"[{""source_row"":253,""values"":{""AIPN"":"""",""Family"":""TVS"",""Value"":""3.3"",""Case"":""SOD-923"",""Image"":"""",""Description"":""TVS DIODE 3.3VWM 7.8VC SOD923"",""Manufacturer Name"":""onsemi"",""Manufacturer Part Number"":""ESD9R3.3ST5G"",""Lifecycle"":""Active"",""Leadtime(WKS)"":""44"",""Case2"":"""",""Case3"":"""",""Case Displayed as"":"""",""Param #1"":"""",""Param #2"":"""",""Param #3"":"""",""Param #4"":"""",""Rev"":""0"",""Params used"":""2"",""AIPN Occurrence"":""30"",""AIPN - OLD"":"""",""LEN"":""5"",""Datasheet"":""https://www.onsemi.com/pub/Collateral/ESD9R3.3S-D.PDF"",""RoHS Status"":""ROHS3 Compliant"",""Moisture Sensitivity Level (MSL)"":""Active"",""ECCN"":""EAR99"",""HTSUS"":""8541.10.0080"",""Country of Origin"":""China""}}]"
PMR-000250,Imported - Pending Verification,Diodes Incorporated,D5V0L1B2WS-7,,TVS-SMD-5v-1ch-BiDir-84w-00,TVS DIODE 5VWM 14VC SOD323,TVS,https://www.diodes.com/assets/Datasheets/D5V0L1B2WS.pdf,AIPN Parts Master.xlsx,My Lists Worksheet,No,diodesincorporated | d5v0l1b2ws-7,254,"[{""source_row"":254,""values"":{""AIPN"":"""",""Family"":""TVS"",""Value"":""5"",""Case"":""SOD-323"",""Image"":"""",""Description"":""TVS DIODE 5VWM 14VC SOD323"",""Manufacturer Name"":""Diodes Incorporated"",""Manufacturer Part Number"":""D5V0L1B2WS-7"",""Lifecycle"":""Active"",""Leadtime(WKS)"":""40"",""Case2"":""SOD-323"",""Case3"":""SMD"",""Case Displayed as"":""SMD"",""Param #1"":""5v"",""Param #2"":""1ch"",""Param #3"":""BiDir"",""Param #4"":""84w"",""Rev"":""0"",""Params used"":""7"",""AIPN Occurrence"":""1"",""AIPN - OLD"":""TVS-SMD-5v-1ch-BiDir-84w-00"",""LEN"":""27"",""Datasheet"":""https://www.diodes.com/assets/Datasheets/D5V0L1B2WS.pdf"",""RoHS Status"":""ROHS3 Compliant"",""Moisture Sensitivity Level (MSL)"":""Active"",""ECCN"":""EAR99"",""HTSUS"":""8541.10.0080"",""Country of Origin"":""China""}}]"
PMR-000251,Imported - Pending Verification,Littelfuse Inc.,SP0502BAHTG,,TVS-SMD-5v5-2ch-UniDir-25w-00,TVS DIODE 5.5VWM 8.5VC SOT23-3,TVS,https://www.littelfuse.com/assetdocs/tvs-diode-array-spasp050xba-lead-freegreen-datasheet?assetguid=15a03de1-f0c6-457a-95f1-55d449fdd756,AIPN Parts Master.xlsx,My Lists Worksheet,No,littelfuseinc | sp0502bahtg,255,"[{""source_row"":255,""values"":{""AIPN"":"""",""Family"":""TVS"",""Value"":""5.5"",""Case"":""SOT-23-3"",""Image"":"""",""Description"":""TVS DIODE 5.5VWM 8.5VC SOT23-3"",""Manufacturer Name"":""Littelfuse Inc."",""Manufacturer Part Number"":""SP0502BAHTG"",""Lifecycle"":""Active"",""Leadtime(WKS)"":""13"",""Case2"":""SOT-23-3"",""Case3"":""SMD"",""Case Displayed as"":""SMD"",""Param #1"":""5v5"",""Param #2"":""2ch"",""Param #3"":""UniDir"",""Param #4"":""25w"",""Rev"":""0"",""Params used"":""7"",""AIPN Occurrence"":""1"",""AIPN - OLD"":""TVS-SMD-5v5-2ch-UniDir-25w-00"",""LEN"":""29"",""Datasheet"":""https://www.littelfuse.com/assetdocs/tvs-diode-array-spasp050xba-lead-freegreen-datasheet?assetguid=15a03de1-f0c6-457a-95f1-55d449fdd756"",""RoHS Status"":""ROHS3 Compliant"",""Moisture Sensitivity Level (MSL)"":""Active"",""ECCN"":""EAR99"",""HTSUS"":""8541.10.0080"",""Country of Origin"":""China""}}]"
PMR-000252,Imported - Pending Verification,Semtech,RClamp3371ZC,,TVS-0201-7v0-9A-1ch-BiDir-00,7V Clamp 9A (8/20µs) Ipp Tvs Diode Surface Mount SLP0603P2X3J,TVS,,AIPN Parts Master.xlsx,My Lists Worksheet,No,semtech | rclamp3371zc,256,"[{""source_row"":256,""values"":{""AIPN"":"""",""Family"":""TVS"",""Value"":""7"",""Case"":""0201"",""Image"":"""",""Description"":""7V Clamp 9A (8/20µs) Ipp Tvs Diode Surface Mount SLP0603P2X3J"",""Manufacturer Name"":""Semtech"",""Manufacturer Part Number"":""RClamp3371ZC"",""Lifecycle"":"""",""Leadtime(WKS)"":"""",""Case2"":""201"",""Case3"":""SMD"",""Case Displayed as"":""0201"",""Param #1"":""7v0"",""Param #2"":""9A"",""Param #3"":""1ch"",""Param #4"":""BiDir"",""Rev"":""0"",""Params used"":""7"",""AIPN Occurrence"":""1"",""AIPN - OLD"":""TVS-0201-7v0-9A-1ch-BiDir-00"",""LEN"":""28"",""Datasheet"":"""",""RoHS Status"":"""",""Moisture Sensitivity Level (MSL)"":"""",""ECCN"":"""",""HTSUS"":"""",""Country of Origin"":""""}}]"
PMR-000253,Imported - Pending Verification,Bourns Inc.,SMBJ7.0A,,TVS-SMD-7v0-1ch-600w-00,TVS DIODE 7VWM 12VC DO214AA,TVS,https://www.bourns.com/docs/Product-Datasheets/SMBJ.pdf,AIPN Parts Master.xlsx,My Lists Worksheet,No,bournsinc | smbj7.0a,257,"[{""source_row"":257,""values"":{""AIPN"":"""",""Family"":""TVS"",""Value"":""7"",""Case"":""DO-214AA"",""Image"":"""",""Description"":""TVS DIODE 7VWM 12VC DO214AA"",""Manufacturer Name"":""Bourns Inc."",""Manufacturer Part Number"":""SMBJ7.0A"",""Lifecycle"":""Active"",""Leadtime(WKS)"":""29"",""Case2"":""SMB"",""Case3"":""SMD"",""Case Displayed as"":""SMD"",""Param #1"":""7v0"",""Param #2"":""1ch"",""Param #3"":""600w"",""Param #4"":"""",""Rev"":""0"",""Params used"":""6"",""AIPN Occurrence"":""1"",""AIPN - OLD"":""TVS-SMD-7v0-1ch-600w-00"",""LEN"":""23"",""Datasheet"":""https://www.bourns.com/docs/Product-Datasheets/SMBJ.pdf"",""RoHS Status"":""ROHS3 Compliant"",""Moisture Sensitivity Level (MSL)"":""Active"",""ECCN"":""EAR99"",""HTSUS"":""8541.10.0080"",""Country of Origin"":""Taiwan""}}]"
PMR-000254,Imported - Pending Verification,ST Micro,USBLC6-2SC6,,TVS-SMD-17v-5A-2ch-00,13V Clamp 6A (8/20µs) Ipp Tvs Diode Surface Mount SOT-23-6,TVS,,AIPN Parts Master.xlsx,My Lists Worksheet,No,stmicro | usblc6-2sc6,258,"[{""source_row"":258,""values"":{""AIPN"":"""",""Family"":""TVS"",""Value"":""13"",""Case"":""SOT-23-6"",""Image"":"""",""Description"":""13V Clamp 6A (8/20µs) Ipp Tvs Diode Surface Mount SOT-23-6"",""Manufacturer Name"":""ST Micro"",""Manufacturer Part Number"":""USBLC6-2SC6"",""Lifecycle"":"""",""Leadtime(WKS)"":"""",""Case2"":""SOT-23-6"",""Case3"":""SMD"",""Case Displayed as"":""SMD"",""Param #1"":""17v"",""Param #2"":""5A"",""Param #3"":""2ch"",""Param #4"":"""",""Rev"":""0"",""Params used"":""6"",""AIPN Occurrence"":""1"",""AIPN - OLD"":""TVS-SMD-17v-5A-2ch-00"",""LEN"":""21"",""Datasheet"":"""",""RoHS Status"":"""",""Moisture Sensitivity Level (MSL)"":"""",""ECCN"":"""",""HTSUS"":"""",""Country of Origin"":""""}}]"
PMR-000255,Imported - Pending Verification,Semtech,UCLAMP2411ZATFT,,TVS-0201-45v-3A-1ch-BiDir-00,TVS DIODE 24VWM 45V SLP0603P2X3F,TVS,https://mm.digikey.com/Volume0/opasdata/d220001/medias/docus/6350/UCLAMP2411ZATFT.pdf,AIPN Parts Master.xlsx,My Lists Worksheet,No,semtech | uclamp2411zatft,259,"[{""source_row"":259,""values"":{""AIPN"":"""",""Family"":""TVS"",""Value"":""24"",""Case"":""0603"",""Image"":"""",""Description"":""TVS DIODE 24VWM 45V SLP0603P2X3F"",""Manufacturer Name"":""Semtech"",""Manufacturer Part Number"":""UCLAMP2411ZATFT"",""Lifecycle"":""Active"",""Leadtime(WKS)"":""13"",""Case2"":""201"",""Case3"":""SMD"",""Case Displayed as"":""0201"",""Param #1"":""45v"",""Param #2"":""3A"",""Param #3"":""1ch"",""Param #4"":""BiDir"",""Rev"":""0"",""Params used"":""7"",""AIPN Occurrence"":""1"",""AIPN - OLD"":""TVS-0201-45v-3A-1ch-BiDir-00"",""LEN"":""28"",""Datasheet"":""https://mm.digikey.com/Volume0/opasdata/d220001/medias/docus/6350/UCLAMP2411ZATFT.pdf"",""RoHS Status"":""RoHS Compliant"",""Moisture Sensitivity Level (MSL)"":""Active"",""ECCN"":""EAR99"",""HTSUS"":""8541.10.0080"",""Country of Origin"":""China""}}]"
PMR-000256,Imported - Pending Verification,EVVO,PESD1CAN,,TVS-SMD-24v-2ch-BiDir-200w-00,TVS DIODE 24VWM 70VC SOT23,TVS,https://mm.digikey.com/Volume0/opasdata/d220001/medias/docus/7158/5272_PESD1CAN.pdf,AIPN Parts Master.xlsx,My Lists Worksheet,No,evvo | pesd1can,260,"[{""source_row"":260,""values"":{""AIPN"":"""",""Family"":""TVS"",""Value"":""24"",""Case"":"""",""Image"":"""",""Description"":""TVS DIODE 24VWM 70VC SOT23"",""Manufacturer Name"":""EVVO"",""Manufacturer Part Number"":""PESD1CAN"",""Lifecycle"":""Active"",""Leadtime(WKS)"":""3"",""Case2"":""SOT-23-3"",""Case3"":""SMD"",""Case Displayed as"":""SMD"",""Param #1"":""24v"",""Param #2"":""2ch"",""Param #3"":""BiDir"",""Param #4"":""200w"",""Rev"":""0"",""Params used"":""7"",""AIPN Occurrence"":""1"",""AIPN - OLD"":""TVS-SMD-24v-2ch-BiDir-200w-00"",""LEN"":""29"",""Datasheet"":""https://mm.digikey.com/Volume0/opasdata/d220001/medias/docus/7158/5272_PESD1CAN.pdf"",""RoHS Status"":""ROHS3 Compliant"",""Moisture Sensitivity Level (MSL)"":""Active"",""ECCN"":""EAR99"",""HTSUS"":""8541.10.0080"",""Country of Origin"":""China""}}]"
PMR-000257,Imported - Pending Verification,STMicroelectronics,ESDA25LY,,TVS-SMD-24v-2ch-UniDir-300w-00,TVS DIODE 24VWM 43VC SOT23-3,TVS,https://www.st.com/resource/en/datasheet/dm00035279.pdf,AIPN Parts Master.xlsx,My Lists Worksheet,No,stmicroelectronics | esda25ly,261,"[{""source_row"":261,""values"":{""AIPN"":"""",""Family"":""TVS"",""Value"":""24"",""Case"":"""",""Image"":"""",""Description"":""TVS DIODE 24VWM 43VC SOT23-3"",""Manufacturer Name"":""STMicroelectronics"",""Manufacturer Part Number"":""ESDA25LY"",""Lifecycle"":""Active"",""Leadtime(WKS)"":""15"",""Case2"":""SOT-23-3"",""Case3"":""SMD"",""Case Displayed as"":""SMD"",""Param #1"":""24v"",""Param #2"":""2ch"",""Param #3"":""UniDir"",""Param #4"":""300w"",""Rev"":""0"",""Params used"":""7"",""AIPN Occurrence"":""1"",""AIPN - OLD"":""TVS-SMD-24v-2ch-UniDir-300w-00"",""LEN"":""30"",""Datasheet"":""https://www.st.com/resource/en/datasheet/dm00035279.pdf"",""RoHS Status"":""ROHS3 Compliant"",""Moisture Sensitivity Level (MSL)"":""Active"",""ECCN"":""EAR99"",""HTSUS"":""8541.10.0080"",""Country of Origin"":""Malaysia""}}]"
PMR-000258,Imported - Pending Verification,Semtech,TDS2221PW,,TVS-SMD-28v-2A-1ch-UniDir-00,28V Clamp 2A Ipp Tvs Diode Surface Mount 2-DFN (1.6x1),TVS,,AIPN Parts Master.xlsx,My Lists Worksheet,No,semtech | tds2221pw,262,"[{""source_row"":262,""values"":{""AIPN"":"""",""Family"":""TVS"",""Value"":""28"",""Case"":""UDFN-2"",""Image"":"""",""Description"":""28V Clamp 2A Ipp Tvs Diode Surface Mount 2-DFN (1.6x1)"",""Manufacturer Name"":""Semtech"",""Manufacturer Part Number"":""TDS2221PW"",""Lifecycle"":"""",""Leadtime(WKS)"":"""",""Case2"":""DFN-2"",""Case3"":""SMD"",""Case Displayed as"":""SMD"",""Param #1"":""28v"",""Param #2"":""2A"",""Param #3"":""1ch"",""Param #4"":""UniDir"",""Rev"":""0"",""Params used"":""7"",""AIPN Occurrence"":""1"",""AIPN - OLD"":""TVS-SMD-28v-2A-1ch-UniDir-00"",""LEN"":""28"",""Datasheet"":"""",""RoHS Status"":"""",""Moisture Sensitivity Level (MSL)"":"""",""ECCN"":"""",""HTSUS"":"""",""Country of Origin"":""""}}]"
PMR-000259,Imported - Pending Verification,TI,TPD8S300ARUKR,,TVS-SMD-8v-USBC-1-00,TPD8S300ARUKR USB TYPEC,TVS,https://www.ti.com/general/docs/suppproductinfo.tsp?distId=10&gotoUrl=https%3A%2F%2Fwww.ti.com%2Flit%2Fgpn%2Ftpd8s300a,AIPN Parts Master.xlsx,My Lists Worksheet,No,ti | tpd8s300arukr,263,"[{""source_row"":263,""values"":{""AIPN"":"""",""Family"":""TVS"",""Value"":"""",""Case"":"""",""Image"":"""",""Description"":""TPD8S300ARUKR USB TYPEC"",""Manufacturer Name"":""TI"",""Manufacturer Part Number"":""TPD8S300ARUKR"",""Lifecycle"":""Active"",""Leadtime(WKS)"":""9"",""Case2"":""WQFN-20"",""Case3"":""SMD"",""Case Displayed as"":""SMD"",""Param #1"":""8v"",""Param #2"":""USBC"",""Param #3"":""1"",""Param #4"":"""",""Rev"":""0"",""Params used"":""6"",""AIPN Occurrence"":""1"",""AIPN - OLD"":""TVS-SMD-8v-USBC-1-00"",""LEN"":""20"",""Datasheet"":""https://www.ti.com/general/docs/suppproductinfo.tsp?distId=10&gotoUrl=https%3A%2F%2Fwww.ti.com%2Flit%2Fgpn%2Ftpd8s300a"",""RoHS Status"":""ROHS3 Compliant"",""Moisture Sensitivity Level (MSL)"":""Active"",""ECCN"":""EAR99"",""HTSUS"":""8542.39.0090"",""Country of Origin"":""China""}}]"
PMR-000260,Imported - Pending Verification,TI,TPD6S300ARUKR,,TVS-SMD-8v-USBC-2-00,TPD6S300A USB TYPEC,TVS,https://www.ti.com/lit/ds/symlink/tpd6s300a.pdf,AIPN Parts Master.xlsx,My Lists Worksheet,No,ti | tpd6s300arukr,264,"[{""source_row"":264,""values"":{""AIPN"":"""",""Family"":""TVS"",""Value"":"""",""Case"":"""",""Image"":"""",""Description"":""TPD6S300A USB TYPEC"",""Manufacturer Name"":""TI"",""Manufacturer Part Number"":""TPD6S300ARUKR"",""Lifecycle"":""Active"",""Leadtime(WKS)"":""16"",""Case2"":""WQFN-20"",""Case3"":""SMD"",""Case Displayed as"":""SMD"",""Param #1"":""8v"",""Param #2"":""USBC"",""Param #3"":""2"",""Param #4"":"""",""Rev"":""0"",""Params used"":""6"",""AIPN Occurrence"":""1"",""AIPN - OLD"":""TVS-SMD-8v-USBC-2-00"",""LEN"":""20"",""Datasheet"":""https://www.ti.com/lit/ds/symlink/tpd6s300a.pdf"",""RoHS Status"":""ROHS3 Compliant"",""Moisture Sensitivity Level (MSL)"":""Active"",""ECCN"":""EAR99"",""HTSUS"":""8542.39.0090"",""Country of Origin"":""United States""}}]"
